CID,1401,2375,3218,3385,3796,4261,4993,5208,5291,5311,5394,5746,6253,8249,31703,36314,36462,42640,60750,65110,76044,82146,104842,123631,126565,126941,148124,156422,159324,160355,176158,176167,176870,208908,216239,216326,300471,387447,444795,446378,447912,448013,462382,521106,560326,637858,644215,644241,704473,2314623,2726824,2733526,3005532,3062316,3463933,4263900,5113032,5278396,5280757,5289247,5311497,5311510,5327091,5328940,5329102,5330286,5384616,5459322,5460769,5494449,5717801,6445533,6445562,6450551,6450816,6505803,6710780,6753378,6852167,6914657,6918289,6918454,6918638,6918848,7251185,9549184,9810884,9813758,9826308,9826528,9858940,9863776,9868037,9874913,9884685,9903786,9907093,9910224,9911830,9914412,9931953,9938202,9943465,9952773,9956119,9956222,9967941,10027278,10074640,10077147,10096043,10109823,10113978,10127622,10172943,10184653,10196499,10200390,10302451,10341154,10384072,10390396,10451420,10459196,10461815,11152667,11178236,11282283,11316960,11327430,11338033,11364421,11373846,11404337,11433190,11455910,11485656,11493598,11609586,11617559,11624601,11625818,11626560,11626927,11634725,11640390,11647372,11667893,11676786,11707110,11713159,11754511,11844351,11960529,11977753,16038120,16095342,16663089,16720766,16722836,16725726,16747388,16760646,17755052,20635522,23725625,24180719,24756910,24772860,24776445,24785538,24825971,24826799,24889392,24894414,24951314,24978538,25022668,25102847,25124816,25126798,25167777,25195352,25222038,25257557,25262965,42642645,44137675,44143370,44182295,44224160,44450571,44462760,44551660,44632017,44819241,46191454,46224516,46843772,46844147,46883536,46885626,46907787,46930998,46931012,46943432,49806720,49821040,49836027,51371303,53302361,53340664,53394750,54676905,54685215,56962337,56965967,57339144,66577006,71271629,85668777
1401,1.0,0.15625,0.14345991561181434,0.055248618784530384,0.24193548387096775,0.15730337078651685,0.16744186046511628,0.13043478260869565,0.20195439739413681,0.17467248908296942,0.11822660098522167,0.12295081967213115,0.07547169811320754,0.0861244019138756,0.14521452145214522,0.11886304909560723,0.1580547112462006,0.0782608695652174,0.07476635514018691,0.08695652173913043,0.104,0.1686746987951807,0.16974169741697417,0.21201413427561838,0.10884353741496598,0.20640569395017794,0.14673913043478262,0.21019108280254778,0.16783216783216784,0.21875,0.136,0.12025316455696203,0.21818181818181817,0.19195046439628483,0.20938628158844766,0.09777777777777778,0.125,0.15625,0.08547008547008547,0.15432098765432098,0.09486166007905138,0.11072664359861592,0.16727272727272727,0.10980392156862745,0.11458333333333333,0.19166666666666668,0.22568093385214008,0.21935483870967742,0.14655172413793102,0.09649122807017543,0.12875536480686695,0.16091954022988506,0.19330855018587362,0.21453287197231835,0.13852813852813853,0.21641791044776118,0.1085972850678733,0.1259259259259259,0.10864197530864197,0.14222222222222222,0.17754569190600522,0.1867704280155642,0.15444015444015444,0.22666666666666666,0.26865671641791045,0.18118466898954705,0.0784313725490196,0.15272727272727274,0.15180265654648956,0.18815331010452963,0.14705882352941177,0.16417910447761194,0.2332155477031802,0.15441176470588236,0.19607843137254902,0.18471337579617833,0.17435897435897435,0.125,0.19753086419753085,0.15328467153284672,0.14187643020594964,0.16,0.11764705882352941,0.1350210970464135,0.0611353711790393,0.187683284457478,0.1518987341772152,0.2077922077922078,0.21830985915492956,0.16666666666666666,0.2125984251968504,0.16923076923076924,0.17857142857142858,0.23255813953488372,0.1596958174904943,0.15384615384615385,0.1444866920152091,0.2066420664206642,0.26148409893992935,0.21587301587301588,0.15849056603773584,0.17880794701986755,0.13333333333333333,0.2140221402214022,0.22614840989399293,0.17880794701986755,0.22568093385214008,0.17064846416382254,0.18360655737704917,0.22895622895622897,0.1672473867595819,0.19548872180451127,0.20363636363636364,0.2,0.176056338028169,0.21232876712328766,0.142433234421365,0.25092250922509224,0.16352201257861634,0.16216216216216217,0.13076923076923078,0.14915254237288136,0.1076923076923077,0.16326530612244897,0.13333333333333333,0.152,0.19771863117870722,0.13559322033898305,0.17627118644067796,0.11307420494699646,0.1349206349206349,0.21428571428571427,0.18181818181818182,0.17670682730923695,0.18181818181818182,0.18892508143322476,0.18726591760299627,0.14615384615384616,0.13793103448275862,0.23754789272030652,0.26877470355731226,0.1773049645390071,0.15272727272727274,0.20567375886524822,0.21379310344827587,0.1602787456445993,0.10869565217391304,0.19330855018587362,0.21305841924398625,0.16326530612244897,0.2206896551724138,0.22857142857142856,0.23052959501557632,0.11711711711711711,0.1848184818481848,0.2,0.21084337349397592,0.20161290322580644,0.12631578947368421,0.25165562913907286,0.17454545454545456,0.21122112211221122,0.18705035971223022,0.16,0.2125,0.127208480565371,0.1937984496124031,0.2569444444444444,0.1366906474820144,0.1803921568627451,0.18181818181818182,0.18666666666666668,0.17891373801916932,0.22910216718266255,0.1643835616438356,0.2624113475177305,0.13138686131386862,0.16727272727272727,0.2119205298013245,0.20947630922693267,0.12749003984063745,0.19333333333333333,0.16938110749185667,0.15384615384615385,0.16613418530351437,0.19112627986348124,0.1924198250728863,0.16176470588235295,0.18241042345276873,0.17358490566037735,0.17454545454545456,0.16279069767441862,0.20350877192982456,0.21455938697318008,0.18032786885245902,0.16541353383458646,0.12698412698412698,0.1758957654723127,0.2,0.21016949152542372,0.17391304347826086,0.22077922077922077,0.22878228782287824,0.14184397163120568,0.19081272084805653,0.24817518248175183,0.152317880794702,0.2152777777777778,0.17595307917888564,0.17293233082706766,0.20307692307692307,0.1853035143769968,0.1348314606741573,0.12380952380952381,0.13385826771653545,0.2459546925566343,0.1488673139158576,0.08888888888888889,0.1750841750841751,0.1532258064516129,0.16593886462882096
2375,0.15625,1.0,0.11764705882352941,0.12213740458015267,0.15151515151515152,0.2304147465437788,0.18181818181818182,0.17777777777777778,0.22568093385214008,0.18994413407821228,0.11764705882352941,0.12371134020618557,0.09876543209876543,0.12578616352201258,0.1422924901185771,0.1543026706231454,0.0931899641577061,0.1111111111111111,0.12195121951219512,0.1,0.22,0.21105527638190955,0.15384615384615385,0.18025751072961374,0.16393442622950818,0.19913419913419914,0.16352201257861634,0.21212121212121213,0.1864406779661017,0.1650485436893204,0.2,0.15789473684210525,0.17777777777777778,0.23443223443223443,0.3524229074889868,0.14857142857142858,0.1941747572815534,0.18446601941747573,0.07608695652173914,0.08029197080291971,0.33497536945812806,0.08368200836820083,0.14222222222222222,0.18536585365853658,0.11267605633802817,0.15789473684210525,0.2028985507246377,0.24615384615384617,0.21978021978021978,0.15730337078651685,0.24043715846994534,0.1895734597156398,0.228310502283105,0.17573221757322174,0.26519337016574585,0.1834862385321101,0.16374269005847952,0.16363636363636364,0.07323943661971831,0.17142857142857143,0.13813813813813813,0.30917874396135264,0.16267942583732056,0.16,0.2018348623853211,0.14345991561181434,0.16883116883116883,0.26666666666666666,0.07547169811320754,0.20253164556962025,0.1981981981981982,0.22018348623853212,0.26609442060085836,0.2072072072072072,0.234375,0.14393939393939395,0.13529411764705881,0.17117117117117117,0.24870466321243523,0.16071428571428573,0.10852713178294573,0.23,0.2872340425531915,0.27807486631016043,0.0670391061452514,0.16494845360824742,0.25668449197860965,0.16574585635359115,0.2564102564102564,0.24752475247524752,0.18627450980392157,0.1523809523809524,0.28695652173913044,0.2151394422310757,0.1596244131455399,0.32748538011695905,0.1784037558685446,0.2171945701357466,0.1888412017167382,0.21132075471698114,0.23255813953488372,0.20634920634920634,0.17894736842105263,0.22624434389140272,0.20600858369098712,0.1984126984126984,0.1932367149758454,0.2880658436213992,0.22745098039215686,0.20242914979757085,0.1940928270042194,0.19444444444444445,0.24,0.20952380952380953,0.1623931623931624,0.2066115702479339,0.14634146341463414,0.19004524886877827,0.11940298507462686,0.28708133971291866,0.19047619047619047,0.16326530612244897,0.14285714285714285,0.1885245901639344,0.20714285714285716,0.22,0.16901408450704225,0.16326530612244897,0.17959183673469387,0.17167381974248927,0.16831683168316833,0.14728682170542637,0.3022222222222222,0.16080402010050251,0.18604651162790697,0.311284046692607,0.2672811059907834,0.1523809523809524,0.20853080568720378,0.1990521327014218,0.22660098522167488,0.1896551724137931,0.1511111111111111,0.22413793103448276,0.23333333333333334,0.17721518987341772,0.11504424778761062,0.2557077625570776,0.2821576763485477,0.23770491803278687,0.30833333333333335,0.2,0.1918819188191882,0.1511627906976744,0.20553359683794467,0.17777777777777778,0.19858156028368795,0.20202020202020202,0.19574468085106383,0.25396825396825395,0.11555555555555555,0.26877470355731226,0.14035087719298245,0.16,0.1925925925925926,0.2145922746781116,0.25961538461538464,0.20168067226890757,0.22807017543859648,0.33170731707317075,0.21052631578947367,0.192,0.311787072243346,0.21978021978021978,0.1487603305785124,0.2413793103448276,0.21606648199445982,0.18666666666666668,0.2777777777777778,0.19373219373219372,0.13930348258706468,0.248,0.20233463035019456,0.183206106870229,0.17490494296577946,0.14814814814814814,0.2593856655290102,0.1981981981981982,0.2178988326848249,0.23255813953488372,0.1511111111111111,0.19230769230769232,0.2553191489361702,0.14218009478672985,0.24742268041237114,0.25,0.10891089108910891,0.08560311284046693,0.176,0.16326530612244897,0.35398230088495575,0.21705426356589147,0.18099547511312217,0.1724137931034483,0.24892703862660945,0.22321428571428573,0.15873015873015872,0.19327731092436976,0.24054982817869416,0.21296296296296297,0.28363636363636363,0.3041825095057034,0.2488479262672811,0.2375,0.23529411764705882,0.2084942084942085,0.22393822393822393,0.1660377358490566,0.23481781376518218,0.2727272727272727,0.16759776536312848
3218,0.14345991561181434,0.11764705882352941,1.0,0.14285714285714285,0.1005586592178771,0.10101010101010101,0.1232876712328767,0.2360248447204969,0.07563025210084033,0.2125,0.11940298507462686,0.13714285714285715,0.11188811188811189,0.07142857142857142,0.1452991452991453,0.07547169811320754,0.09230769230769231,0.08695652173913043,0.1103448275862069,0.09937888198757763,0.07734806629834254,0.1,0.16831683168316833,0.102803738317757,0.10666666666666667,0.1320754716981132,0.0802675585284281,0.08163265306122448,0.08294930875576037,0.12834224598930483,0.12154696132596685,0.09716599190283401,0.10679611650485436,0.10236220472440945,0.08653846153846154,0.1282051282051282,0.0748663101604278,0.10695187165775401,0.06060606060606061,0.22745098039215686,0.08695652173913043,0.10909090909090909,0.08737864077669903,0.10752688172043011,0.06504065040650407,0.11695906432748537,0.11702127659574468,0.06639004149377593,0.08588957055214724,0.11320754716981132,0.0975609756097561,0.10416666666666667,0.12,0.1,0.1111111111111111,0.09045226130653267,0.09210526315789473,0.07960199004975124,0.08333333333333333,0.1282051282051282,0.08280254777070063,0.07446808510638298,0.17894736842105263,0.09523809523809523,0.1507537688442211,0.09174311926605505,0.02962962962962963,0.1262135922330097,0.09606986899563319,0.07339449541284404,0.059113300492610835,0.1507537688442211,0.102803738317757,0.07881773399014778,0.1350210970464135,0.1306122448979592,0.08722741433021806,0.11822660098522167,0.13793103448275862,0.1073170731707317,0.08695652173913043,0.08839779005524862,0.08284023668639054,0.09523809523809523,0.0875,0.0661764705882353,0.09523809523809523,0.1111111111111111,0.08372093023255814,0.12021857923497267,0.07567567567567568,0.14659685863874344,0.07582938388625593,0.08620689655172414,0.08247422680412371,0.10526315789473684,0.09278350515463918,0.0891089108910891,0.07476635514018691,0.0975609756097561,0.1326530612244898,0.15450643776824036,0.10526315789473684,0.09900990099009901,0.08411214953271028,0.060085836909871244,0.07446808510638298,0.07142857142857142,0.07627118644067797,0.10526315789473684,0.1743119266055046,0.09137055837563451,0.08737864077669903,0.11518324607329843,0.08372093023255814,0.08071748878923767,0.06716417910447761,0.07920792079207921,0.07228915662650602,0.08421052631578947,0.1256544502617801,0.09734513274336283,0.11518324607329843,0.12444444444444444,0.09195402298850575,0.08839779005524862,0.15463917525773196,0.061946902654867256,0.08849557522123894,0.07476635514018691,0.08743169398907104,0.100418410041841,0.0970873786407767,0.08888888888888889,0.08368200836820083,0.11764705882352941,0.08080808080808081,0.06282722513089005,0.09375,0.09375,0.11956521739130435,0.10328638497652583,0.06796116504854369,0.09389671361502347,0.09049773755656108,0.07339449541284404,0.057971014492753624,0.09,0.09009009009009009,0.09777777777777778,0.09954751131221719,0.0947867298578199,0.06349206349206349,0.0915032679738562,0.07692307692307693,0.07171314741035857,0.09125475285171103,0.1564245810055866,0.09259259259259259,0.0944206008583691,0.10679611650485436,0.06837606837606838,0.14354066985645933,0.08658008658008658,0.0796812749003984,0.09345794392523364,0.13756613756613756,0.1917808219178082,0.10526315789473684,0.0967741935483871,0.07017543859649122,0.09523809523809523,0.07377049180327869,0.07874015748031496,0.11659192825112108,0.19718309859154928,0.07602339181286549,0.07766990291262135,0.07725321888412018,0.06626506024096386,0.06593406593406594,0.07792207792207792,0.08403361344537816,0.04938271604938271,0.09016393442622951,0.08035714285714286,0.0948905109489051,0.10837438423645321,0.08403361344537816,0.1326530612244898,0.0970873786407767,0.09523809523809523,0.08333333333333333,0.07291666666666667,0.13714285714285715,0.09137055837563451,0.07650273224043716,0.09243697478991597,0.1038961038961039,0.07964601769911504,0.10628019323671498,0.09205020920502092,0.0891089108910891,0.07511737089201878,0.102803738317757,0.1073170731707317,0.10300429184549356,0.1004566210045662,0.08823529411764706,0.10152284263959391,0.0859375,0.09016393442622951,0.1111111111111111,0.09929078014184398,0.15135135135135136,0.125,0.1,0.056910569105691054,0.09649122807017543,0.11173184357541899,0.2
3385,0.055248618784530384,0.12213740458015267,0.14285714285714285,1.0,0.06504065040650407,0.08450704225352113,0.08888888888888889,0.1523809523809524,0.054945054945054944,0.07692307692307693,0.1794871794871795,0.13445378151260504,0.11494252873563218,0.047619047619047616,0.0898876404494382,0.05343511450381679,0.058823529411764705,0.09523809523809523,0.1348314606741573,0.09523809523809523,0.08,0.08064516129032258,0.1095890410958904,0.08860759493670886,0.08284023668639054,0.07692307692307693,0.05761316872427984,0.05291005291005291,0.07453416149068323,0.061068702290076333,0.144,0.09424083769633508,0.05333333333333334,0.08080808080808081,0.09210526315789473,0.18,0.07633587786259542,0.07633587786259542,0.05504587155963303,0.06030150753768844,0.109375,0.0975609756097561,0.05333333333333334,0.06153846153846154,0.05970149253731343,0.12173913043478261,0.06060606060606061,0.06486486486486487,0.07476635514018691,0.11650485436893204,0.16666666666666666,0.058823529411764705,0.08333333333333333,0.06097560975609756,0.11320754716981132,0.08391608391608392,0.14583333333333334,0.08275862068965517,0.05,0.18,0.06201550387596899,0.09090909090909091,0.11940298507462686,0.045714285714285714,0.16783216783216784,0.09876543209876543,0.05063291139240506,0.09333333333333334,0.03980099502487562,0.07407407407407407,0.06802721088435375,0.11188811188811189,0.10126582278481013,0.08163265306122448,0.07734806629834254,0.09523809523809523,0.06037735849056604,0.09523809523809523,0.1016949152542373,0.06711409395973154,0.05128205128205128,0.128,0.10619469026548672,0.10714285714285714,0.11538461538461539,0.05555555555555555,0.125,0.07547169811320754,0.07547169811320754,0.12598425196850394,0.09302325581395349,0.11851851851851852,0.07741935483870968,0.056818181818181816,0.057971014492753624,0.16666666666666666,0.08695652173913043,0.0821917808219178,0.06329113924050633,0.05263157894736842,0.17142857142857143,0.07909604519774012,0.12173913043478261,0.0684931506849315,0.0759493670886076,0.05649717514124294,0.09090909090909091,0.07142857142857142,0.05555555555555555,0.06976744186046512,0.09876543209876543,0.05673758865248227,0.08,0.1037037037037037,0.10062893081761007,0.09580838323353294,0.09433962264150944,0.0684931506849315,0.04145077720207254,0.13432835820895522,0.16296296296296298,0.09411764705882353,0.11851851851851852,0.08284023668639054,0.0975609756097561,0.144,0.11594202898550725,0.047058823529411764,0.09411764705882353,0.0759493670886076,0.12598425196850394,0.07650273224043716,0.16,0.11290322580645161,0.08743169398907104,0.06593406593406594,0.1267605633802817,0.07407407407407407,0.10294117647058823,0.058823529411764705,0.078125,0.14012738853503184,0.10666666666666667,0.07643312101910828,0.12121212121212122,0.04938271604938271,0.06622516556291391,0.08333333333333333,0.08433734939759036,0.1301775147928994,0.10909090909090909,0.09032258064516129,0.05102040816326531,0.16494845360824742,0.06741573033707865,0.06153846153846154,0.04830917874396135,0.08130081300813008,0.075,0.06779661016949153,0.06666666666666667,0.06741573033707865,0.05228758169934641,0.08,0.06153846153846154,0.1518987341772152,0.18045112781954886,0.06134969325153374,0.10457516339869281,0.09230769230769231,0.09302325581395349,0.045714285714285714,0.06382978723404255,0.050505050505050504,0.0718562874251497,0.07643312101910828,0.04895104895104895,0.10666666666666667,0.0903954802259887,0.06521739130434782,0.09523809523809523,0.10285714285714286,0.08791208791208792,0.06417112299465241,0.07446808510638298,0.047619047619047616,0.08256880733944955,0.09523809523809523,0.07692307692307693,0.12857142857142856,0.08,0.09022556390977443,0.1125,0.058823529411764705,0.13445378151260504,0.14184397163120568,0.09448818897637795,0.04395604395604396,0.06857142857142857,0.07058823529411765,0.11920529801324503,0.07650273224043716,0.0684931506849315,0.08917197452229299,0.10126582278481013,0.06711409395973154,0.0903954802259887,0.09815950920245399,0.07407407407407407,0.09929078014184398,0.08,0.0851063829787234,0.08450704225352113,0.11764705882352941,0.10852713178294573,0.05434782608695652,0.16304347826086957,0.06315789473684211,0.09302325581395349,0.13008130081300814,0.09615384615384616
3796,0.24193548387096775,0.15151515151515152,0.1005586592178771,0.06504065040650407,1.0,0.12440191387559808,0.16560509554140126,0.16279069767441862,0.17670682730923695,0.10526315789473684,0.1103448275862069,0.11827956989247312,0.07792207792207792,0.07947019867549669,0.18775510204081633,0.1033434650455927,0.23616236162361623,0.09302325581395349,0.07692307692307693,0.08139534883720931,0.09375,0.16753926701570682,0.20657276995305165,0.48,0.1440677966101695,0.16143497757847533,0.1032258064516129,0.1640625,0.18421052631578946,0.18181818181818182,0.17708333333333334,0.13953488372093023,0.4608294930875576,0.3018867924528302,0.182648401826484,0.10778443113772455,0.10101010101010101,0.1414141414141414,0.056818181818181816,0.06015037593984962,0.09230769230769231,0.07792207792207792,0.09216589861751152,0.16243654822335024,0.1044776119402985,0.25274725274725274,0.21105527638190955,0.21428571428571427,0.19540229885057472,0.11764705882352941,0.12571428571428572,0.11822660098522167,0.15165876777251186,0.19047619047619047,0.17341040462427745,0.2857142857142857,0.12269938650306748,0.14150943396226415,0.069164265129683,0.20359281437125748,0.16615384615384615,0.23115577889447236,0.1890547263681592,0.3305785123966942,0.1523809523809524,0.18340611353711792,0.0958904109589041,0.1935483870967742,0.08955223880597014,0.18340611353711792,0.11214953271028037,0.12380952380952381,0.26666666666666666,0.17757009345794392,0.16129032258064516,0.1640625,0.1566265060240964,0.09345794392523364,0.16216216216216217,0.08333333333333333,0.10026385224274406,0.16666666666666666,0.13333333333333333,0.1452513966480447,0.07017543859649122,0.21201413427561838,0.16759776536312848,0.21965317919075145,0.3185840707964602,0.17525773195876287,0.1836734693877551,0.19801980198019803,0.17117117117117117,0.345679012345679,0.1951219512195122,0.147239263803681,0.17560975609756097,0.22535211267605634,0.4,0.41245136186770426,0.18357487922705315,0.1721311475409836,0.17582417582417584,0.19718309859154928,0.18666666666666668,0.18032786885245902,0.21105527638190955,0.1702127659574468,0.1700404858299595,0.1589958158995816,0.16593886462882096,0.15384615384615385,0.23963133640552994,0.2376237623762376,0.19469026548672566,0.38461538461538464,0.14336917562724014,0.3286384976525822,0.25384615384615383,0.15920398009950248,0.18811881188118812,0.17721518987341772,0.1188118811881188,0.1864406779661017,0.125,0.13541666666666666,0.1951219512195122,0.18565400843881857,0.16033755274261605,0.14222222222222222,0.1134020618556701,0.192,0.17511520737327188,0.2513089005235602,0.184,0.17670682730923695,0.18181818181818182,0.16831683168316833,0.15763546798029557,0.2857142857142857,0.2564102564102564,0.22321428571428573,0.18433179723502305,0.32142857142857145,0.20689655172413793,0.18340611353711792,0.11926605504587157,0.1895734597156398,0.22317596566523606,0.17796610169491525,0.21551724137931033,0.1981981981981982,0.23574144486692014,0.10975609756097561,0.19591836734693877,0.20610687022900764,0.18248175182481752,0.21052631578947367,0.19383259911894274,0.19672131147540983,0.14746543778801843,0.20408163265306123,0.09090909090909091,0.15702479338842976,0.19083969465648856,0.13333333333333333,0.19,0.46956521739130436,0.14545454545454545,0.19289340101522842,0.17573221757322174,0.17355371900826447,0.17254901960784313,0.17358490566037735,0.10256410256410256,0.15178571428571427,0.10198300283286119,0.17511520737327188,0.3524590163934426,0.19825072886297376,0.16580310880829016,0.23140495867768596,0.2248995983935743,0.18110236220472442,0.17254901960784313,0.2127659574468085,0.24561403508771928,0.17757009345794392,0.20080321285140562,0.2222222222222222,0.20276497695852536,0.18,0.1762114537444934,0.45320197044334976,0.1827956989247312,0.20192307692307693,0.08247422680412371,0.24096385542168675,0.2066115702479339,0.22784810126582278,0.13761467889908258,0.192,0.16901408450704225,0.16964285714285715,0.1688888888888889,0.2037037037037037,0.16393442622950818,0.17391304347826086,0.1696113074204947,0.17307692307692307,0.1947565543071161,0.20392156862745098,0.15311004784688995,0.19736842105263158,0.16326530612244897,0.199203187250996,0.14342629482071714,0.10116731517509728,0.23430962343096234,0.22105263157894736,0.11695906432748537
4261,0.15730337078651685,0.2304147465437788,0.10101010101010101,0.08450704225352113,0.12440191387559808,1.0,0.19318181818181818,0.14659685863874344,0.3880597014925373,0.25263157894736843,0.12195121951219512,0.13658536585365855,0.11560693641618497,0.23529411764705882,0.13636363636363635,0.22413793103448276,0.07586206896551724,0.10471204188481675,0.11428571428571428,0.1256544502617801,0.2938388625592417,0.20952380952380953,0.13793103448275862,0.14754098360655737,0.18823529411764706,0.2644628099173554,0.2066869300911854,0.27636363636363637,0.242914979757085,0.2488479262672811,0.21800947867298578,0.23104693140794225,0.1694915254237288,0.2605633802816901,0.29411764705882354,0.1827956989247312,0.2857142857142857,0.3225806451612903,0.06153846153846154,0.08421052631578947,0.24299065420560748,0.072,0.2627118644067797,0.26851851851851855,0.13071895424836602,0.13930348258706468,0.22935779816513763,0.3025830258302583,0.23834196891191708,0.1693121693121693,0.15463917525773196,0.32432432432432434,0.2956521739130435,0.192,0.19791666666666666,0.17467248908296942,0.15384615384615385,0.2077922077922078,0.07650273224043716,0.17204301075268819,0.1686046511627907,0.27522935779816515,0.12727272727272726,0.13026819923371646,0.16593886462882096,0.14516129032258066,0.18181818181818182,0.2288135593220339,0.11065573770491803,0.1774193548387097,0.31759656652360513,0.28820960698689957,0.20491803278688525,0.2832618025751073,0.3146067415730337,0.13090909090909092,0.15954415954415954,0.24892703862660945,0.19607843137254902,0.32340425531914896,0.09045226130653267,0.21800947867298578,0.271356783919598,0.37373737373737376,0.05263157894736842,0.24503311258278146,0.37373737373737376,0.17708333333333334,0.22040816326530613,0.22535211267605634,0.15813953488372093,0.12669683257918551,0.34024896265560167,0.24427480916030533,0.17857142857142858,0.25274725274725274,0.20535714285714285,0.2413793103448276,0.21311475409836064,0.30434782608695654,0.21238938053097345,0.1596958174904943,0.24875621890547264,0.33620689655172414,0.1885245901639344,0.2813688212927757,0.1834862385321101,0.28346456692913385,0.39097744360902253,0.2558139534883721,0.21774193548387097,0.3436123348017621,0.2033898305084746,0.2081447963800905,0.2530612244897959,0.18181818181818182,0.2348993288590604,0.23275862068965517,0.12186379928315412,0.2545454545454545,0.2081447963800905,0.15625,0.12669683257918551,0.17254901960784313,0.15120274914089346,0.23696682464454977,0.25,0.234375,0.2109375,0.22950819672131148,0.24413145539906103,0.18587360594795538,0.2288135593220339,0.19047619047619047,0.21561338289962825,0.27611940298507465,0.2894736842105263,0.23529411764705882,0.3153153153153153,0.27927927927927926,0.21495327102803738,0.23045267489711935,0.15254237288135594,0.205761316872428,0.23904382470119523,0.25806451612903225,0.1350210970464135,0.3130434782608696,0.2777777777777778,0.19607843137254902,0.20717131474103587,0.2157676348547718,0.22695035460992907,0.16393442622950818,0.23484848484848486,0.2206405693950178,0.27986348122866894,0.21052631578947367,0.21138211382113822,0.22813688212927757,0.11016949152542373,0.32575757575757575,0.2594142259414226,0.13793103448275862,0.31316725978647686,0.2459016393442623,0.2009132420091324,0.1927710843373494,0.1506276150627615,0.2962962962962963,0.18604651162790697,0.25287356321839083,0.25547445255474455,0.2112676056338028,0.2134387351778656,0.23868312757201646,0.23118279569892472,0.2542372881355932,0.2737642585551331,0.22099447513812154,0.12264150943396226,0.23754789272030652,0.2462686567164179,0.1684981684981685,0.23357664233576642,0.13385826771653545,0.24342105263157895,0.2317596566523605,0.15671641791044777,0.168141592920354,0.1694915254237288,0.2465753424657534,0.23577235772357724,0.1891891891891892,0.25365853658536586,0.15859030837004406,0.12206572769953052,0.08955223880597014,0.21455938697318008,0.2109375,0.22784810126582278,0.26765799256505574,0.16379310344827586,0.26337448559670784,0.32786885245901637,0.2297872340425532,0.10646387832699619,0.1927710843373494,0.23178807947019867,0.14977973568281938,0.23076923076923078,0.25547445255474455,0.3333333333333333,0.17543859649122806,0.33488372093023255,0.2,0.2962962962962963,0.2246376811594203,0.26356589147286824,0.22966507177033493,0.18947368421052632
4993,0.16744186046511628,0.18181818181818182,0.1232876712328767,0.08888888888888889,0.16560509554140126,0.19318181818181818,1.0,0.2014388489208633,0.18518518518518517,0.11594202898550725,0.14285714285714285,0.1437908496732026,0.1652892561983471,0.1694915254237288,0.14150943396226415,0.10135135135135136,0.09243697478991597,0.14388489208633093,0.16260162601626016,0.11510791366906475,0.16352201257861634,0.189873417721519,0.2,0.1875,0.16748768472906403,0.29473684210526313,0.10108303249097472,0.15246636771300448,0.2564102564102564,0.21818181818181817,0.2389937106918239,0.1511111111111111,0.17391304347826086,0.1896551724137931,0.1935483870967742,0.19402985074626866,0.14545454545454545,0.14545454545454545,0.04195804195804196,0.05150214592274678,0.14814814814814814,0.08080808080808081,0.09782608695652174,0.17073170731707318,0.039603960396039604,0.1342281879194631,0.26506024096385544,0.1735159817351598,0.2553191489361702,0.16058394160583941,0.2676056338028169,0.17647058823529413,0.1797752808988764,0.20202020202020202,0.2714285714285714,0.1694915254237288,0.23076923076923078,0.1564245810055866,0.050955414012738856,0.208955223880597,0.1095890410958904,0.21686746987951808,0.21428571428571427,0.14354066985645933,0.15819209039548024,0.16326530612244897,0.12389380530973451,0.16304347826086957,0.09174311926605505,0.19387755102040816,0.15469613259668508,0.15819209039548024,0.1875,0.1878453038674033,0.21395348837209302,0.11659192825112108,0.10033444816053512,0.12154696132596685,0.25,0.12021857923497267,0.06936416184971098,0.2138364779874214,0.14965986394557823,0.1643835616438356,0.07246376811594203,0.176,0.2191780821917808,0.2571428571428571,0.16580310880829016,0.18633540372670807,0.25766871165644173,0.14201183431952663,0.1693121693121693,0.17142857142857143,0.20930232558139536,0.27692307692307694,0.1744186046511628,0.23333333333333334,0.1875,0.16071428571428573,0.21839080459770116,0.14218009478672985,0.20134228187919462,0.24444444444444444,0.23958333333333334,0.1990521327014218,0.25301204819277107,0.18811881188118812,0.18691588785046728,0.1650485436893204,0.20408163265306123,0.21714285714285714,0.20652173913043478,0.20118343195266272,0.21761658031088082,0.1791044776119403,0.17886178861788618,0.2222222222222222,0.15859030837004406,0.21428571428571427,0.20118343195266272,0.17647058823529413,0.15384615384615385,0.17733990147783252,0.1506276150627615,0.16352201257861634,0.18604651162790697,0.16666666666666666,0.20588235294117646,0.14583333333333334,0.17391304347826086,0.16589861751152074,0.17391304347826086,0.17721518987341772,0.2119815668202765,0.14814814814814814,0.25,0.22485207100591717,0.18823529411764706,0.3058823529411765,0.2345679012345679,0.2094240837696335,0.22826086956521738,0.15706806282722513,0.23115577889447236,0.24489795918367346,0.17297297297297298,0.20224719101123595,0.16,0.1477832512315271,0.18090452261306533,0.1693121693121693,0.1565217391304348,0.1984732824427481,0.1792452830188679,0.17467248908296942,0.1908713692946058,0.34394904458598724,0.16494845360824742,0.18009478672985782,0.17391304347826086,0.18867924528301888,0.10695187165775401,0.1722488038277512,0.14847161572052403,0.17708333333333334,0.2275449101796407,0.16243654822335024,0.16042780748663102,0.21951219512195122,0.1650485436893204,0.20095693779904306,0.16216216216216217,0.1896551724137931,0.14925373134328357,0.18848167539267016,0.16875,0.18478260869565216,0.15165876777251186,0.15483870967741936,0.1625,0.18181818181818182,0.1574074074074074,0.16289592760180996,0.17117117117117117,0.21782178217821782,0.1349206349206349,0.16574585635359115,0.17592592592592593,0.16091954022988506,0.1956521739130435,0.20359281437125748,0.2268041237113402,0.2,0.23529411764705882,0.19428571428571428,0.07453416149068323,0.12962962962962962,0.19138755980861244,0.17647058823529413,0.2918918918918919,0.20276497695852536,0.3333333333333333,0.2198952879581152,0.16666666666666666,0.32786885245901637,0.16113744075829384,0.2131979695431472,0.168,0.21714285714285714,0.15384615384615385,0.16216216216216217,0.18181818181818182,0.15126050420168066,0.18404907975460122,0.1926605504587156,0.13761467889908258,0.10714285714285714,0.17475728155339806,0.1910828025477707,0.15942028985507245
5208,0.13043478260869565,0.17777777777777778,0.2360248447204969,0.1523809523809524,0.16279069767441862,0.14659685863874344,0.2014388489208633,1.0,0.1471861471861472,0.1437908496732026,0.14173228346456693,0.17857142857142858,0.16176470588235295,0.12030075187969924,0.24669603524229075,0.15434083601286175,0.1422924901185771,0.12987012987012986,0.14492753623188406,0.12987012987012986,0.14942528735632185,0.18497109826589594,0.22564102564102564,0.13526570048309178,0.1743119266055046,0.1951219512195122,0.1506849315068493,0.14285714285714285,0.1523809523809524,0.16666666666666666,0.19540229885057472,0.15,0.1507537688442211,0.12955465587044535,0.15920398009950248,0.20134228187919462,0.14444444444444443,0.17777777777777778,0.12658227848101267,0.12096774193548387,0.13559322033898305,0.15023474178403756,0.1407035175879397,0.22346368715083798,0.10344827586206896,0.18292682926829268,0.143646408839779,0.13675213675213677,0.14102564102564102,0.18421052631578946,0.16560509554140126,0.14054054054054055,0.16580310880829016,0.16901408450704225,0.18064516129032257,0.1875,0.16551724137931034,0.14432989690721648,0.11550151975683891,0.21476510067114093,0.13029315960912052,0.143646408839779,0.22950819672131148,0.11607142857142858,0.20833333333333334,0.18009478672985782,0.109375,0.19095477386934673,0.09312638580931264,0.15165876777251186,0.1326530612244898,0.16666666666666666,0.17391304347826086,0.16326530612244897,0.1826086956521739,0.19327731092436976,0.1337579617834395,0.16326530612244897,0.2275449101796407,0.12121212121212122,0.12188365650969529,0.1724137931034483,0.16049382716049382,0.18633540372670807,0.10457516339869281,0.13584905660377358,0.17391304347826086,0.18064516129032257,0.16346153846153846,0.2159090909090909,0.15730337078651685,0.22826086956521738,0.14705882352941177,0.16,0.1497326203208556,0.1793103448275862,0.1711229946524064,0.1641025641025641,0.15458937198067632,0.13389121338912133,0.21164021164021163,0.13274336283185842,0.1951219512195122,0.17435897435897435,0.13526570048309178,0.12389380530973451,0.15469613259668508,0.1382488479262673,0.14847161572052403,0.13574660633484162,0.23696682464454977,0.1368421052631579,0.16080402010050251,0.18478260869565216,0.14423076923076922,0.16666666666666666,0.11494252873563218,0.1641025641025641,0.11570247933884298,0.16393442622950818,0.21739130434782608,0.182648401826484,0.16304347826086957,0.23853211009174313,0.15748031496062992,0.14942528735632185,0.21390374331550802,0.1278538812785388,0.1461187214611872,0.13526570048309178,0.14772727272727273,0.16379310344827586,0.1708542713567839,0.18497109826589594,0.16379310344827586,0.2077922077922078,0.15706806282722513,0.14130434782608695,0.12972972972972974,0.16216216216216217,0.192090395480226,0.1650485436893204,0.1407035175879397,0.1650485436893204,0.16822429906542055,0.13270142180094788,0.12,0.16580310880829016,0.16744186046511628,0.1834862385321101,0.16822429906542055,0.13725490196078433,0.1306122448979592,0.1643835616438356,0.14096916299559473,0.13934426229508196,0.125,0.20930232558139536,0.1339712918660287,0.1504424778761062,0.12060301507537688,0.14096916299559473,0.13861386138613863,0.14285714285714285,0.16393442622950818,0.1642512077294686,0.18681318681318682,0.16037735849056603,0.19801980198019803,0.1787709497206704,0.13574660633484162,0.13392857142857142,0.14345991561181434,0.13765182186234817,0.16666666666666666,0.1553398058252427,0.11343283582089553,0.1507537688442211,0.1504424778761062,0.11076923076923077,0.11428571428571428,0.13392857142857142,0.15584415584415584,0.1016949152542373,0.16033755274261605,0.14746543778801843,0.12734082397003746,0.20408163265306123,0.12121212121212122,0.21164021164021163,0.1708542713567839,0.17582417582417584,0.15311004784688995,0.14054054054054055,0.2261904761904762,0.15789473684210525,0.11363636363636363,0.1038961038961039,0.16071428571428573,0.1461187214611872,0.16,0.14655172413793102,0.18461538461538463,0.13592233009708737,0.18357487922705315,0.1717171717171717,0.168141592920354,0.16981132075471697,0.13584905660377358,0.1368421052631579,0.14457831325301204,0.14345991561181434,0.17801047120418848,0.19402985074626866,0.21348314606741572,0.1630901287553648,0.1630901287553648,0.100418410041841,0.16289592760180996,0.18604651162790697,0.1830065359477124
5291,0.20195439739413681,0.22568093385214008,0.07563025210084033,0.054945054945054944,0.17670682730923695,0.3880597014925373,0.18518518518518517,0.1471861471861472,1.0,0.14782608695652175,0.14705882352941177,0.12244897959183673,0.09389671361502347,0.11428571428571428,0.1513157894736842,0.20103092783505155,0.11515151515151516,0.23376623376623376,0.09302325581395349,0.08658008658008658,0.2151394422310757,0.232,0.17647058823529413,0.23943661971830985,0.18983050847457628,0.23404255319148937,0.16802168021680217,0.31746031746031744,0.2926829268292683,0.21011673151750973,0.20717131474103587,0.28391167192429023,0.1956521739130435,0.2716049382716049,0.28776978417266186,0.1504424778761062,0.20233463035019456,0.24124513618677043,0.09361702127659574,0.06769230769230769,0.16535433070866143,0.1103448275862069,0.13043478260869565,0.2265625,0.07253886010362694,0.15767634854771784,0.35658914728682173,0.5787781350482315,0.2832618025751073,0.14847161572052403,0.1794871794871795,0.25190839694656486,0.22962962962962963,0.33793103448275863,0.19827586206896552,0.20817843866171004,0.15315315315315314,0.22878228782287824,0.07389162561576355,0.17699115044247787,0.18229166666666666,0.29457364341085274,0.18461538461538463,0.2857142857142857,0.17100371747211895,0.2638888888888889,0.1073170731707317,0.2391304347826087,0.10984848484848485,0.3472222222222222,0.23443223443223443,0.21561338289962825,0.2323943661971831,0.2564102564102564,0.2996742671009772,0.14603174603174604,0.17902813299232737,0.30036630036630035,0.20491803278688525,0.26181818181818184,0.1187214611872146,0.22310756972111553,0.200836820083682,0.2857142857142857,0.10434782608695652,0.2807017543859649,0.31092436974789917,0.20689655172413793,0.20350877192982456,0.20553359683794467,0.22745098039215686,0.13793103448275862,0.31316725978647686,0.2847682119205298,0.2727272727272727,0.1891891891891892,0.25757575757575757,0.27205882352941174,0.24647887323943662,0.35443037974683544,0.21804511278195488,0.22442244224422442,0.22406639004149378,0.35294117647058826,0.2323943661971831,0.36303630363036304,0.26356589147286824,0.2857142857142857,0.8169934640522876,0.2953020134228188,0.3055555555555556,0.299625468164794,0.32608695652173914,0.22988505747126436,0.23859649122807017,0.24573378839590443,0.3431952662721893,0.29411764705882354,0.26959247648902823,0.2230769230769231,0.17624521072796934,0.22972972972972974,0.13026819923371646,0.1694915254237288,0.22356495468277945,0.22310756972111553,0.24242424242424243,0.2702702702702703,0.23648648648648649,0.24647887323943662,0.20553359683794467,0.2977346278317152,0.2318840579710145,0.192,0.2588996763754045,0.2792207792207792,0.30597014925373134,0.22988505747126436,0.2900763358778626,0.2595419847328244,0.1889763779527559,0.2332155477031802,0.2028985507246377,0.19081272084805653,0.30927835051546393,0.2916666666666667,0.19494584837545126,0.34074074074074073,0.4246575342465753,0.26440677966101694,0.27491408934707906,0.30604982206405695,0.4161490683229814,0.17040358744394618,0.27631578947368424,0.3302180685358255,0.3663663663663664,0.21686746987951808,0.1888111888111888,0.33003300330033003,0.15942028985507245,0.4473684210526316,0.12903225806451613,0.26578073089701,0.3426791277258567,0.2605633802816901,0.20077220077220076,0.20761245674740483,0.1863799283154122,0.3046875,0.28187919463087246,0.292358803986711,0.4713375796178344,0.30246913580246915,0.17064846416382254,0.1978798586572438,0.2961165048543689,0.26811594202898553,0.297029702970297,0.34328358208955223,0.1746031746031746,0.2724252491694352,0.2662337662337662,0.36421725239616615,0.3184713375796178,0.24489795918367346,0.29069767441860467,0.26373626373626374,0.2532467532467532,0.18045112781954886,0.21014492753623187,0.23166023166023167,0.2517482517482518,0.21374045801526717,0.22040816326530613,0.20973782771535582,0.18181818181818182,0.17532467532467533,0.30564784053156147,0.35135135135135137,0.20938628158844766,0.3106796116504854,0.20588235294117646,0.2756183745583039,0.2887323943661972,0.2545454545454545,0.19801980198019803,0.2629757785467128,0.2982456140350877,0.2846441947565543,0.37423312883435583,0.40764331210191085,0.35074626865671643,0.15165876777251186,0.23529411764705882,0.2,0.25806451612903225,0.23417721518987342,0.3422818791946309,0.2248995983935743,0.14782608695652175
5311,0.17467248908296942,0.18994413407821228,0.2125,0.07692307692307693,0.10526315789473684,0.25263157894736843,0.11594202898550725,0.1437908496732026,0.14782608695652175,1.0,0.09523809523809523,0.0718562874251497,0.1037037037037037,0.2878787878787879,0.11504424778761062,0.14838709677419354,0.05555555555555555,0.0784313725490196,0.10218978102189781,0.10457516339869281,0.23121387283236994,0.1511627906976744,0.12371134020618557,0.13592233009708737,0.14746543778801843,0.19607843137254902,0.15807560137457044,0.16877637130801687,0.09569377990430622,0.2346368715083799,0.16184971098265896,0.13389121338912133,0.16161616161616163,0.14634146341463414,0.19,0.12162162162162163,0.2905027932960894,0.2905027932960894,0.07643312101910828,0.19433198380566802,0.2159090909090909,0.05660377358490566,0.2727272727272727,0.15730337078651685,0.1391304347826087,0.11042944785276074,0.2,0.13733905579399142,0.15483870967741936,0.1456953642384106,0.10256410256410256,0.21739130434782608,0.2916666666666667,0.16981132075471697,0.14285714285714285,0.14659685863874344,0.125,0.14507772020725387,0.07317073170731707,0.13513513513513514,0.13725490196078433,0.15555555555555556,0.12087912087912088,0.09865470852017937,0.15706806282722513,0.11428571428571428,0.2677165354330709,0.1414141414141414,0.09333333333333334,0.1523809523809524,0.22564102564102564,0.2513089005235602,0.1650485436893204,0.17435897435897435,0.2183406113537118,0.10970464135021098,0.134185303514377,0.2564102564102564,0.1927710843373494,0.28426395939086296,0.07777777777777778,0.16184971098265896,0.34782608695652173,0.3625,0.039473684210526314,0.15151515151515152,0.1625,0.12987012987012986,0.15458937198067632,0.18285714285714286,0.1016949152542373,0.09836065573770492,0.20689655172413793,0.15178571428571427,0.11827956989247312,0.2222222222222222,0.22580645161290322,0.12371134020618557,0.13592233009708737,0.226890756302521,0.13829787234042554,0.1688888888888889,0.17177914110429449,0.21649484536082475,0.11650485436893204,0.1511111111111111,0.1,0.2037037037037037,0.14912280701754385,0.23636363636363636,0.1523809523809524,0.1693121693121693,0.12121212121212122,0.17486338797814208,0.13526570048309178,0.14883720930232558,0.13076923076923078,0.13402061855670103,0.0912863070539419,0.16483516483516483,0.16393442622950818,0.11926605504587157,0.07650273224043716,0.1382488479262673,0.11857707509881422,0.20809248554913296,0.1827956989247312,0.13761467889908258,0.10091743119266056,0.13592233009708737,0.19428571428571428,0.12121212121212122,0.1414141414141414,0.13953488372093023,0.1038961038961039,0.2,0.17894736842105263,0.16393442622950818,0.18478260869565216,0.10869565217391304,0.17045454545454544,0.17560975609756097,0.08080808080808081,0.14634146341463414,0.15023474178403756,0.1523809523809524,0.11055276381909548,0.17708333333333334,0.1588785046728972,0.16589861751152074,0.14084507042253522,0.19704433497536947,0.11475409836065574,0.13793103448275862,0.11504424778761062,0.13168724279835392,0.14901960784313725,0.19883040935672514,0.16346153846153846,0.1511111111111111,0.050505050505050504,0.1592920353982301,0.29850746268656714,0.10762331838565023,0.14814814814814814,0.18446601941747573,0.16574585635359115,0.4075829383886256,0.11940298507462686,0.20224719101123595,0.14545454545454545,0.18834080717488788,0.13559322033898305,0.14634146341463414,0.15813953488372093,0.44878048780487806,0.1497005988023952,0.1919191919191919,0.1688888888888889,0.12345679012345678,0.09195402298850575,0.09865470852017937,0.14782608695652175,0.0851063829787234,0.15254237288135594,0.09259259259259259,0.17293233082706766,0.18461538461538463,0.11304347826086956,0.14893617021276595,0.13131313131313133,0.143646408839779,0.125,0.10869565217391304,0.16766467065868262,0.09523809523809523,0.12571428571428572,0.06956521739130435,0.14349775784753363,0.12844036697247707,0.1507537688442211,0.15584415584415584,0.1134020618556701,0.15609756097560976,0.24271844660194175,0.15228426395939088,0.08888888888888889,0.17061611374407584,0.12878787878787878,0.10582010582010581,0.12903225806451613,0.13559322033898305,0.21052631578947367,0.19548872180451127,0.2824858757062147,0.1896551724137931,0.1896551724137931,0.2184873949579832,0.16363636363636364,0.1871345029239766,0.34210526315789475
5394,0.11822660098522167,0.11764705882352941,0.11940298507462686,0.1794871794871795,0.1103448275862069,0.12195121951219512,0.14285714285714285,0.14173228346456693,0.14705882352941177,0.09523809523809523,1.0,0.1702127659574468,0.14678899082568808,0.09433962264150944,0.11,0.07042253521126761,0.061946902654867256,0.15748031496062992,0.14414414414414414,0.2677165354330709,0.10884353741496598,0.1095890410958904,0.11904761904761904,0.1,0.09424083769633508,0.15730337078651685,0.07547169811320754,0.10426540284360189,0.14207650273224043,0.1568627450980392,0.1360544217687075,0.12206572769953052,0.09302325581395349,0.09090909090909091,0.12643678160919541,0.14754098360655737,0.10457516339869281,0.1437908496732026,0.0916030534351145,0.08144796380090498,0.08,0.10752688172043011,0.08139534883720931,0.05263157894736842,0.11235955056179775,0.16058394160583941,0.1038961038961039,0.13526570048309178,0.10852713178294573,0.096,0.1076923076923077,0.0759493670886076,0.12048192771084337,0.15053763440860216,0.109375,0.12121212121212122,0.15254237288135594,0.08383233532934131,0.06622516556291391,0.16393442622950818,0.08571428571428572,0.16883116883116883,0.08974358974358974,0.10152284263959391,0.12121212121212122,0.18478260869565216,0.0594059405940594,0.10465116279069768,0.07075471698113207,0.15217391304347827,0.10650887573964497,0.08484848484848485,0.1111111111111111,0.1301775147928994,0.12807881773399016,0.11374407582938388,0.08362369337979095,0.1301775147928994,0.14285714285714285,0.10526315789473684,0.0658682634730539,0.09523809523809523,0.11851851851851852,0.13432835820895522,0.1111111111111111,0.15126050420168066,0.16417910447761194,0.171875,0.16574585635359115,0.09395973154362416,0.09271523178807947,0.10191082802547771,0.1016949152542373,0.12121212121212122,0.1125,0.1864406779661017,0.15,0.14285714285714285,0.12222222222222222,0.11320754716981132,0.09876543209876543,0.09045226130653267,0.16058394160583941,0.13095238095238096,0.1,0.1306532663316583,0.11688311688311688,0.10526315789473684,0.12871287128712872,0.12371134020618557,0.11956521739130435,0.09815950920245399,0.1744186046511628,0.16560509554140126,0.08839779005524862,0.1164021164021164,0.10256410256410256,0.20238095238095238,0.10232558139534884,0.15384615384615385,0.08917197452229299,0.09375,0.08917197452229299,0.10471204188481675,0.10572687224669604,0.1360544217687075,0.15,0.10416666666666667,0.07291666666666667,0.07777777777777778,0.12080536912751678,0.15609756097560976,0.12790697674418605,0.0821917808219178,0.12682926829268293,0.08823529411764706,0.12195121951219512,0.12738853503184713,0.06329113924050633,0.11392405063291139,0.13333333333333333,0.1340782122905028,0.11627906976744186,0.12290502793296089,0.11764705882352941,0.13043478260869565,0.10404624277456648,0.13253012048192772,0.1595744680851064,0.14659685863874344,0.12834224598930483,0.13559322033898305,0.12844036697247707,0.20168067226890757,0.14,0.11981566820276497,0.13100436681222707,0.19310344827586207,0.13186813186813187,0.11055276381909548,0.12790697674418605,0.15,0.08,0.1218274111675127,0.11981566820276497,0.13333333333333333,0.14193548387096774,0.11891891891891893,0.17142857142857143,0.14473684210526316,0.14432989690721648,0.08121827411167512,0.13333333333333333,0.11818181818181818,0.09523809523809523,0.11173184357541899,0.07142857142857142,0.10465116279069768,0.11055276381909548,0.10738255033557047,0.12162162162162163,0.1116751269035533,0.08823529411764706,0.10526315789473684,0.17142857142857143,0.10526315789473684,0.1,0.17751479289940827,0.12745098039215685,0.08641975308641975,0.1511627906976744,0.11612903225806452,0.13186813186813187,0.13924050632911392,0.14184397163120568,0.17177914110429449,0.1610738255033557,0.08823529411764706,0.1319796954314721,0.13541666666666666,0.15028901734104047,0.11707317073170732,0.15476190476190477,0.1340782122905028,0.1111111111111111,0.15204678362573099,0.09045226130653267,0.15135135135135136,0.12605042016806722,0.13496932515337423,0.10810810810810811,0.11428571428571428,0.13414634146341464,0.14953271028037382,0.13245033112582782,0.13592233009708737,0.0970873786407767,0.09433962264150944,0.12371134020618557,0.13793103448275862,0.14285714285714285
5746,0.12295081967213115,0.12371134020618557,0.13714285714285715,0.13445378151260504,0.11827956989247312,0.13658536585365855,0.1437908496732026,0.17857142857142858,0.12244897959183673,0.0718562874251497,0.1702127659574468,1.0,0.14666666666666667,0.08163265306122448,0.22406639004149378,0.13538461538461538,0.12734082397003746,0.09523809523809523,0.15789473684210525,0.20238095238095238,0.0851063829787234,0.1497326203208556,0.15311004784688995,0.11764705882352941,0.12931034482758622,0.1461187214611872,0.13725490196078433,0.12698412698412698,0.10714285714285714,0.09278350515463918,0.13829787234042554,0.12598425196850394,0.11267605633802817,0.0842911877394636,0.11162790697674418,0.2085889570552147,0.09278350515463918,0.09278350515463918,0.11627906976744186,0.15267175572519084,0.06282722513089005,0.14977973568281938,0.10328638497652583,0.06217616580310881,0.16923076923076924,0.19101123595505617,0.07179487179487179,0.10483870967741936,0.08235294117647059,0.10843373493975904,0.11695906432748537,0.09045226130653267,0.13526570048309178,0.13215859030837004,0.1301775147928994,0.1650485436893204,0.16352201257861634,0.09615384615384616,0.11661807580174927,0.13496932515337423,0.1557632398753894,0.12307692307692308,0.14213197969543148,0.11764705882352941,0.1553398058252427,0.16,0.028169014084507043,0.10328638497652583,0.11182795698924732,0.14222222222222222,0.06666666666666667,0.0970873786407767,0.11764705882352941,0.10476190476190476,0.14754098360655737,0.23015873015873015,0.1524390243902439,0.12380952380952381,0.16574585635359115,0.09433962264150944,0.13866666666666666,0.14893617021276595,0.09090909090909091,0.10285714285714286,0.15568862275449102,0.14336917562724014,0.12571428571428572,0.14201183431952663,0.16216216216216217,0.11578947368421053,0.11458333333333333,0.18181818181818182,0.10091743119266056,0.13389121338912133,0.07960199004975124,0.1509433962264151,0.12935323383084577,0.12440191387559808,0.13574660633484162,0.12648221343873517,0.12807881773399016,0.1,0.12359550561797752,0.12440191387559808,0.09049773755656108,0.10833333333333334,0.10256410256410256,0.1038961038961039,0.12345679012345678,0.11063829787234042,0.1511111111111111,0.06862745098039216,0.12206572769953052,0.13131313131313133,0.10810810810810811,0.13043478260869565,0.09454545454545454,0.16267942583732056,0.1015625,0.1319796954314721,0.1111111111111111,0.12017167381974249,0.1717171717171717,0.16379310344827586,0.14925373134328357,0.14893617021276595,0.1890547263681592,0.08583690987124463,0.11158798283261803,0.09049773755656108,0.12631578947368421,0.17073170731707318,0.15023474178403756,0.12834224598930483,0.17073170731707318,0.11428571428571428,0.13658536585365855,0.10101010101010101,0.08040201005025126,0.1507537688442211,0.17801047120418848,0.10909090909090909,0.13145539906103287,0.13636363636363635,0.11403508771929824,0.11555555555555555,0.07476635514018691,0.14492753623188406,0.13100436681222707,0.16379310344827586,0.13157894736842105,0.11926605504587157,0.13127413127413126,0.1625,0.0912863070539419,0.11627906976744186,0.1259259259259259,0.16129032258064516,0.14349775784753363,0.125,0.1596244131455399,0.1078838174273859,0.10185185185185185,0.1092436974789916,0.14728682170542637,0.15384615384615385,0.14285714285714285,0.12389380530973451,0.18518518518518517,0.12435233160621761,0.13617021276595745,0.10084033613445378,0.11952191235059761,0.11494252873563218,0.14782608695652175,0.11818181818181818,0.09742120343839542,0.11267605633802817,0.14166666666666666,0.11799410029498525,0.09523809523809523,0.09243697478991597,0.1306122448979592,0.064,0.13545816733067728,0.12987012987012986,0.12811387900355872,0.1523809523809524,0.08979591836734693,0.13793103448275862,0.1784037558685446,0.09183673469387756,0.10762331838565023,0.1407035175879397,0.18681318681318682,0.12745098039215685,0.15789473684210525,0.1306122448979592,0.12605042016806722,0.12017167381974249,0.1308411214953271,0.11382113821138211,0.15311004784688995,0.11818181818181818,0.13574660633484162,0.16037735849056603,0.14166666666666666,0.1592920353982301,0.10752688172043011,0.10784313725490197,0.13688212927756654,0.13545816733067728,0.13658536585365855,0.0945945945945946,0.14583333333333334,0.145748987854251,0.13765182186234817,0.09486166007905138,0.1276595744680851,0.1827956989247312,0.1317365269461078
6253,0.07547169811320754,0.09876543209876543,0.11188811188811189,0.11494252873563218,0.07792207792207792,0.11560693641618497,0.1652892561983471,0.16176470588235295,0.09389671361502347,0.1037037037037037,0.14678899082568808,0.14666666666666667,1.0,0.10434782608695652,0.20095693779904306,0.10921501706484642,0.16170212765957448,0.1323529411764706,0.6166666666666667,0.4411764705882353,0.11538461538461539,0.09032258064516129,0.15819209039548024,0.09523809523809523,0.14,0.13903743315508021,0.12408759124087591,0.09090909090909091,0.10416666666666667,0.13580246913580246,0.10256410256410256,0.10810810810810811,0.07734806629834254,0.07860262008733625,0.07650273224043716,0.16793893129770993,0.08641975308641975,0.12345679012345678,0.05714285714285714,0.10434782608695652,0.10062893081761007,0.17435897435897435,0.06629834254143646,0.08695652173913043,0.04081632653061224,0.0958904109589041,0.12269938650306748,0.08333333333333333,0.10144927536231885,0.1044776119402985,0.12949640287769784,0.0718562874251497,0.09142857142857143,0.12307692307692308,0.08759124087591241,0.08045977011494253,0.12598425196850394,0.10227272727272728,0.10932475884244373,0.12213740458015267,0.08996539792387544,0.09815950920245399,0.12121212121212122,0.06796116504854369,0.09195402298850575,0.11398963730569948,0.07272727272727272,0.11049723756906077,0.13394919168591224,0.10362694300518134,0.07865168539325842,0.11494252873563218,0.08465608465608465,0.07865168539325842,0.12264150943396226,0.13636363636363635,0.0945945945945946,0.10112359550561797,0.1476510067114094,0.1111111111111111,0.10495626822157435,0.10256410256410256,0.09722222222222222,0.0979020979020979,0.13333333333333333,0.09716599190283401,0.11188811188811189,0.145985401459854,0.10526315789473684,0.12658227848101267,0.1,0.18072289156626506,0.08602150537634409,0.07729468599033816,0.11834319526627218,0.11023622047244094,0.1301775147928994,0.1016949152542373,0.08465608465608465,0.09049773755656108,0.1286549707602339,0.10576923076923077,0.1232876712328767,0.1016949152542373,0.08465608465608465,0.125,0.08588957055214724,0.10050251256281408,0.0947867298578199,0.09852216748768473,0.11398963730569948,0.09302325581395349,0.11049723756906077,0.13253012048192772,0.08421052631578947,0.10101010101010101,0.09876543209876543,0.12429378531073447,0.08928571428571429,0.10909090909090909,0.0963855421686747,0.11940298507462686,0.13253012048192772,0.18,0.0847457627118644,0.10256410256410256,0.11834319526627218,0.08955223880597014,0.08955223880597014,0.09523809523809523,0.10126582278481013,0.1308411214953271,0.09944751381215469,0.07741935483870968,0.102803738317757,0.09389671361502347,0.10404624277456648,0.12048192771084337,0.08383233532934131,0.11976047904191617,0.13836477987421383,0.11702127659574468,0.11049723756906077,0.09574468085106383,0.11224489795918367,0.13471502590673576,0.0989010989010989,0.09142857142857143,0.09137055837563451,0.09,0.10204081632653061,0.10752688172043011,0.07929515418502203,0.140625,0.0861244019138756,0.08849557522123894,0.1092436974789916,0.16883116883116883,0.19895287958115182,0.09615384615384616,0.13259668508287292,0.0861244019138756,0.06521739130434782,0.10679611650485436,0.07964601769911504,0.1164021164021164,0.0975609756097561,0.09278350515463918,0.15217391304347827,0.08695652173913043,0.10837438423645321,0.13592233009708737,0.0821917808219178,0.09606986899563319,0.0707070707070707,0.10638297872340426,0.056782334384858045,0.09944751381215469,0.0673076923076923,0.0781758957654723,0.11464968152866242,0.06796116504854369,0.11267605633802817,0.08256880733944955,0.1004566210045662,0.1407035175879397,0.08032128514056225,0.1348314606741573,0.08450704225352113,0.11695906432748537,0.15469613259668508,0.10975609756097561,0.10471204188481675,0.11976047904191617,0.12,0.12790697674418605,0.08860759493670886,0.09389671361502347,0.13592233009708737,0.09950248756218906,0.10989010989010989,0.08411214953271028,0.11299435028248588,0.1276595744680851,0.08465608465608465,0.1111111111111111,0.10576923076923077,0.1134020618556701,0.08097165991902834,0.10465116279069768,0.07792207792207792,0.0821917808219178,0.11560693641618497,0.1206896551724138,0.1375,0.28837209302325584,0.09302325581395349,0.08144796380090498,0.08866995073891626,0.1038961038961039,0.13333333333333333
8249,0.0861244019138756,0.12578616352201258,0.07142857142857142,0.047619047619047616,0.07947019867549669,0.23529411764705882,0.1694915254237288,0.12030075187969924,0.11428571428571428,0.2878787878787879,0.09433962264150944,0.08163265306122448,0.10434782608695652,1.0,0.0970873786407767,0.11724137931034483,0.04310344827586207,0.07518796992481203,0.10256410256410256,0.10526315789473684,0.23529411764705882,0.13157894736842105,0.10344827586206896,0.10752688172043011,0.14213197969543148,0.15217391304347827,0.12546125461254612,0.1382488479262673,0.10582010582010581,0.2641509433962264,0.1568627450980392,0.1278538812785388,0.12359550561797752,0.11504424778761062,0.1111111111111111,0.125,0.22641509433962265,0.2893081761006289,0.043795620437956206,0.04405286343612335,0.20512820512820512,0.03125,0.25842696629213485,0.16455696202531644,0.06315789473684211,0.08391608391608392,0.1375,0.09389671361502347,0.13333333333333333,0.15267175572519084,0.10294117647058823,0.23170731707317074,0.23255813953488372,0.125,0.11940298507462686,0.10526315789473684,0.14516129032258066,0.15028901734104047,0.045454545454545456,0.125,0.11188811188811189,0.15,0.1111111111111111,0.07881773399014778,0.10526315789473684,0.08421052631578947,0.3364485981308411,0.11235955056179775,0.07441860465116279,0.09473684210526316,0.19428571428571428,0.19883040935672514,0.11827956989247312,0.16,0.22009569377990432,0.09216589861751152,0.10921501706484642,0.25142857142857145,0.1232876712328767,0.21468926553672316,0.052941176470588235,0.13071895424836602,0.22695035460992907,0.24285714285714285,0.030303030303030304,0.12295081967213115,0.14285714285714285,0.14925373134328357,0.1711229946524064,0.14193548387096774,0.11464968152866242,0.0736196319018405,0.15300546448087432,0.10784313725490197,0.12048192771084337,0.22580645161290322,0.18072289156626506,0.10344827586206896,0.0967741935483871,0.1651376146788991,0.11904761904761904,0.0975609756097561,0.18181818181818182,0.19540229885057472,0.10752688172043011,0.11707317073170732,0.1125,0.15306122448979592,0.11538461538461539,0.14,0.12631578947368421,0.21301775147928995,0.10112359550561797,0.13496932515337423,0.16042780748663102,0.10256410256410256,0.14166666666666666,0.13793103448275862,0.09049773755656108,0.18518518518518517,0.147239263803681,0.10101010101010101,0.08588957055214724,0.10152284263959391,0.10300429184549356,0.16993464052287582,0.1686746987951807,0.15151515151515152,0.1111111111111111,0.13978494623655913,0.12903225806451613,0.08530805687203792,0.10112359550561797,0.15789473684210525,0.08530805687203792,0.14285714285714285,0.12941176470588237,0.19631901840490798,0.18292682926829268,0.15853658536585366,0.14102564102564102,0.17297297297297298,0.10112359550561797,0.14054054054054055,0.11398963730569948,0.16842105263157894,0.12290502793296089,0.13953488372093023,0.10309278350515463,0.10152284263959391,0.10362694300518134,0.14207650273224043,0.08928571428571429,0.16,0.11650485436893204,0.10762331838565023,0.11063829787234042,0.15894039735099338,0.14893617021276595,0.1073170731707317,0.056179775280898875,0.10679611650485436,0.2541436464088398,0.09852216748768473,0.10762331838565023,0.17204301075268819,0.13664596273291926,0.1256544502617801,0.09944751381215469,0.1518987341772152,0.1,0.20689655172413793,0.10185185185185185,0.09734513274336283,0.12307692307692308,0.12972972972972974,0.11464968152866242,0.1797752808988764,0.0975609756097561,0.09210526315789473,0.1038961038961039,0.07881773399014778,0.11428571428571428,0.07441860465116279,0.12962962962962962,0.09183673469387756,0.0975609756097561,0.14857142857142858,0.09523809523809523,0.10714285714285714,0.12359550561797752,0.13664596273291926,0.11702127659574468,0.13414634146341464,0.1360544217687075,0.09467455621301775,0.05161290322580645,0.047619047619047616,0.12807881773399016,0.12121212121212122,0.1452513966480447,0.13270142180094788,0.10344827586206896,0.17297297297297298,0.21505376344086022,0.12429378531073447,0.08780487804878048,0.11518324607329843,0.11475409836065574,0.11834319526627218,0.09649122807017543,0.10185185185185185,0.17647058823529413,0.1415929203539823,0.2929936305732484,0.11320754716981132,0.1792452830188679,0.1559633027522936,0.13,0.15894039735099338,0.21212121212121213
31703,0.14521452145214522,0.1422924901185771,0.1452991452991453,0.0898876404494382,0.18775510204081633,0.13636363636363635,0.14150943396226415,0.24669603524229075,0.1513157894736842,0.11504424778761062,0.11,0.22406639004149378,0.20095693779904306,0.0970873786407767,1.0,0.20833333333333334,0.25153374233128833,0.12334801762114538,0.18009478672985782,0.19383259911894274,0.1214574898785425,0.16260162601626016,0.23880597014925373,0.17857142857142858,0.2268041237113402,0.15827338129496402,0.2191780821917808,0.16720257234726688,0.1625441696113074,0.12648221343873517,0.17813765182186234,0.17891373801916932,0.15441176470588236,0.15625,0.13138686131386862,0.23423423423423423,0.11857707509881422,0.13438735177865613,0.1038961038961039,0.16199376947040497,0.104,0.1958041958041958,0.11764705882352941,0.14285714285714285,0.1164021164021164,0.1940928270042194,0.12598425196850394,0.13680781758957655,0.11353711790393013,0.14222222222222222,0.14782608695652175,0.11627906976744186,0.15789473684210525,0.18181818181818182,0.13157894736842105,0.2037735849056604,0.1743119266055046,0.17228464419475656,0.1791044776119403,0.13513513513513514,0.21578947368421053,0.14173228346456693,0.1953125,0.16835016835016836,0.17358490566037735,0.16901408450704225,0.07960199004975124,0.17647058823529413,0.14885496183206107,0.14788732394366197,0.10408921933085502,0.13584905660377358,0.15714285714285714,0.12639405204460966,0.16501650165016502,0.24437299035369775,0.21188630490956073,0.14869888475836432,0.175,0.12546125461254612,0.19815668202764977,0.16194331983805668,0.13617021276595745,0.13675213675213677,0.1415929203539823,0.1952662721893491,0.1282051282051282,0.13157894736842105,0.199288256227758,0.1606425702811245,0.15139442231075698,0.24124513618677043,0.1299638989169675,0.1610738255033557,0.16153846153846155,0.13761467889908258,0.15384615384615385,0.16417910447761194,0.19285714285714287,0.1858974358974359,0.1984732824427481,0.14046822742474915,0.1350210970464135,0.15671641791044777,0.12857142857142856,0.16722408026755853,0.13385826771653545,0.13793103448275862,0.152317880794702,0.14285714285714285,0.19718309859154928,0.09885931558935361,0.13970588235294118,0.16342412451361868,0.13523131672597866,0.17993079584775087,0.1437125748502994,0.19402985074626866,0.1523809523809524,0.171875,0.21011673151750973,0.1780821917808219,0.1556420233463035,0.281786941580756,0.19571865443425077,0.1700404858299595,0.2076923076923077,0.136986301369863,0.1506849315068493,0.17857142857142858,0.1606425702811245,0.20327868852459016,0.16176470588235295,0.17886178861788618,0.2098360655737705,0.21052631578947367,0.17424242424242425,0.1245136186770428,0.10077519379844961,0.17829457364341086,0.2,0.14336917562724014,0.15441176470588236,0.1863799283154122,0.1672473867595819,0.16901408450704225,0.11721611721611722,0.15037593984962405,0.1597222222222222,0.20618556701030927,0.1602787456445993,0.1444043321299639,0.1949685534591195,0.182648401826484,0.14,0.17034700315457413,0.1762917933130699,0.17142857142857143,0.18439716312056736,0.15384615384615385,0.14705882352941177,0.14666666666666667,0.11636363636363636,0.16835016835016836,0.1829652996845426,0.17142857142857143,0.1568627450980392,0.1824561403508772,0.21818181818181817,0.15873015873015872,0.14965986394557823,0.14814814814814814,0.14838709677419354,0.15625,0.1522491349480969,0.14336917562724014,0.14705882352941177,0.16911764705882354,0.1939799331103679,0.18090452261306533,0.10483870967741936,0.15488215488215487,0.19736842105263158,0.11003236245954692,0.17419354838709677,0.20689655172413793,0.18823529411764706,0.18587360594795538,0.13815789473684212,0.21374045801526717,0.23529411764705882,0.12549019607843137,0.1773049645390071,0.17054263565891473,0.2074688796680498,0.1520912547528517,0.1285140562248996,0.14473684210526316,0.20202020202020202,0.19863013698630136,0.1391941391941392,0.15737704918032788,0.17164179104477612,0.16487455197132617,0.17142857142857143,0.17712177121771217,0.20066889632107024,0.1543859649122807,0.15976331360946747,0.12167300380228137,0.16770186335403728,0.16129032258064516,0.18181818181818182,0.12560386473429952,0.18326693227091634,0.1830065359477124,0.16339869281045752,0.12179487179487179,0.1836734693877551,0.20408163265306123,0.1504424778761062
36314,0.11886304909560723,0.1543026706231454,0.07547169811320754,0.05343511450381679,0.1033434650455927,0.22413793103448276,0.10135135135135136,0.15434083601286175,0.20103092783505155,0.14838709677419354,0.07042253521126761,0.13538461538461538,0.10921501706484642,0.11724137931034483,0.20833333333333334,1.0,0.16097560975609757,0.09003215434083602,0.1016949152542373,0.10932475884244373,0.3021148036253776,0.21818181818181817,0.13636363636363635,0.12087912087912088,0.21333333333333335,0.1878453038674033,0.7616926503340757,0.20759493670886076,0.16893732970027248,0.16023738872403562,0.15709969788519637,0.2216624685138539,0.12921348314606743,0.15841584158415842,0.1787709497206704,0.13071895424836602,0.29080118694362017,0.20178041543026706,0.13968253968253969,0.26666666666666666,0.16766467065868262,0.21081081081081082,0.20224719101123595,0.20238095238095238,0.10256410256410256,0.13707165109034267,0.1301775147928994,0.17391304347826086,0.14057507987220447,0.12297734627831715,0.12101910828025478,0.30409356725146197,0.21714285714285714,0.14054054054054055,0.14102564102564102,0.15472779369627507,0.11258278145695365,0.17094017094017094,0.24691358024691357,0.10457516339869281,0.25,0.17751479289940827,0.12941176470588237,0.11023622047244094,0.1318051575931232,0.14130434782608695,0.11929824561403508,0.17415730337078653,0.17763157894736842,0.14673913043478262,0.20396600566572237,0.17191977077363896,0.12087912087912088,0.19830028328611898,0.24289405684754523,0.20759493670886076,0.24628450106157113,0.16997167138810199,0.13580246913580246,0.2084507042253521,0.20077220077220076,0.14501510574018128,0.19435736677115986,0.27672955974842767,0.11612903225806452,0.1943127962085308,0.18238993710691823,0.10256410256410256,0.15342465753424658,0.15015015015015015,0.14328358208955225,0.16422287390029325,0.1883656509695291,0.16753926701570682,0.13372093023255813,0.1390728476821192,0.19767441860465115,0.16477272727272727,0.15934065934065933,0.2474747474747475,0.15028901734104047,0.12010443864229765,0.1557632398753894,0.2556818181818182,0.11538461538461539,0.17232375979112272,0.14201183431952663,0.18181818181818182,0.19689119170984457,0.15873015873015872,0.17391304347826086,0.15561959654178675,0.15168539325842698,0.12316715542521994,0.1589041095890411,0.13941018766756033,0.21052631578947367,0.1534090909090909,0.11027568922305764,0.1588235294117647,0.15249266862170088,0.16489361702127658,0.10557184750733138,0.25066666666666665,0.15085158150851583,0.1510574018126888,0.1511627906976744,0.14893617021276595,0.15425531914893617,0.19230769230769232,0.14414414414414414,0.15938303341902313,0.15730337078651685,0.14545454545454545,0.20051413881748073,0.25257731958762886,0.16666666666666666,0.17008797653958943,0.17543859649122806,0.14619883040935672,0.1317365269461078,0.18181818181818182,0.11797752808988764,0.15426997245179064,0.1778975741239892,0.21739130434782608,0.11764705882352941,0.18857142857142858,0.20430107526881722,0.18133333333333335,0.1347708894878706,0.12742382271468145,0.20398009950248755,0.1254125412541254,0.18229166666666666,0.1745635910224439,0.1791767554479419,0.1276595744680851,0.18032786885245902,0.17754569190600522,0.09550561797752809,0.17708333333333334,0.19498607242339833,0.11023622047244094,0.2194513715710723,0.1813186813186813,0.11799410029498525,0.13008130081300814,0.1615598885793872,0.19047619047619047,0.14814814814814814,0.1994750656167979,0.17258883248730963,0.16336633663366337,0.19839142091152814,0.1652892561983471,0.22357723577235772,0.20224719101123595,0.20365535248041775,0.1950207468879668,0.09036144578313253,0.15748031496062992,0.20103092783505155,0.13231552162849872,0.17766497461928935,0.13903743315508021,0.18396226415094338,0.19263456090651557,0.10824742268041238,0.13872832369942195,0.1404494382022472,0.1415929203539823,0.14754098360655737,0.12280701754385964,0.17846153846153845,0.12680115273775217,0.13813813813813813,0.10309278350515463,0.1837270341207349,0.17553191489361702,0.15126050420168066,0.17480719794344474,0.14772727272727273,0.20385674931129477,0.26373626373626374,0.16338028169014085,0.13577023498694518,0.15176151761517614,0.1895734597156398,0.09798270893371758,0.16748768472906403,0.17766497461928935,0.21839080459770116,0.11683848797250859,0.2507462686567164,0.17435897435897435,0.2512820512820513,0.18181818181818182,0.20634920634920634,0.182370820668693,0.14193548387096774
36462,0.1580547112462006,0.0931899641577061,0.09230769230769231,0.058823529411764705,0.23616236162361623,0.07586206896551724,0.09243697478991597,0.1422924901185771,0.11515151515151516,0.05555555555555555,0.061946902654867256,0.12734082397003746,0.16170212765957448,0.04310344827586207,0.25153374233128833,0.16097560975609757,1.0,0.09486166007905138,0.11814345991561181,0.1422924901185771,0.06593406593406594,0.13970588235294118,0.17687074829931973,0.17647058823529413,0.138801261829653,0.09868421052631579,0.16879795396419436,0.13649851632047477,0.12944983818770225,0.0931899641577061,0.12454212454212454,0.11799410029498525,0.15436241610738255,0.12138728323699421,0.10666666666666667,0.12096774193548387,0.06451612903225806,0.07885304659498207,0.07782101167315175,0.12103746397694524,0.06521739130434782,0.17307692307692307,0.06711409395973154,0.1079136690647482,0.06511627906976744,0.22053231939163498,0.09285714285714286,0.12012012012012012,0.08627450980392157,0.10358565737051793,0.1171875,0.08450704225352113,0.0958904109589041,0.1282051282051282,0.11023622047244094,0.21305841924398625,0.11475409836065574,0.14334470989761092,0.16355140186915887,0.10483870967741936,0.1724137931034483,0.1,0.20567375886524822,0.21052631578947367,0.12371134020618557,0.12903225806451613,0.04405286343612335,0.12751677852348994,0.16,0.12903225806451613,0.061016949152542375,0.08247422680412371,0.1437908496732026,0.09491525423728814,0.11550151975683891,0.20771513353115728,0.1694915254237288,0.08813559322033898,0.10526315789473684,0.07407407407407407,0.18695652173913044,0.12454212454212454,0.07662835249042145,0.08461538461538462,0.1349206349206349,0.15934065934065933,0.08461538461538462,0.10236220472440945,0.19543973941368079,0.11636363636363636,0.21660649819494585,0.22614840989399293,0.0858085808580858,0.1419753086419753,0.13986013986013987,0.09016393442622951,0.13986013986013987,0.1292517006802721,0.21568627450980393,0.15976331360946747,0.1597222222222222,0.13538461538461538,0.10646387832699619,0.11564625850340136,0.09803921568627451,0.12307692307692308,0.11428571428571428,0.10126582278481013,0.11585365853658537,0.09375,0.16129032258064516,0.06920415224913495,0.12751677852348994,0.127208480565371,0.11074918566775244,0.16507936507936508,0.11666666666666667,0.1836734693877551,0.187683284457478,0.10638297872340426,0.13427561837455831,0.1509433962264151,0.13427561837455831,0.24605678233438485,0.12464589235127478,0.11721611721611722,0.1258741258741259,0.18867924528301888,0.12578616352201258,0.13725490196078433,0.10181818181818182,0.1691842900302115,0.14093959731543623,0.16911764705882354,0.18126888217522658,0.1393939393939394,0.1103448275862069,0.09187279151943463,0.07042253521126761,0.176056338028169,0.18840579710144928,0.10491803278688525,0.1342281879194631,0.20327868852459016,0.12140575079872204,0.12258064516129032,0.10033444816053512,0.10273972602739725,0.1337579617834395,0.14511041009463724,0.12140575079872204,0.09900990099009901,0.1744186046511628,0.09795918367346938,0.12269938650306748,0.15160349854227406,0.1352112676056338,0.1033210332103321,0.13636363636363635,0.12307692307692308,0.12751677852348994,0.11042944785276074,0.0664451827242525,0.11764705882352941,0.15160349854227406,0.11764705882352941,0.10676156583629894,0.15434083601286175,0.1461794019933555,0.1079136690647482,0.1125,0.13003095975232198,0.11904761904761904,0.14450867052023122,0.10793650793650794,0.10491803278688525,0.0967741935483871,0.14093959731543623,0.19076923076923077,0.16037735849056603,0.08759124087591241,0.13003095975232198,0.18181818181818182,0.11940298507462686,0.11904761904761904,0.20253164556962025,0.16393442622950818,0.14915254237288136,0.12727272727272726,0.1736111111111111,0.16778523489932887,0.099644128113879,0.11038961038961038,0.18309859154929578,0.1348314606741573,0.1522491349480969,0.08,0.15151515151515152,0.16718266253869968,0.16981132075471697,0.08695652173913043,0.1148036253776435,0.1292517006802721,0.12459016393442623,0.12418300653594772,0.1414141414141414,0.16,0.10932475884244373,0.12087912087912088,0.10380622837370242,0.14367816091954022,0.14285714285714285,0.12413793103448276,0.08583690987124463,0.11552346570397112,0.1566265060240964,0.10843373493975904,0.08875739644970414,0.125,0.15498154981549817,0.0873015873015873
42640,0.0782608695652174,0.1111111111111111,0.08695652173913043,0.09523809523809523,0.09302325581395349,0.10471204188481675,0.14388489208633093,0.12987012987012986,0.23376623376623376,0.0784313725490196,0.15748031496062992,0.09523809523809523,0.1323529411764706,0.07518796992481203,0.12334801762114538,0.09003215434083602,0.09486166007905138,1.0,0.13043478260869565,0.09090909090909091,0.09195402298850575,0.13872832369942195,0.15384615384615385,0.17391304347826086,0.13761467889908258,0.11707317073170732,0.0958904109589041,0.16806722689075632,0.13333333333333333,0.13333333333333333,0.13793103448275862,0.16666666666666666,0.10050251256281408,0.09716599190283401,0.10945273631840796,0.174496644295302,0.08888888888888889,0.1,0.08860759493670886,0.056451612903225805,0.0903954802259887,0.12206572769953052,0.07035175879396985,0.0893854748603352,0.034482758620689655,0.14634146341463414,0.09944751381215469,0.10256410256410256,0.1282051282051282,0.14473684210526316,0.16560509554140126,0.0972972972972973,0.10362694300518134,0.22535211267605634,0.1935483870967742,0.20833333333333334,0.16551724137931034,0.18556701030927836,0.0729483282674772,0.1342281879194631,0.1237785016286645,0.11049723756906077,0.14207650273224043,0.21428571428571427,0.10416666666666667,0.1895734597156398,0.078125,0.10050251256281408,0.04434589800443459,0.2938388625592417,0.11224489795918367,0.09375,0.10628019323671498,0.11224489795918367,0.10434782608695652,0.08403361344537816,0.12738853503184713,0.19387755102040816,0.1317365269461078,0.15151515151515152,0.08310249307479224,0.12643678160919541,0.09876543209876543,0.11180124223602485,0.1437908496732026,0.1660377358490566,0.13664596273291926,0.14193548387096774,0.11538461538461539,0.10227272727272728,0.1348314606741573,0.11956521739130435,0.09803921568627451,0.09777777777777778,0.20320855614973263,0.12413793103448276,0.22459893048128343,0.12307692307692308,0.12560386473429952,0.1589958158995816,0.12698412698412698,0.1592920353982301,0.15853658536585366,0.11282051282051282,0.0966183574879227,0.17699115044247787,0.11049723756906077,0.10138248847926268,0.23580786026200873,0.15384615384615385,0.17061611374407584,0.09473684210526316,0.1306532663316583,0.15217391304347827,0.09615384615384616,0.1388888888888889,0.13793103448275862,0.12307692307692308,0.2231404958677686,0.1092896174863388,0.09782608695652174,0.182648401826484,0.11956521739130435,0.10091743119266056,0.14960629921259844,0.14942528735632185,0.13903743315508021,0.2191780821917808,0.1187214611872146,0.17391304347826086,0.1590909090909091,0.19827586206896552,0.12060301507537688,0.11560693641618497,0.14655172413793102,0.08658008658008658,0.11518324607329843,0.10869565217391304,0.0972972972972973,0.10810810810810811,0.12429378531073447,0.11650485436893204,0.1507537688442211,0.11650485436893204,0.102803738317757,0.12322274881516587,0.21,0.12435233160621761,0.12093023255813953,0.13761467889908258,0.11214953271028037,0.16666666666666666,0.2530612244897959,0.2054794520547945,0.12334801762114538,0.22950819672131148,0.1640625,0.13953488372093023,0.14354066985645933,0.1592920353982301,0.1507537688442211,0.1145374449339207,0.06930693069306931,0.20535714285714285,0.1721311475409836,0.1932367149758454,0.12087912087912088,0.10377358490566038,0.15841584158415842,0.12290502793296089,0.16289592760180996,0.13392857142857142,0.22784810126582278,0.1700404858299595,0.12037037037037036,0.1262135922330097,0.14328358208955225,0.1407035175879397,0.11504424778761062,0.1476923076923077,0.14857142857142858,0.09821428571428571,0.1645021645021645,0.17796610169491525,0.23628691983122363,0.17511520737327188,0.14232209737827714,0.21428571428571427,0.1645021645021645,0.12698412698412698,0.16080402010050251,0.10989010989010989,0.10526315789473684,0.10810810810810811,0.11904761904761904,0.1368421052631579,0.19318181818181818,0.15584415584415584,0.19642857142857142,0.2922374429223744,0.12,0.10344827586206896,0.12307692307692308,0.13592233009708737,0.0966183574879227,0.1414141414141414,0.21238938053097345,0.16037735849056603,0.2037735849056604,0.24210526315789474,0.1686746987951807,0.17721518987341772,0.18848167539267016,0.13432835820895522,0.11235955056179775,0.11158798283261803,0.08583690987124463,0.1589958158995816,0.1085972850678733,0.1511627906976744,0.1437908496732026
60750,0.07476635514018691,0.12195121951219512,0.1103448275862069,0.1348314606741573,0.07692307692307693,0.11428571428571428,0.16260162601626016,0.14492753623188406,0.09302325581395349,0.10218978102189781,0.14414414414414414,0.15789473684210525,0.6166666666666667,0.10256410256410256,0.18009478672985782,0.1016949152542373,0.11814345991561181,0.13043478260869565,1.0,0.2753623188405797,0.11392405063291139,0.10191082802547771,0.16759776536312848,0.10471204188481675,0.1485148514851485,0.13756613756613756,0.10869565217391304,0.09009009009009009,0.10309278350515463,0.13414634146341464,0.10126582278481013,0.10714285714285714,0.07650273224043716,0.08658008658008658,0.0972972972972973,0.16541353383458646,0.08536585365853659,0.12195121951219512,0.07042253521126761,0.10344827586206896,0.12422360248447205,0.15228426395939088,0.06557377049180328,0.08588957055214724,0.04,0.0945945945945946,0.12121212121212122,0.10091743119266056,0.1,0.10294117647058823,0.15602836879432624,0.07100591715976332,0.0903954802259887,0.1218274111675127,0.08633093525179857,0.07954545454545454,0.12403100775193798,0.10112359550561797,0.10223642172523961,0.12030075187969924,0.08934707903780069,0.12121212121212122,0.11976047904191617,0.0673076923076923,0.10227272727272728,0.11282051282051282,0.07142857142857142,0.1092896174863388,0.10114942528735632,0.10256410256410256,0.07777777777777778,0.11363636363636363,0.09424083769633508,0.07777777777777778,0.12149532710280374,0.11711711711711711,0.09395973154362416,0.1,0.1456953642384106,0.10989010989010989,0.09855072463768116,0.12658227848101267,0.0958904109589041,0.09655172413793103,0.145985401459854,0.0963855421686747,0.1103448275862069,0.14388489208633093,0.125,0.15,0.09876543209876543,0.15476190476190477,0.10638297872340426,0.07655502392344497,0.11695906432748537,0.12403100775193798,0.1286549707602339,0.1005586592178771,0.08376963350785341,0.08968609865470852,0.12716763005780346,0.12380952380952381,0.12162162162162163,0.1005586592178771,0.08376963350785341,0.12380952380952381,0.08484848484848485,0.11940298507462686,0.09389671361502347,0.0975609756097561,0.11282051282051282,0.09195402298850575,0.1092896174863388,0.14285714285714285,0.08333333333333333,0.11,0.09795918367346938,0.12290502793296089,0.08849557522123894,0.1317365269461078,0.09523809523809523,0.11822660098522167,0.13095238095238096,0.1485148514851485,0.08403361344537816,0.11392405063291139,0.11695906432748537,0.08866995073891626,0.08866995073891626,0.09424083769633508,0.1,0.12962962962962962,0.12021857923497267,0.07643312101910828,0.10185185185185185,0.08372093023255814,0.11428571428571428,0.11904761904761904,0.08284023668639054,0.11834319526627218,0.13664596273291926,0.12631578947368421,0.12021857923497267,0.09473684210526316,0.12121212121212122,0.14358974358974358,0.11956521739130435,0.1016949152542373,0.09045226130653267,0.09900990099009901,0.12121212121212122,0.10638297872340426,0.07860262008733625,0.15384615384615385,0.08530805687203792,0.08771929824561403,0.10833333333333334,0.16666666666666666,0.18652849740932642,0.09523809523809523,0.13114754098360656,0.10426540284360189,0.06451612903225806,0.10576923076923077,0.07894736842105263,0.1256544502617801,0.12048192771084337,0.09183673469387756,0.1827956989247312,0.08588957055214724,0.12682926829268293,0.1346153846153846,0.09954751131221719,0.09523809523809523,0.08,0.10526315789473684,0.07523510971786834,0.09836065573770492,0.08571428571428572,0.09061488673139159,0.11320754716981132,0.08653846153846154,0.11162790697674418,0.09090909090909091,0.09954751131221719,0.13930348258706468,0.10358565737051793,0.13333333333333333,0.09302325581395349,0.15028901734104047,0.15300546448087432,0.10843373493975904,0.12435233160621761,0.11834319526627218,0.13157894736842105,0.14942528735632185,0.1,0.09302325581395349,0.1346153846153846,0.09852216748768473,0.13043478260869565,0.08333333333333333,0.11173184357541899,0.1368421052631579,0.08376963350785341,0.10989010989010989,0.11428571428571428,0.11224489795918367,0.0963855421686747,0.12643678160919541,0.0944206008583691,0.09954751131221719,0.12571428571428572,0.11864406779661017,0.13580246913580246,0.1935483870967742,0.11059907834101383,0.08071748878923767,0.08780487804878048,0.10256410256410256,0.145985401459854
65110,0.08695652173913043,0.1,0.09937888198757763,0.09523809523809523,0.08139534883720931,0.1256544502617801,0.11510791366906475,0.12987012987012986,0.08658008658008658,0.10457516339869281,0.2677165354330709,0.20238095238095238,0.4411764705882353,0.10526315789473684,0.19383259911894274,0.10932475884244373,0.1422924901185771,0.09090909090909091,0.2753623188405797,1.0,0.10344827586206896,0.08092485549132948,0.11282051282051282,0.08695652173913043,0.09174311926605505,0.14634146341463414,0.13013698630136986,0.09243697478991597,0.0761904761904762,0.1,0.06896551724137931,0.09166666666666666,0.07035175879396985,0.08097165991902834,0.09950248756218906,0.12080536912751678,0.08888888888888889,0.13333333333333333,0.0759493670886076,0.12096774193548387,0.07909604519774012,0.1596244131455399,0.08040201005025126,0.055865921787709494,0.10344827586206896,0.10975609756097561,0.07734806629834254,0.08547008547008547,0.05128205128205128,0.05263157894736842,0.06369426751592357,0.06486486486486487,0.10362694300518134,0.10328638497652583,0.06451612903225806,0.09375,0.12413793103448276,0.061855670103092786,0.12158054711246201,0.09395973154362416,0.09771986970684039,0.13259668508287292,0.07650273224043716,0.07142857142857142,0.08333333333333333,0.10426540284360189,0.046875,0.09045226130653267,0.13747228381374724,0.08530805687203792,0.08163265306122448,0.09375,0.0966183574879227,0.08163265306122448,0.10434782608695652,0.15126050420168066,0.10191082802547771,0.09183673469387756,0.11976047904191617,0.1111111111111111,0.11080332409972299,0.11494252873563218,0.09876543209876543,0.09937888198757763,0.10457516339869281,0.11320754716981132,0.11180124223602485,0.1032258064516129,0.14423076923076922,0.11363636363636363,0.056179775280898875,0.16304347826086957,0.09803921568627451,0.08888888888888889,0.0855614973262032,0.15172413793103448,0.0748663101604278,0.09230769230769231,0.0966183574879227,0.100418410041841,0.13756613756613756,0.08849557522123894,0.08536585365853659,0.09230769230769231,0.057971014492753624,0.10619469026548672,0.055248618784530384,0.09216589861751152,0.07860262008733625,0.09954751131221719,0.10426540284360189,0.06315789473684211,0.09045226130653267,0.14130434782608695,0.0673076923076923,0.1111111111111111,0.06896551724137931,0.13333333333333333,0.08264462809917356,0.13114754098360656,0.06521739130434782,0.0821917808219178,0.11956521739130435,0.1834862385321101,0.07874015748031496,0.11494252873563218,0.10695187165775401,0.0821917808219178,0.0639269406392694,0.057971014492753624,0.10227272727272728,0.12931034482758622,0.09045226130653267,0.057803468208092484,0.10344827586206896,0.09523809523809523,0.09424083769633508,0.07608695652173914,0.05405405405405406,0.10810810810810811,0.12429378531073447,0.07766990291262135,0.10050251256281408,0.10679611650485436,0.09345794392523364,0.0947867298578199,0.06,0.09326424870466321,0.10232558139534884,0.08256880733944955,0.07476635514018691,0.09803921568627451,0.08163265306122448,0.136986301369863,0.06167400881057269,0.08196721311475409,0.109375,0.1511627906976744,0.18181818181818182,0.08849557522123894,0.1407035175879397,0.07048458149779736,0.07920792079207921,0.08035714285714286,0.09836065573770492,0.10628019323671498,0.10989010989010989,0.10377358490566038,0.15841584158415842,0.1005586592178771,0.09049773755656108,0.08928571428571429,0.08438818565400844,0.08906882591093117,0.08333333333333333,0.11650485436893204,0.05970149253731343,0.10050251256281408,0.08849557522123894,0.08,0.09142857142857143,0.07142857142857142,0.09523809523809523,0.06779661016949153,0.09282700421940929,0.10138248847926268,0.09737827715355805,0.11224489795918367,0.06926406926406926,0.09523809523809523,0.1407035175879397,0.07692307692307693,0.0861244019138756,0.0972972972972973,0.11904761904761904,0.09473684210526316,0.11363636363636363,0.07792207792207792,0.10714285714285714,0.0730593607305936,0.13,0.08620689655172414,0.11282051282051282,0.06796116504854369,0.07729468599033816,0.1111111111111111,0.07079646017699115,0.11320754716981132,0.0830188679245283,0.07368421052631578,0.08835341365461848,0.09282700421940929,0.11518324607329843,0.1044776119402985,0.12359550561797752,0.27467811158798283,0.08583690987124463,0.08368200836820083,0.07239819004524888,0.08139534883720931,0.11764705882352941
76044,0.104,0.22,0.07734806629834254,0.08,0.09375,0.2938388625592417,0.16352201257861634,0.14942528735632185,0.2151394422310757,0.23121387283236994,0.10884353741496598,0.0851063829787234,0.11538461538461539,0.23529411764705882,0.1214574898785425,0.3021148036253776,0.06593406593406594,0.09195402298850575,0.11392405063291139,0.10344827586206896,1.0,0.18652849740932642,0.11162790697674418,0.10572687224669604,0.2184873949579832,0.18666666666666668,0.23717948717948717,0.2248062015503876,0.25217391304347825,0.21,0.20618556701030927,0.2692307692307692,0.1278538812785388,0.18726591760299627,0.2081447963800905,0.1301775147928994,0.34,0.25,0.07865168539325842,0.05970149253731343,0.30456852791878175,0.060085836909871244,0.182648401826484,0.31155778894472363,0.058823529411764705,0.10869565217391304,0.1890547263681592,0.2125984251968504,0.19318181818181818,0.16279069767441862,0.15819209039548024,0.3804878048780488,0.28169014084507044,0.13733905579399142,0.16,0.1320754716981132,0.14545454545454545,0.205607476635514,0.06303724928366762,0.1301775147928994,0.14067278287461774,0.24875621890547264,0.12807881773399016,0.07377049180327869,0.11320754716981132,0.1038961038961039,0.21621621621621623,0.1917808219178082,0.06794055201698514,0.1471861471861472,0.3055555555555556,0.25471698113207547,0.13215859030837004,0.2777777777777778,0.28,0.10852713178294573,0.1317365269461078,0.2222222222222222,0.13903743315508021,0.23853211009174313,0.08398950131233596,0.16494845360824742,0.3076923076923077,0.3314917127071823,0.057803468208092484,0.16842105263157894,0.2541436464088398,0.12571428571428572,0.20175438596491227,0.1836734693877551,0.15151515151515152,0.10784313725490197,0.26785714285714285,0.18775510204081633,0.15458937198067632,0.19393939393939394,0.21256038647342995,0.17674418604651163,0.14977973568281938,0.2471042471042471,0.15311004784688995,0.14634146341463414,0.21739130434782608,0.29767441860465116,0.14096916299559473,0.1951219512195122,0.1691542288557214,0.27848101265822783,0.20883534136546184,0.16597510373443983,0.1645021645021645,0.22857142857142856,0.1643835616438356,0.14705882352941177,0.22807017543859648,0.1271186440677966,0.26334519572953735,0.18604651162790697,0.08396946564885496,0.21674876847290642,0.20588235294117646,0.1506276150627615,0.09803921568627451,0.14285714285714285,0.13138686131386862,0.15463917525773196,0.17391304347826086,0.17573221757322174,0.18410041841004185,0.23788546255506607,0.1326530612244898,0.10317460317460317,0.1735159817351598,0.16580310880829016,0.19047619047619047,0.2948207171314741,0.22748815165876776,0.2647058823529412,0.2634146341463415,0.18536585365853658,0.14213197969543148,0.24778761061946902,0.1187214611872146,0.168141592920354,0.20512820512820512,0.2597402597402597,0.12727272727272726,0.215962441314554,0.2297872340425532,0.15126050420168066,0.1452991452991453,0.15178571428571427,0.18867924528301888,0.1566265060240964,0.242914979757085,0.1590909090909091,0.18115942028985507,0.1875,0.18340611353711792,0.17886178861788618,0.0730593607305936,0.22672064777327935,0.18018018018018017,0.10655737704918032,0.15151515151515152,0.19383259911894274,0.13861386138613863,0.15517241379310345,0.12612612612612611,0.24120603015075376,0.14107883817427386,0.22950819672131148,0.1867704280155642,0.17228464419475656,0.1271186440677966,0.1592920353982301,0.21971830985915494,0.273972602739726,0.1951219512195122,0.17971014492753623,0.11282051282051282,0.1885245901639344,0.199203187250996,0.140625,0.17898832684824903,0.11814345991561181,0.1672473867595819,0.2037037037037037,0.10358565737051793,0.12440191387559808,0.1552511415525114,0.19801980198019803,0.18340611353711792,0.14634146341463414,0.2127659574468085,0.14285714285714285,0.08163265306122448,0.055776892430278883,0.18032786885245902,0.16736401673640167,0.21818181818181817,0.20634920634920634,0.14883720930232558,0.26548672566371684,0.2907488986784141,0.1834862385321101,0.0975609756097561,0.13793103448275862,0.23157894736842105,0.12380952380952381,0.16356877323420074,0.1867704280155642,0.24644549763033174,0.16883116883116883,0.3333333333333333,0.17391304347826086,0.2845849802371542,0.19305019305019305,0.23236514522821577,0.19791666666666666,0.21965317919075145
82146,0.1686746987951807,0.21105527638190955,0.1,0.08064516129032258,0.16753926701570682,0.20952380952380953,0.189873417721519,0.18497109826589594,0.232,0.1511627906976744,0.1095890410958904,0.1497326203208556,0.09032258064516129,0.13157894736842105,0.16260162601626016,0.21818181818181817,0.13970588235294118,0.13872832369942195,0.10191082802547771,0.08092485549132948,0.18652849740932642,1.0,0.205607476635514,0.168141592920354,0.20253164556962025,0.22321428571428573,0.21864951768488747,0.21011673151750973,0.18340611353711792,0.1708542713567839,0.19689119170984457,0.15444015444015444,0.1651376146788991,0.15037593984962405,0.20909090909090908,0.16666666666666666,0.20100502512562815,0.1708542713567839,0.23728813559322035,0.14232209737827714,0.15306122448979592,0.1896551724137931,0.1559633027522936,0.1717171717171717,0.08888888888888889,0.20765027322404372,0.19,0.2134387351778656,0.2057142857142857,0.1871345029239766,0.19318181818181818,0.22549019607843138,0.20754716981132076,0.20689655172413793,0.25287356321839083,0.21800947867298578,0.1951219512195122,0.19718309859154928,0.13218390804597702,0.17857142857142858,0.20245398773006135,0.22,0.2079207920792079,0.14814814814814814,0.1895734597156398,0.17391304347826086,0.12244897959183673,0.1834862385321101,0.08936170212765958,0.22608695652173913,0.16744186046511628,0.18009478672985782,0.19469026548672566,0.20465116279069767,0.23293172690763053,0.1867704280155642,0.1981981981981982,0.16744186046511628,0.20430107526881722,0.16589861751152074,0.13157894736842105,0.22797927461139897,0.19889502762430938,0.25555555555555554,0.16279069767441862,0.19014084507042253,0.24444444444444444,0.1839080459770115,0.18502202643171806,0.2153846153846154,0.233502538071066,0.19704433497536947,0.17040358744394618,0.21311475409836064,0.18446601941747573,0.24390243902439024,0.21359223300970873,0.18691588785046728,0.21238938053097345,0.1937984496124031,0.22115384615384615,0.16326530612244897,0.18579234972677597,0.2336448598130841,0.168141592920354,0.19591836734693877,0.22,0.17796610169491525,0.23387096774193547,0.18333333333333332,0.21739130434782608,0.15311004784688995,0.22935779816513763,0.20689655172413793,0.1762114537444934,0.19574468085106383,0.15,0.21495327102803738,0.13793103448275862,0.21782178217821782,0.19704433497536947,0.19327731092436976,0.12807881773399016,0.21940928270042195,0.18315018315018314,0.20725388601036268,0.17475728155339806,0.16806722689075632,0.18487394957983194,0.17699115044247787,0.17435897435897435,0.19123505976095617,0.22018348623853212,0.21875,0.199203187250996,0.216,0.20952380952380953,0.15763546798029557,0.1568627450980392,0.18627450980392157,0.20408163265306123,0.16,0.1651376146788991,0.17777777777777778,0.2145922746781116,0.2,0.1278538812785388,0.27358490566037735,0.23931623931623933,0.22784810126582278,0.17167381974248927,0.17937219730941703,0.2196969696969697,0.23030303030303031,0.17886178861788618,0.18250950570342206,0.19636363636363635,0.2198952879581152,0.15789473684210525,0.21224489795918366,0.11926605504587157,0.21951219512195122,0.15384615384615385,0.14814814814814814,0.2661596958174905,0.21238938053097345,0.1890547263681592,0.18181818181818182,0.2171945701357466,0.23232323232323232,0.20833333333333334,0.18106995884773663,0.2265625,0.19548872180451127,0.24680851063829787,0.19555555555555557,0.1751412429378531,0.24770642201834864,0.23673469387755103,0.16279069767441862,0.12371134020618557,0.1646090534979424,0.2,0.1568627450980392,0.1875,0.1864406779661017,0.1958041958041958,0.26046511627906976,0.152,0.21153846153846154,0.1926605504587156,0.1791044776119403,0.17543859649122806,0.16666666666666666,0.26737967914438504,0.19138755980861244,0.17435897435897435,0.12,0.19753086419753085,0.20168067226890757,0.182648401826484,0.20717131474103587,0.21495327102803738,0.20444444444444446,0.25663716814159293,0.22119815668202766,0.20408163265306123,0.2077922077922078,0.16901408450704225,0.16267942583732056,0.22388059701492538,0.2265625,0.24761904761904763,0.20915032679738563,0.2233502538071066,0.1984126984126984,0.1746031746031746,0.18604651162790697,0.19166666666666668,0.2198952879581152,0.2441860465116279
104842,0.16974169741697417,0.15384615384615385,0.16831683168316833,0.1095890410958904,0.20657276995305165,0.13793103448275862,0.2,0.22564102564102564,0.17647058823529413,0.12371134020618557,0.11904761904761904,0.15311004784688995,0.15819209039548024,0.10344827586206896,0.23880597014925373,0.13636363636363635,0.17687074829931973,0.15384615384615385,0.16759776536312848,0.11282051282051282,0.11162790697674418,0.205607476635514,1.0,0.20967741935483872,0.23938223938223938,0.17886178861788618,0.13813813813813813,0.1863799283154122,0.199203187250996,0.18099547511312217,0.22325581395348837,0.199288256227758,0.18333333333333332,0.2013888888888889,0.15702479338842976,0.21052631578947367,0.11764705882352941,0.15384615384615385,0.09045226130653267,0.1314878892733564,0.11926605504587157,0.14960629921259844,0.10833333333333334,0.16363636363636364,0.06369426751592357,0.18536585365853658,0.17117117117117117,0.17454545454545456,0.15228426395939088,0.15544041450777202,0.1919191919191919,0.13274336283185842,0.1452991452991453,0.2047244094488189,0.17346938775510204,0.19742489270386265,0.17204301075268819,0.18723404255319148,0.10810810810810811,0.21052631578947367,0.21264367816091953,0.14414414414414414,0.26785714285714285,0.19622641509433963,0.20600858369098712,0.20634920634920634,0.08284023668639054,0.2,0.0975609756097561,0.18253968253968253,0.10126582278481013,0.1459227467811159,0.20967741935483872,0.1518987341772152,0.2140221402214022,0.15770609318996415,0.19718309859154928,0.1518987341772152,0.20192307692307693,0.13389121338912133,0.13432835820895522,0.16744186046511628,0.12807881773399016,0.13861386138613863,0.12371134020618557,0.17647058823529413,0.1485148514851485,0.22448979591836735,0.1927710843373494,0.17511520737327188,0.2100456621004566,0.21333333333333335,0.1469387755102041,0.19548872180451127,0.22807017543859648,0.15053763440860216,0.21052631578947367,0.1864406779661017,0.20161290322580644,0.19285714285714287,0.23478260869565218,0.1947565543071161,0.1951219512195122,0.211864406779661,0.18548387096774194,0.18726591760299627,0.1981981981981982,0.17829457364341086,0.17777777777777778,0.16793893129770993,0.23015873015873015,0.1471861471861472,0.21666666666666667,0.20444444444444446,0.1927710843373494,0.20233463035019456,0.1986754966887417,0.1864406779661017,0.19081272084805653,0.1875,0.27555555555555555,0.2153846153846154,0.14222222222222222,0.21621621621621623,0.19661016949152543,0.15813953488372093,0.21052631578947367,0.17692307692307693,0.2,0.1935483870967742,0.14746543778801843,0.19047619047619047,0.19166666666666668,0.18691588785046728,0.19047619047619047,0.19117647058823528,0.16379310344827586,0.1688888888888889,0.1415929203539823,0.18584070796460178,0.21100917431192662,0.20242914979757085,0.16666666666666666,0.20242914979757085,0.19607843137254902,0.21428571428571427,0.15767634854771784,0.1794871794871795,0.21875,0.22393822393822393,0.19607843137254902,0.17142857142857143,0.17482517482517482,0.1711229946524064,0.208955223880597,0.16842105263157894,0.20875420875420875,0.18779342723004694,0.16,0.18726591760299627,0.175,0.1865671641791045,0.11522633744855967,0.2037735849056604,0.17543859649122806,0.18548387096774194,0.2062780269058296,0.18181818181818182,0.19753086419753085,0.17272727272727273,0.16793893129770993,0.18867924528301888,0.17266187050359713,0.19444444444444445,0.1556420233463035,0.16194331983805668,0.14893617021276595,0.18333333333333332,0.20224719101123595,0.17486338797814208,0.14814814814814814,0.19622641509433963,0.20588235294117646,0.1588447653429603,0.2014388489208633,0.20155038759689922,0.2012987012987013,0.22784810126582278,0.19852941176470587,0.22608695652173913,0.18333333333333332,0.17937219730941703,0.192,0.19469026548672566,0.21052631578947367,0.19047619047619047,0.1382488479262673,0.15441176470588236,0.21132075471698114,0.19230769230769232,0.15767634854771784,0.20512820512820512,0.17796610169491525,0.23481781376518218,0.1774193548387097,0.19246861924686193,0.2397003745318352,0.18181818181818182,0.20915032679738563,0.21645021645021645,0.2,0.2014388489208633,0.19827586206896552,0.13714285714285715,0.2100456621004566,0.16058394160583941,0.1897810218978102,0.11428571428571428,0.20610687022900764,0.19718309859154928,0.18556701030927836
123631,0.21201413427561838,0.18025751072961374,0.102803738317757,0.08860759493670886,0.48,0.14754098360655737,0.1875,0.13526570048309178,0.23943661971830985,0.13592233009708737,0.1,0.11764705882352941,0.09523809523809523,0.10752688172043011,0.17857142857142858,0.12087912087912088,0.17647058823529413,0.17391304347826086,0.10471204188481675,0.08695652173913043,0.10572687224669604,0.168141592920354,0.20967741935483872,1.0,0.16974169741697417,0.17054263565891473,0.12173913043478261,0.3436426116838488,0.19011406844106463,0.19742489270386265,0.2026431718061674,0.19795221843003413,0.5,0.38666666666666666,0.2204724409448819,0.1485148514851485,0.11158798283261803,0.1459227467811159,0.05687203791469194,0.07973421926910298,0.11304347826086956,0.09022556390977443,0.1111111111111111,0.14655172413793102,0.07100591715976332,0.2119815668202765,0.2564102564102564,0.20209059233449478,0.20095693779904306,0.14634146341463414,0.1619047619047619,0.15966386554621848,0.17886178861788618,0.2781954887218045,0.20192307692307693,0.2857142857142857,0.1717171717171717,0.26720647773279355,0.08376963350785341,0.18811881188118812,0.18888888888888888,0.23931623931623933,0.19491525423728814,0.4620938628158845,0.17142857142857143,0.2196969696969697,0.09944751381215469,0.18253968253968253,0.09126984126984126,0.23484848484848486,0.1285140562248996,0.1469387755102041,0.38461538461538464,0.17670682730923695,0.1978798586572438,0.14432989690721648,0.1907356948228883,0.1927710843373494,0.18181818181818182,0.18326693227091634,0.13043478260869565,0.24669603524229075,0.13023255813953488,0.14018691588785046,0.0970873786407767,0.2389937106918239,0.16822429906542055,0.22115384615384615,0.27586206896551724,0.2096069868995633,0.19047619047619047,0.17721518987341772,0.19455252918287938,0.34532374100719426,0.3,0.16161616161616163,0.2916666666666667,0.21774193548387097,0.3230769230769231,0.6643835616438356,0.2066115702479339,0.3727598566308244,0.18433179723502305,0.1935483870967742,0.2153846153846154,0.27956989247311825,0.19658119658119658,0.1925925925925926,0.23404255319148937,0.24817518248175183,0.29545454545454547,0.1728395061728395,0.23809523809523808,0.270042194092827,0.20689655172413793,0.5576208178438662,0.19745222929936307,0.28225806451612906,0.37966101694915255,0.17796610169491525,0.18565400843881857,0.29411764705882354,0.1518987341772152,0.16236162361623616,0.20195439739413681,0.18502202643171806,0.23333333333333334,0.25,0.19117647058823528,0.25384615384615383,0.17467248908296942,0.23157894736842105,0.1984126984126984,0.22123893805309736,0.21754385964912282,0.15492957746478872,0.21311475409836064,0.17721518987341772,0.18487394957983194,0.2689075630252101,0.23478260869565218,0.2471042471042471,0.2777777777777778,0.2702702702702703,0.23220973782771537,0.1893939393939394,0.2450592885375494,0.2032520325203252,0.22388059701492538,0.2066420664206642,0.23220973782771537,0.2490272373540856,0.2550335570469799,0.1407035175879397,0.18571428571428572,0.26262626262626265,0.34951456310679613,0.24888888888888888,0.22900763358778625,0.3010752688172043,0.18253968253968253,0.2,0.11764705882352941,0.2743682310469314,0.2356902356902357,0.23076923076923078,0.24680851063829787,0.5811320754716981,0.17254901960784313,0.22413793103448276,0.24087591240875914,0.23104693140794225,0.2413793103448276,0.34,0.1412639405204461,0.1776061776061776,0.2422680412371134,0.1984126984126984,0.3010752688172043,0.2275132275132275,0.20175438596491227,0.23826714801444043,0.24647887323943662,0.3044982698961938,0.21379310344827587,0.28888888888888886,0.51875,0.28112449799196787,0.3732394366197183,0.256198347107438,0.2222222222222222,0.18723404255319148,0.183206106870229,0.3445378151260504,0.2081447963800905,0.2139917695473251,0.13100436681222707,0.3873239436619718,0.24548736462093862,0.25735294117647056,0.2134387351778656,0.20350877192982456,0.1774193548387097,0.19305019305019305,0.16923076923076924,0.23107569721115537,0.25806451612903225,0.2188679245283019,0.22012578616352202,0.2551440329218107,0.2582781456953642,0.2689655172413793,0.20491803278688525,0.11764705882352941,0.1645021645021645,0.2097902097902098,0.1958041958041958,0.15753424657534246,0.23357664233576642,0.2311111111111111,0.1553398058252427
126565,0.10884353741496598,0.16393442622950818,0.10666666666666667,0.08284023668639054,0.1440677966101695,0.18823529411764706,0.16748768472906403,0.1743119266055046,0.18983050847457628,0.14746543778801843,0.09424083769633508,0.12931034482758622,0.14,0.14213197969543148,0.2268041237113402,0.21333333333333335,0.138801261829653,0.13761467889908258,0.1485148514851485,0.09174311926605505,0.2184873949579832,0.20253164556962025,0.23938223938223938,0.16974169741697417,1.0,0.15613382899628253,0.21910112359550563,0.25165562913907286,0.21897810218978103,0.1885245901639344,0.31932773109243695,0.35526315789473684,0.1520912547528517,0.1864951768488746,0.15849056603773584,0.18779342723004694,0.20491803278688525,0.18032786885245902,0.08108108108108109,0.10897435897435898,0.1908713692946058,0.1299638989169675,0.12167300380228137,0.2962962962962963,0.03333333333333333,0.13157894736842105,0.17959183673469387,0.174496644295302,0.17272727272727273,0.17592592592592593,0.18099547511312217,0.20883534136546184,0.1867704280155642,0.18050541516245489,0.1643835616438356,0.1484375,0.16267942583732056,0.24031007751937986,0.10687022900763359,0.1596244131455399,0.2210242587601078,0.16326530612244897,0.21052631578947367,0.1527777777777778,0.15625,0.18181818181818182,0.13541666666666666,0.19771863117870722,0.0854368932038835,0.18181818181818182,0.17692307692307693,0.234375,0.15498154981549817,0.23076923076923078,0.21768707482993196,0.152317880794702,0.21693121693121692,0.2,0.13852813852813853,0.19083969465648856,0.13176470588235295,0.17647058823529413,0.20353982300884957,0.20444444444444446,0.12903225806451613,0.22492401215805471,0.18666666666666668,0.1461187214611872,0.20588235294117646,0.175,0.19008264462809918,0.1774193548387097,0.208955223880597,0.17301038062283736,0.2151394422310757,0.14354066985645933,0.23107569721115537,0.18532818532818532,0.18450184501845018,0.21782178217821782,0.25296442687747034,0.1724137931034483,0.30701754385964913,0.22393822393822393,0.18450184501845018,0.21379310344827587,0.18775510204081633,0.2277580071174377,0.19112627986348124,0.16842105263157894,0.2109090909090909,0.1889763779527559,0.19011406844106463,0.1774193548387097,0.23529411764705882,0.17142857142857143,0.27076923076923076,0.1776061776061776,0.16339869281045752,0.1862348178137652,0.28225806451612906,0.21908127208480566,0.14516129032258066,0.19148936170212766,0.20754716981132076,0.15126050420168066,0.20717131474103587,0.2332155477031802,0.1978798586572438,0.2878228782287823,0.14166666666666666,0.14864864864864866,0.19771863117870722,0.20253164556962025,0.20945945945945946,0.2440677966101695,0.20392156862745098,0.25806451612903225,0.21686746987951808,0.17670682730923695,0.13278008298755187,0.2518518518518518,0.16730038022813687,0.2074074074074074,0.20863309352517986,0.2690909090909091,0.18181818181818182,0.21011673151750973,0.1935483870967742,0.24113475177304963,0.18705035971223022,0.16417910447761194,0.18770226537216828,0.1619047619047619,0.24054982817869416,0.2012987012987013,0.2,0.2033898305084746,0.1978021978021978,0.1793103448275862,0.13688212927756654,0.19243986254295534,0.12030075187969924,0.18055555555555555,0.16883116883116883,0.2730627306273063,0.16260162601626016,0.15942028985507245,0.17293233082706766,0.19753086419753085,0.21052631578947367,0.2222222222222222,0.18604651162790697,0.19292604501607716,0.1357142857142857,0.13333333333333333,0.18546365914786966,0.24334600760456274,0.18620689655172415,0.17994858611825193,0.14225941422594143,0.18055555555555555,0.2305084745762712,0.16666666666666666,0.25249169435215946,0.199288256227758,0.18731117824773413,0.2230769230769231,0.18305084745762712,0.18181818181818182,0.18250950570342206,0.1951219512195122,0.1978021978021978,0.17670682730923695,0.21551724137931033,0.2125984251968504,0.125,0.10847457627118644,0.24305555555555555,0.22614840989399293,0.1590909090909091,0.19594594594594594,0.1776061776061776,0.2518518518518518,0.23616236162361623,0.183206106870229,0.2206896551724138,0.16666666666666666,0.22492401215805471,0.15748031496062992,0.19808306709265175,0.19933554817275748,0.2980392156862745,0.1111111111111111,0.3140495867768595,0.16835016835016836,0.2222222222222222,0.1782178217821782,0.22456140350877193,0.2288135593220339,0.18433179723502305
126941,0.20640569395017794,0.19913419913419914,0.1320754716981132,0.07692307692307693,0.16143497757847533,0.2644628099173554,0.29473684210526313,0.1951219512195122,0.23404255319148937,0.19607843137254902,0.15730337078651685,0.1461187214611872,0.13903743315508021,0.15217391304347827,0.15827338129496402,0.1878453038674033,0.09868421052631579,0.11707317073170732,0.13756613756613756,0.14634146341463414,0.18666666666666668,0.22321428571428573,0.17886178861788618,0.17054263565891473,0.15613382899628253,1.0,0.1749271137026239,0.16608996539792387,0.16091954022988506,0.22510822510822512,0.1688888888888889,0.15807560137457044,0.176,0.174496644295302,0.21428571428571427,0.16,0.2077922077922078,0.2597402597402597,0.09569377990430622,0.12709030100334448,0.17543859649122806,0.09848484848484848,0.2,0.1565217391304348,0.1437125748502994,0.13023255813953488,0.21551724137931033,0.21754385964912282,0.18357487922705315,0.12807881773399016,0.16346153846153846,0.2033898305084746,0.2540983606557377,0.22727272727272727,0.1941747572815534,0.1728395061728395,0.14285714285714285,0.13877551020408163,0.10526315789473684,0.18,0.15083798882681565,0.20689655172413793,0.15384615384615385,0.14545454545454545,0.18930041152263374,0.19083969465648856,0.11173184357541899,0.192,0.16733067729083664,0.1984732824427481,0.1862348178137652,0.205761316872428,0.20155038759689922,0.20242914979757085,0.24199288256227758,0.1522491349480969,0.15342465753424658,0.15384615384615385,0.21100917431192662,0.18473895582329317,0.11650485436893204,0.19555555555555557,0.1784037558685446,0.25471698113207547,0.058823529411764705,0.20253164556962025,0.2641509433962264,0.21359223300970873,0.16988416988416988,0.2290748898678414,0.18340611353711792,0.13617021276595745,0.18823529411764706,0.2028985507246377,0.19327731092436976,0.23469387755102042,0.15966386554621848,0.21951219512195122,0.17829457364341086,0.20689655172413793,0.19166666666666668,0.15162454873646208,0.17674418604651163,0.23577235772357724,0.20930232558139536,0.24548736462093862,0.20689655172413793,0.17164179104477612,0.22142857142857142,0.22058823529411764,0.20610687022900764,0.22406639004149378,0.24,0.22127659574468084,0.18532818532818532,0.18726591760299627,0.15384615384615385,0.21138211382113822,0.14334470989761092,0.23076923076923078,0.16170212765957448,0.15555555555555556,0.1276595744680851,0.19330855018587362,0.15737704918032788,0.18666666666666668,0.21008403361344538,0.17037037037037037,0.17777777777777778,0.13178294573643412,0.18502202643171806,0.1978798586572438,0.2,0.14285714285714285,0.1625441696113074,0.19858156028368795,0.2066115702479339,0.18723404255319148,0.16101694915254236,0.2627118644067797,0.21052631578947367,0.2178988326848249,0.184,0.1556420233463035,0.2339622641509434,0.20610687022900764,0.1593625498007968,0.20491803278688525,0.19548872180451127,0.17100371747211895,0.2188679245283019,0.19607843137254902,0.17567567567567569,0.17258883248730963,0.15827338129496402,0.17627118644067796,0.254071661237785,0.26905829596412556,0.16923076923076924,0.19494584837545126,0.184,0.22302158273381295,0.20553359683794467,0.17454545454545456,0.25084745762711863,0.1937984496124031,0.22317596566523606,0.20532319391634982,0.16600790513833993,0.22608695652173913,0.19852941176470587,0.18181818181818182,0.2013888888888889,0.174496644295302,0.1797752808988764,0.24124513618677043,0.17098445595854922,0.192,0.18772563176895307,0.16489361702127658,0.1504424778761062,0.1890909090909091,0.1702127659574468,0.1602787456445993,0.2222222222222222,0.19402985074626866,0.18238993710691823,0.20242914979757085,0.1773049645390071,0.18333333333333332,0.208,0.1888412017167382,0.2230769230769231,0.1864406779661017,0.2374429223744292,0.1825726141078838,0.12334801762114538,0.1276595744680851,0.1890909090909091,0.17777777777777778,0.24701195219123506,0.2049469964664311,0.18699186991869918,0.16342412451361868,0.2248062015503876,0.20883534136546184,0.12274368231046931,0.2737642585551331,0.16455696202531644,0.1825726141078838,0.19333333333333333,0.19444444444444445,0.23140495867768596,0.1837837837837838,0.26200873362445415,0.2323943661971831,0.19014084507042253,0.15172413793103448,0.17647058823529413,0.17937219730941703,0.20588235294117646
148124,0.14673913043478262,0.16352201257861634,0.0802675585284281,0.05761316872427984,0.1032258064516129,0.2066869300911854,0.10108303249097472,0.1506849315068493,0.16802168021680217,0.15807560137457044,0.07547169811320754,0.13725490196078433,0.12408759124087591,0.12546125461254612,0.2191780821917808,0.7616926503340757,0.16879795396419436,0.0958904109589041,0.10869565217391304,0.13013698630136986,0.23717948717948717,0.21864951768488747,0.13813813813813813,0.12173913043478261,0.21910112359550563,0.1749271137026239,1.0,0.21808510638297873,0.14367816091954022,0.16981132075471697,0.16025641025641027,0.19576719576719576,0.13056379821958458,0.13506493506493505,0.1710914454277286,0.13240418118466898,0.2830188679245283,0.20754716981132076,0.14189189189189189,0.27461139896373055,0.17142857142857143,0.2336182336182336,0.2195845697329377,0.1829652996845426,0.11023622047244094,0.1456953642384106,0.13166144200626959,0.15591397849462366,0.14965986394557823,0.1310344827586207,0.1288135593220339,0.26006191950464397,0.22356495468277945,0.13675213675213677,0.14334470989761092,0.15757575757575756,0.12014134275618374,0.1746987951807229,0.26552462526766596,0.10452961672473868,0.25617977528089886,0.1755485893416928,0.1308411214953271,0.11049723756906077,0.12727272727272726,0.14326647564469913,0.12781954887218044,0.17210682492581603,0.1731748726655348,0.1489971346704871,0.20958083832335328,0.1696969696969697,0.12173913043478261,0.18562874251497005,0.22826086956521738,0.2127659574468085,0.252212389380531,0.17964071856287425,0.1377049180327869,0.22023809523809523,0.22044088176352705,0.14102564102564102,0.20666666666666667,0.26755852842809363,0.12371134020618557,0.1935483870967742,0.16722408026755853,0.10238907849829351,0.16184971098265896,0.1464968152866242,0.17088607594936708,0.17391304347826086,0.1695906432748538,0.15977961432506887,0.13538461538461538,0.14840989399293286,0.20307692307692307,0.16216216216216217,0.16231884057971013,0.21750663129973474,0.1529051987767584,0.12637362637362637,0.15894039735099338,0.22822822822822822,0.11594202898550725,0.16483516483516483,0.16927899686520376,0.15774647887323945,0.16893732970027248,0.15598885793871867,0.17191977077363896,0.15853658536585366,0.14836795252225518,0.11801242236024845,0.15606936416184972,0.14124293785310735,0.18045112781954886,0.15615615615615616,0.11052631578947368,0.14953271028037382,0.15527950310559005,0.16806722689075632,0.10559006211180125,0.24719101123595505,0.15306122448979592,0.15384615384615385,0.15384615384615385,0.15126050420168066,0.1400560224089636,0.17971014492753623,0.1464968152866242,0.15675675675675677,0.16023738872403562,0.14790996784565916,0.1891891891891892,0.24932249322493225,0.1580547112462006,0.17391304347826086,0.14860681114551083,0.13622291021671826,0.13333333333333333,0.18604651162790697,0.11869436201780416,0.1569767441860465,0.17613636363636365,0.20057306590257878,0.11834319526627218,0.18126888217522658,0.20396600566572237,0.1853932584269663,0.14204545454545456,0.1286549707602339,0.18798955613577023,0.13380281690140844,0.16986301369863013,0.17801047120418848,0.16243654822335024,0.12903225806451613,0.19020172910662825,0.19230769230769232,0.11275964391691394,0.1643835616438356,0.21176470588235294,0.11049723756906077,0.21465968586387435,0.1855072463768116,0.11875,0.13142857142857142,0.17058823529411765,0.1829652996845426,0.15041782729805014,0.19337016574585636,0.17066666666666666,0.17662337662337663,0.2033898305084746,0.22093023255813954,0.1945031712473573,0.20178041543026706,0.18681318681318682,0.16846652267818574,0.09584664536741214,0.13259668508287292,0.2005420054200542,0.12834224598930483,0.176,0.14084507042253522,0.1728395061728395,0.19760479041916168,0.10840108401084012,0.14067278287461774,0.142433234421365,0.14375,0.16714697406340057,0.1238390092879257,0.16993464052287582,0.12804878048780488,0.1464968152866242,0.10298102981029811,0.1878453038674033,0.1792717086834734,0.14792899408284024,0.15675675675675677,0.1921921921921922,0.18604651162790697,0.24347826086956523,0.15476190476190477,0.13736263736263737,0.15428571428571428,0.16377171215880892,0.10365853658536585,0.165374677002584,0.17066666666666666,0.2006079027355623,0.125,0.25316455696202533,0.20485175202156333,0.2210242587601078,0.1909814323607427,0.18384401114206128,0.1870967741935484,0.15120274914089346
156422,0.21019108280254778,0.21212121212121213,0.08163265306122448,0.05291005291005291,0.1640625,0.27636363636363637,0.15246636771300448,0.14285714285714285,0.31746031746031744,0.16877637130801687,0.10426540284360189,0.12698412698412698,0.09090909090909091,0.1382488479262673,0.16720257234726688,0.20759493670886076,0.13649851632047477,0.16806722689075632,0.09009009009009009,0.09243697478991597,0.2248062015503876,0.21011673151750973,0.1863799283154122,0.3436426116838488,0.25165562913907286,0.16608996539792387,0.21808510638297873,1.0,0.25170068027210885,0.19696969696969696,0.24031007751937986,0.29012345679012347,0.21201413427561838,0.2537764350453172,0.26666666666666666,0.1459227467811159,0.21212121212121213,0.19696969696969696,0.10743801652892562,0.0963855421686747,0.19157088122605365,0.12121212121212122,0.1696113074204947,0.2813688212927757,0.08,0.1774193548387097,0.19622641509433963,0.24528301886792453,0.20833333333333334,0.15254237288135594,0.16597510373443983,0.26765799256505574,0.22382671480144403,0.26936026936026936,0.19246861924686193,0.2246376811594203,0.1572052401746725,0.302158273381295,0.09685230024213075,0.13733905579399142,0.23017902813299232,0.2339622641509434,0.1947565543071161,0.2532467532467532,0.18115942028985507,0.22372881355932203,0.1320754716981132,0.1978798586572438,0.10093457943925234,0.2440677966101695,0.2357142857142857,0.2391304347826087,0.23367697594501718,0.25,0.3184713375796178,0.16149068322981366,0.22613065326633167,0.24285714285714285,0.19123505976095617,0.22695035460992907,0.14831460674157304,0.21705426356589147,0.21138211382113822,0.24489795918367346,0.10970464135021098,0.27507163323782235,0.23673469387755103,0.19246861924686193,0.23972602739726026,0.2076923076923077,0.25190839694656486,0.14925373134328357,0.3055555555555556,0.26537216828478966,0.2878228782287823,0.17467248908296942,0.3247232472324723,0.2222222222222222,0.281786941580756,0.42105263157894735,0.18315018315018314,0.3096774193548387,0.23387096774193547,0.2867383512544803,0.19243986254295534,0.3161290322580645,0.2490566037735849,0.3521594684385382,0.31309904153354634,0.2360655737704918,0.31186440677966104,0.20437956204379562,0.2332155477031802,0.22388059701492538,0.2671232876712329,0.24666666666666667,0.25507246376811593,0.23655913978494625,0.26993865030674846,0.20973782771535582,0.20149253731343283,0.27722772277227725,0.1417910447761194,0.17880794701986755,0.21893491124260356,0.1937984496124031,0.23616236162361623,0.2706270627062706,0.24422442244224424,0.35051546391752575,0.18461538461538463,0.23417721518987342,0.21908127208480566,0.22568093385214008,0.2721518987341772,0.2984126984126984,0.32,0.22388059701492538,0.275092936802974,0.2379182156133829,0.2222222222222222,0.22758620689655173,0.18374558303886926,0.22758620689655173,0.2348993288590604,0.23728813559322035,0.2323943661971831,0.24548736462093862,0.3010033444816054,0.25165562913907286,0.19463087248322147,0.22916666666666666,0.3161094224924012,0.1565217391304348,0.2958199356913183,0.2865853658536585,0.38823529411764707,0.2421875,0.20477815699658702,0.3548387096774194,0.18374558303886926,0.26366559485530544,0.16783216783216784,0.2532467532467532,0.2621951219512195,0.28865979381443296,0.20300751879699247,0.22297297297297297,0.21678321678321677,0.2509505703422053,0.22950819672131148,0.2532467532467532,0.2803738317757009,0.45317220543806647,0.17333333333333334,0.2206896551724138,0.3341288782816229,0.26148409893992935,0.27741935483870966,0.2591687041564792,0.138996138996139,0.21428571428571427,0.3111111111111111,0.2875,0.2616822429906542,0.2724252491694352,0.3817663817663818,0.3357142857142857,0.21587301587301588,0.1978021978021978,0.1978798586572438,0.20300751879699247,0.23890784982935154,0.21561338289962825,0.1984126984126984,0.17518248175182483,0.16923076923076924,0.20952380952380953,0.3051948051948052,0.30363036303630364,0.20422535211267606,0.2721518987341772,0.22939068100358423,0.2620689655172414,0.27491408934707906,0.24822695035460993,0.24516129032258063,0.20270270270270271,0.28653295128939826,0.20437956204379562,0.2822822822822823,0.3052959501557632,0.2909090909090909,0.14678899082568808,0.25190839694656486,0.2334384858044164,0.25236593059936907,0.21052631578947367,0.26229508196721313,0.234375,0.18565400843881857
159324,0.16783216783216784,0.1864406779661017,0.08294930875576037,0.07453416149068323,0.18421052631578946,0.242914979757085,0.2564102564102564,0.1523809523809524,0.2926829268292683,0.09569377990430622,0.14207650273224043,0.10714285714285714,0.10416666666666667,0.10582010582010581,0.1625441696113074,0.16893732970027248,0.12944983818770225,0.13333333333333333,0.10309278350515463,0.0761904761904762,0.25217391304347825,0.18340611353711792,0.199203187250996,0.19011406844106463,0.21897810218978103,0.16091954022988506,0.14367816091954022,0.25170068027210885,1.0,0.16101694915254236,0.34782608695652173,0.27702702702702703,0.19607843137254902,0.2838283828382838,0.2490272373540856,0.17560975609756097,0.1694915254237288,0.16101694915254236,0.04672897196261682,0.046052631578947366,0.20600858369098712,0.07434944237918216,0.09411764705882353,0.2553191489361702,0.03488372093023256,0.14545454545454545,0.2616033755274262,0.30344827586206896,0.2358490566037736,0.15384615384615385,0.20657276995305165,0.24066390041493776,0.20080321285140562,0.20074349442379183,0.2559241706161137,0.18548387096774194,0.1890547263681592,0.232,0.046753246753246755,0.16585365853658537,0.1652892561983471,0.270042194092827,0.19246861924686193,0.21428571428571427,0.16129032258064516,0.17228464419475656,0.09782608695652174,0.24313725490196078,0.07889546351084813,0.1947565543071161,0.21428571428571427,0.18548387096774194,0.21292775665399238,0.23015873015873015,0.3006993006993007,0.12244897959183673,0.15135135135135136,0.15079365079365079,0.17040358744394618,0.15748031496062992,0.09112709832134293,0.17391304347826086,0.1834862385321101,0.20276497695852536,0.07655502392344497,0.23052959501557632,0.22119815668202766,0.1895734597156398,0.24242424242424243,0.15517241379310345,0.2222222222222222,0.15,0.24615384615384617,0.23487544483985764,0.2139917695473251,0.1791044776119403,0.2222222222222222,0.23107569721115537,0.23574144486692014,0.2305084745762712,0.21224489795918366,0.19148936170212766,0.2545454545454545,0.2788844621513944,0.2585551330798479,0.2553191489361702,0.23628691983122363,0.30036630036630035,0.2807017543859649,0.17328519855595667,0.18726591760299627,0.1951219512195122,0.25098039215686274,0.225,0.25757575757575757,0.19117647058823528,0.27129337539432175,0.23904382470119523,0.16778523489932887,0.2510460251046025,0.25833333333333336,0.26181818181818184,0.11666666666666667,0.1897810218978102,0.21935483870967742,0.17391304347826086,0.2222222222222222,0.1890909090909091,0.24,0.2661596958174905,0.1724137931034483,0.16666666666666666,0.24313725490196078,0.2096069868995633,0.3263888888888889,0.2578397212543554,0.291497975708502,0.25,0.2572614107883817,0.23236514522821577,0.17167381974248927,0.22900763358778625,0.21176470588235294,0.22900763358778625,0.3111111111111111,0.26217228464419473,0.1328125,0.2248995983935743,0.3173431734317343,0.24087591240875914,0.2074074074074074,0.17692307692307693,0.26578073089701,0.1485148514851485,0.3674911660777385,0.21333333333333335,0.24358974358974358,0.20175438596491227,0.15849056603773584,0.22695035460992907,0.11764705882352941,0.31095406360424027,0.09302325581395349,0.18571428571428572,0.18666666666666668,0.19771863117870722,0.20168067226890757,0.1865671641791045,0.16279069767441862,0.28085106382978725,0.18772563176895307,0.22142857142857142,0.23890784982935154,0.2376237623762376,0.11029411764705882,0.15267175572519084,0.24552429667519182,0.26666666666666666,0.2553191489361702,0.2204724409448819,0.12987012987012986,0.2785714285714286,0.22996515679442509,0.21232876712328766,0.23208191126279865,0.18315018315018314,0.22291021671826625,0.21428571428571427,0.2229965156794425,0.1469387755102041,0.17254901960784313,0.21008403361344538,0.24150943396226415,0.2074688796680498,0.23214285714285715,0.23577235772357724,0.08620689655172414,0.11149825783972125,0.24285714285714285,0.24727272727272728,0.2578125,0.2916666666666667,0.24701195219123506,0.29770992366412213,0.2661596958174905,0.28346456692913385,0.19858156028368795,0.14925373134328357,0.29283489096573206,0.18699186991869918,0.22950819672131148,0.23890784982935154,0.22672064777327935,0.11578947368421053,0.21367521367521367,0.17993079584775087,0.2560553633217993,0.1423728813559322,0.3104693140794224,0.21929824561403508,0.1339712918660287
160355,0.21875,0.1650485436893204,0.12834224598930483,0.061068702290076333,0.18181818181818182,0.2488479262672811,0.21818181818181817,0.16666666666666666,0.21011673151750973,0.2346368715083799,0.1568627450980392,0.09278350515463918,0.13580246913580246,0.2641509433962264,0.12648221343873517,0.16023738872403562,0.0931899641577061,0.13333333333333333,0.13414634146341464,0.1,0.21,0.1708542713567839,0.18099547511312217,0.19742489270386265,0.1885245901639344,0.22510822510822512,0.16981132075471697,0.19696969696969696,0.16101694915254236,1.0,0.19,0.17293233082706766,0.21333333333333335,0.1978021978021978,0.15859030837004406,0.13714285714285715,0.21359223300970873,0.33980582524271846,0.06521739130434782,0.08029197080291971,0.19704433497536947,0.09205020920502092,0.27555555555555555,0.18536585365853658,0.056338028169014086,0.1368421052631579,0.27053140096618356,0.2,0.2087912087912088,0.16853932584269662,0.14207650273224043,0.24644549763033174,0.2648401826484018,0.23430962343096234,0.16574585635359115,0.1743119266055046,0.11695906432748537,0.17272727272727273,0.07887323943661972,0.17142857142857143,0.15015015015015015,0.17391304347826086,0.16267942583732056,0.16,0.1651376146788991,0.1940928270042194,0.2077922077922078,0.16,0.11740041928721175,0.1940928270042194,0.22522522522522523,0.22018348623853212,0.19742489270386265,0.2072072072072072,0.296875,0.12878787878787878,0.14705882352941177,0.26126126126126126,0.20725388601036268,0.20535714285714285,0.11369509043927649,0.15,0.22340425531914893,0.2887700534759358,0.0670391061452514,0.18556701030927836,0.20320855614973263,0.26519337016574585,0.20512820512820512,0.19801980198019803,0.20588235294117646,0.13333333333333333,0.20869565217391303,0.199203187250996,0.22535211267605634,0.15204678362573099,0.28169014084507044,0.2081447963800905,0.18025751072961374,0.2339622641509434,0.18604651162790697,0.15079365079365079,0.23157894736842105,0.26244343891402716,0.2145922746781116,0.19047619047619047,0.2222222222222222,0.1728395061728395,0.18823529411764706,0.23481781376518218,0.21940928270042195,0.2962962962962963,0.21333333333333335,0.23809523809523808,0.19658119658119658,0.18181818181818182,0.20209059233449478,0.2171945701357466,0.15671641791044777,0.15311004784688995,0.17142857142857143,0.17959183673469387,0.09523809523809523,0.13934426229508196,0.1357142857142857,0.15,0.24413145539906103,0.21224489795918366,0.15510204081632653,0.1630901287553648,0.1485148514851485,0.18604651162790697,0.14222222222222222,0.21105527638190955,0.16279069767441862,0.21011673151750973,0.16589861751152074,0.22857142857142856,0.21800947867298578,0.20853080568720378,0.19704433497536947,0.29310344827586204,0.17777777777777778,0.21551724137931033,0.225,0.24472573839662448,0.19469026548672566,0.273972602739726,0.1908713692946058,0.16393442622950818,0.25,0.24347826086956523,0.17712177121771217,0.16279069767441862,0.18972332015810275,0.24444444444444444,0.18439716312056736,0.23232323232323232,0.22127659574468084,0.23015873015873015,0.17777777777777778,0.2134387351778656,0.2807017543859649,0.168,0.21481481481481482,0.18025751072961374,0.18269230769230768,0.21008403361344538,0.14035087719298245,0.1951219512195122,0.19433198380566802,0.304,0.16730038022813687,0.17582417582417584,0.1487603305785124,0.1810344827586207,0.17174515235457063,0.20444444444444446,0.15079365079365079,0.18233618233618235,0.1691542288557214,0.152,0.22568093385214008,0.16793893129770993,0.22053231939163498,0.19753086419753085,0.15017064846416384,0.25225225225225223,0.21011673151750973,0.18604651162790697,0.17777777777777778,0.21153846153846154,0.2127659574468085,0.21800947867298578,0.16494845360824742,0.17592592592592593,0.13861386138613863,0.1867704280155642,0.24,0.22040816326530613,0.17699115044247787,0.20930232558139536,0.17194570135746606,0.21551724137931033,0.2317596566523605,0.21428571428571427,0.14285714285714285,0.23529411764705882,0.16494845360824742,0.2037037037037037,0.16727272727272727,0.16730038022813687,0.2119815668202765,0.1375,0.28431372549019607,0.23166023166023167,0.20077220077220076,0.15849056603773584,0.21052631578947367,0.21212121212121213,0.22346368715083798
176158,0.136,0.2,0.12154696132596685,0.144,0.17708333333333334,0.21800947867298578,0.2389937106918239,0.19540229885057472,0.20717131474103587,0.16184971098265896,0.1360544217687075,0.13829787234042554,0.10256410256410256,0.1568627450980392,0.17813765182186234,0.15709969788519637,0.12454212454212454,0.13793103448275862,0.10126582278481013,0.06896551724137931,0.20618556701030927,0.19689119170984457,0.22325581395348837,0.2026431718061674,0.31932773109243695,0.1688888888888889,0.16025641025641027,0.24031007751937986,0.34782608695652173,0.19,1.0,0.5692307692307692,0.182648401826484,0.23220973782771537,0.23529411764705882,0.23668639053254437,0.21,0.19,0.0449438202247191,0.05223880597014925,0.2131979695431472,0.08583690987124463,0.136986301369863,0.271356783919598,0.04411764705882353,0.16304347826086957,0.23880597014925373,0.2204724409448819,0.22727272727272727,0.19767441860465115,0.192090395480226,0.2048780487804878,0.2347417840375587,0.19742489270386265,0.32,0.20754716981132076,0.23030303030303031,0.27102803738317754,0.05157593123209169,0.2485207100591716,0.2018348623853211,0.208955223880597,0.22660098522167488,0.20491803278688525,0.2169811320754717,0.18181818181818182,0.16216216216216217,0.2465753424657534,0.07218683651804671,0.19913419913419914,0.21296296296296297,0.24528301886792453,0.21145374449339208,0.25925925925925924,0.288,0.16279069767441862,0.19161676646706588,0.2037037037037037,0.1925133689839572,0.1834862385321101,0.09973753280839895,0.21649484536082475,0.24175824175824176,0.2430939226519337,0.08092485549132948,0.24561403508771928,0.23204419889502761,0.18285714285714286,0.24561403508771928,0.1836734693877551,0.2222222222222222,0.17647058823529413,0.24107142857142858,0.20408163265306123,0.2318840579710145,0.20606060606060606,0.25120772946859904,0.22325581395348837,0.24669603524229075,0.22393822393822393,0.2583732057416268,0.17886178861788618,0.44565217391304346,0.25116279069767444,0.36123348017621143,0.23577235772357724,0.23880597014925373,0.2616033755274262,0.20883534136546184,0.1908713692946058,0.22510822510822512,0.20952380952380953,0.2557077625570776,0.24509803921568626,0.2719298245614035,0.19491525423728814,0.24199288256227758,0.22325581395348837,0.17557251908396945,0.2660098522167488,0.4117647058823529,0.27615062761506276,0.1568627450980392,0.20168067226890757,0.26277372262773724,0.17525773195876287,0.28019323671497587,0.24267782426778242,0.2175732217573222,0.30837004405286345,0.20408163265306123,0.15873015873015872,0.2465753424657534,0.25906735751295334,0.2857142857142857,0.23904382470119523,0.2559241706161137,0.28431372549019607,0.25365853658536586,0.2146341463414634,0.16243654822335024,0.26548672566371684,0.2374429223744292,0.25663716814159293,0.2905982905982906,0.24242424242424243,0.18181818181818182,0.215962441314554,0.26382978723404255,0.25210084033613445,0.23076923076923078,0.17857142857142858,0.21132075471698114,0.1566265060240964,0.27530364372469635,0.25,0.2028985507246377,0.20833333333333334,0.20087336244541484,0.2032520325203252,0.1004566210045662,0.242914979757085,0.13513513513513514,0.19672131147540983,0.18181818181818182,0.27312775330396477,0.2376237623762376,0.1810344827586207,0.16216216216216217,0.32160804020100503,0.2074688796680498,0.22131147540983606,0.20233463035019456,0.20224719101123595,0.1271186440677966,0.1504424778761062,0.19718309859154928,0.2648401826484018,0.21138211382113822,0.17391304347826086,0.14358974358974358,0.22950819672131148,0.2549800796812749,0.171875,0.2801556420233463,0.17721518987341772,0.1951219512195122,0.25,0.23107569721115537,0.1722488038277512,0.182648401826484,0.2376237623762376,0.2445414847161572,0.22439024390243903,0.2978723404255319,0.2761904761904762,0.09183673469387756,0.09561752988047809,0.26229508196721313,0.26778242677824265,0.22727272727272727,0.25396825396825395,0.22325581395348837,0.2831858407079646,0.29955947136563876,0.25688073394495414,0.2032520325203252,0.1724137931034483,0.23157894736842105,0.1619047619047619,0.20817843866171004,0.21011673151750973,0.3033175355450237,0.14285714285714285,0.32323232323232326,0.15810276679841898,0.2608695652173913,0.18532818532818532,0.29045643153526973,0.3125,0.18497109826589594
176167,0.12025316455696203,0.15789473684210525,0.09716599190283401,0.09424083769633508,0.13953488372093023,0.23104693140794225,0.1511111111111111,0.15,0.28391167192429023,0.13389121338912133,0.12206572769953052,0.12598425196850394,0.10810810810810811,0.1278538812785388,0.17891373801916932,0.2216624685138539,0.11799410029498525,0.16666666666666666,0.10714285714285714,0.09166666666666666,0.2692307692307692,0.15444015444015444,0.199288256227758,0.19795221843003413,0.35526315789473684,0.15807560137457044,0.19576719576719576,0.29012345679012347,0.27702702702702703,0.17293233082706766,0.5692307692307692,1.0,0.1543859649122807,0.2222222222222222,0.1951219512195122,0.2127659574468085,0.22556390977443608,0.18045112781954886,0.05737704918032787,0.059880239520958084,0.19011406844106463,0.11371237458193979,0.11929824561403508,0.2943396226415094,0.039603960396039604,0.136,0.1797752808988764,0.225,0.18181818181818182,0.15966386554621848,0.1728395061728395,0.25830258302583026,0.1863799283154122,0.20066889632107024,0.15767634854771784,0.15827338129496402,0.15584415584415584,0.2571428571428571,0.07228915662650602,0.19574468085106383,0.21374045801526717,0.18726591760299627,0.18587360594795538,0.1935483870967742,0.16546762589928057,0.22895622895622897,0.12149532710280374,0.23157894736842105,0.074487895716946,0.2222222222222222,0.22695035460992907,0.20863309352517986,0.15699658703071673,0.28368794326241137,0.2468354430379747,0.15432098765432098,0.205,0.24113475177304963,0.12648221343873517,0.24647887323943662,0.12527964205816555,0.17692307692307693,0.1935483870967742,0.20242914979757085,0.1087866108786611,0.2792022792022792,0.20242914979757085,0.14937759336099585,0.20408163265306123,0.13740458015267176,0.17424242424242425,0.14814814814814814,0.2482758620689655,0.19292604501607716,0.24175824175824176,0.13852813852813853,0.2490842490842491,0.21352313167259787,0.18430034129692832,0.27076923076923076,0.2109090909090909,0.21794871794871795,0.368,0.26334519572953735,0.19795221843003413,0.26282051282051283,0.1947565543071161,0.264026402640264,0.273015873015873,0.20195439739413681,0.24242424242424243,0.21014492753623187,0.21754385964912282,0.17777777777777778,0.24489795918367346,0.17880794701986755,0.3919308357348703,0.199288256227758,0.20121951219512196,0.20074349442379183,0.28888888888888886,0.2360655737704918,0.17777777777777778,0.15789473684210525,0.24705882352941178,0.16923076923076924,0.2564102564102564,0.24918032786885247,0.21639344262295082,0.32764505119453924,0.17557251908396945,0.2138364779874214,0.20350877192982456,0.19305019305019305,0.24528301886792453,0.2586750788643533,0.21660649819494585,0.25925925925925924,0.25830258302583026,0.18450184501845018,0.12927756653992395,0.2534246575342466,0.21052631578947367,0.21232876712328766,0.20666666666666667,0.26262626262626265,0.20279720279720279,0.2222222222222222,0.23920265780730898,0.25,0.21333333333333335,0.19310344827586207,0.2537764350453172,0.14655172413793102,0.28115015974440893,0.2727272727272727,0.23976608187134502,0.17054263565891473,0.2305084745762712,0.23076923076923078,0.14035087719298245,0.23003194888178913,0.11805555555555555,0.23225806451612904,0.2,0.30716723549488056,0.17164179104477612,0.15436241610738255,0.1736111111111111,0.2641509433962264,0.2280130293159609,0.2645161290322581,0.26625386996904027,0.22822822822822822,0.12582781456953643,0.1232876712328767,0.2375296912114014,0.28771929824561404,0.22435897435897437,0.2725060827250608,0.1839080459770115,0.23870967741935484,0.277602523659306,0.21739130434782608,0.29721362229102166,0.19801980198019803,0.23796033994334279,0.24113475177304963,0.27129337539432175,0.14545454545454545,0.19649122807017544,0.21641791044776118,0.22372881355932203,0.2066420664206642,0.1968503937007874,0.2246376811594203,0.16030534351145037,0.15141955835962145,0.2903225806451613,0.26885245901639343,0.16783216783216784,0.25157232704402516,0.16370106761565836,0.2808219178082192,0.27303754266211605,0.19014084507042253,0.24358974358974358,0.20134228187919462,0.2905982905982906,0.21014492753623187,0.2507462686567164,0.26625386996904027,0.2888086642599278,0.09090909090909091,0.30303030303030304,0.15673981191222572,0.26959247648902823,0.23384615384615384,0.28664495114006516,0.23255813953488372,0.14225941422594143
176870,0.21818181818181817,0.17777777777777778,0.10679611650485436,0.05333333333333334,0.4608294930875576,0.1694915254237288,0.17391304347826086,0.1507537688442211,0.1956521739130435,0.16161616161616163,0.09302325581395349,0.11267605633802817,0.07734806629834254,0.12359550561797752,0.15441176470588236,0.12921348314606743,0.15436241610738255,0.10050251256281408,0.07650273224043716,0.07035175879396985,0.1278538812785388,0.1651376146788991,0.18333333333333332,0.5,0.1520912547528517,0.176,0.13056379821958458,0.21201413427561838,0.19607843137254902,0.21333333333333335,0.182648401826484,0.1543859649122807,1.0,0.3493150684931507,0.1951219512195122,0.13402061855670103,0.14222222222222222,0.17777777777777778,0.03940886699507389,0.08873720136518772,0.12612612612612611,0.06201550387596899,0.13934426229508196,0.16071428571428573,0.09937888198757763,0.19138755980861244,0.2831858407079646,0.2078853046594982,0.25870646766169153,0.14213197969543148,0.12871287128712872,0.19130434782608696,0.21008403361344538,0.20155038759689922,0.18,0.21940928270042195,0.12631578947368421,0.16736401673640167,0.08021390374331551,0.1958762886597938,0.17613636363636365,0.25663716814159293,0.15789473684210525,0.31226765799256506,0.16877637130801687,0.171875,0.12716763005780346,0.1885245901639344,0.09274193548387097,0.1875,0.14937759336099585,0.17721518987341772,0.2857142857142857,0.1991701244813278,0.19636363636363635,0.14840989399293286,0.17270194986072424,0.14937759336099585,0.16981132075471697,0.14814814814814814,0.11822660098522167,0.1735159817351598,0.17391304347826086,0.1650485436893204,0.06060606060606061,0.2,0.18446601941747573,0.23,0.2766798418972332,0.18099547511312217,0.19730941704035873,0.1572052401746725,0.20080321285140562,0.362962962962963,0.19827586206896552,0.14736842105263157,0.20689655172413793,0.225,0.29365079365079366,0.4295774647887324,0.17094017094017094,0.23616236162361623,0.20095693779904306,0.225,0.21428571428571427,0.1992619926199262,0.23008849557522124,0.183206106870229,0.1897810218978102,0.23308270676691728,0.15625,0.20425531914893616,0.23770491803278687,0.2183406113537118,0.22134387351778656,0.3831417624521073,0.1568627450980392,0.2833333333333333,0.2578397212543554,0.17543859649122806,0.17467248908296942,0.1893939393939394,0.13100436681222707,0.16730038022813687,0.14715719063545152,0.1552511415525114,0.25862068965517243,0.20454545454545456,0.1893939393939394,0.15873015873015872,0.13574660633484162,0.18050541516245489,0.1721311475409836,0.22935779816513763,0.17328519855595667,0.16666666666666666,0.19491525423728814,0.18340611353711792,0.2,0.2782608695652174,0.26126126126126126,0.23904382470119523,0.18032786885245902,0.2868525896414343,0.21621621621621623,0.1796875,0.1306122448979592,0.2184873949579832,0.24615384615384617,0.19771863117870722,0.23166023166023167,0.24096385542168675,0.22758620689655173,0.13612565445026178,0.20588235294117646,0.20069204152249134,0.23255813953488372,0.2304147465437788,0.2125984251968504,0.2730627306273063,0.1557377049180328,0.22058823529411764,0.13765182186234817,0.17100371747211895,0.18685121107266436,0.16666666666666666,0.19383259911894274,0.669260700389105,0.13765182186234817,0.21428571428571427,0.19548872180451127,0.20817843866171004,0.19858156028368795,0.19863013698630136,0.13026819923371646,0.1752988047808765,0.13157894736842105,0.18032786885245902,0.2656826568265683,0.1891891891891892,0.17272727272727273,0.21561338289962825,0.2028985507246377,0.18505338078291814,0.18439716312056736,0.183206106870229,0.27564102564102566,0.1908713692946058,0.2246376811594203,0.19658119658119658,0.18032786885245902,0.21145374449339208,0.1889763779527559,0.3391304347826087,0.1784037558685446,0.19574468085106383,0.08144796380090498,0.2391304347826087,0.21561338289962825,0.21212121212121213,0.17959183673469387,0.21660649819494585,0.15833333333333333,0.1752988047808765,0.20634920634920634,0.2139917695473251,0.16974169741697417,0.17898832684824903,0.18064516129032257,0.18723404255319148,0.19727891156462585,0.2127659574468085,0.1864406779661017,0.1340782122905028,0.17937219730941703,0.2014388489208633,0.17266187050359713,0.13380281690140844,0.24812030075187969,0.22119815668202766,0.16161616161616163
208908,0.19195046439628483,0.23443223443223443,0.10236220472440945,0.08080808080808081,0.3018867924528302,0.2605633802816901,0.1896551724137931,0.12955465587044535,0.2716049382716049,0.14634146341463414,0.09090909090909091,0.0842911877394636,0.07860262008733625,0.11504424778761062,0.15625,0.15841584158415842,0.12138728323699421,0.09716599190283401,0.08658008658008658,0.08097165991902834,0.18726591760299627,0.15037593984962405,0.2013888888888889,0.38666666666666666,0.1864951768488746,0.174496644295302,0.13506493506493505,0.2537764350453172,0.2838283828382838,0.1978021978021978,0.23220973782771537,0.2222222222222222,0.3493150684931507,1.0,0.272108843537415,0.12396694214876033,0.1684981684981685,0.18315018315018314,0.03187250996015936,0.07038123167155426,0.1925925925925926,0.06535947712418301,0.1506849315068493,0.22058823529411764,0.05741626794258373,0.1245136186770428,0.2846715328467153,0.26299694189602446,0.23293172690763053,0.12244897959183673,0.152,0.2302158273381295,0.21678321678321677,0.20261437908496732,0.22580645161290322,0.1824561403508772,0.12605042016806722,0.20209059233449478,0.05687203791469194,0.18181818181818182,0.155,0.291970802919708,0.17391304347826086,0.22082018927444794,0.19649122807017544,0.15789473684210525,0.09049773755656108,0.2534246575342466,0.09926470588235294,0.18421052631578946,0.19377162629757785,0.20350877192982456,0.2866666666666667,0.22145328719723184,0.29721362229102166,0.1148036253776435,0.14250614250614252,0.16608996539792387,0.2230769230769231,0.16494845360824742,0.09251101321585903,0.20973782771535582,0.21176470588235294,0.2047244094488189,0.056910569105691054,0.22346368715083798,0.1968503937007874,0.1935483870967742,0.23255813953488372,0.19330855018587362,0.1992619926199262,0.1371841155234657,0.2828282828282828,0.4025157232704403,0.2,0.19327731092436976,0.17857142857142858,0.2708333333333333,0.26,0.3614457831325301,0.23404255319148937,0.21316614420062696,0.1867704280155642,0.2569444444444444,0.24,0.2445141065830721,0.23357664233576642,0.27741935483870966,0.2546583850931677,0.2229299363057325,0.19078947368421054,0.21908127208480566,0.273972602739726,0.23104693140794225,0.26578073089701,0.36893203883495146,0.24858757062146894,0.2569444444444444,0.24477611940298508,0.2391304347826087,0.23104693140794225,0.21153846153846154,0.10830324909747292,0.1864951768488746,0.2017291066282421,0.20224719101123595,0.2,0.22435897435897437,0.23717948717948717,0.22666666666666666,0.15613382899628253,0.16,0.19863013698630136,0.18796992481203006,0.2276923076923077,0.2716049382716049,0.2887323943661972,0.19494584837545126,0.2733812949640288,0.26618705035971224,0.18518518518518517,0.26755852842809363,0.19863013698630136,0.2608695652173913,0.2996742671009772,0.23684210526315788,0.12286689419795221,0.2517482517482518,0.2987012987012987,0.22508038585209003,0.2736156351791531,0.20875420875420875,0.2603550295857988,0.11715481171548117,0.30625,0.23738872403560832,0.2521489971346705,0.2339622641509434,0.2185430463576159,0.2884012539184953,0.1232876712328767,0.26875,0.14915254237288136,0.19558359621451105,0.19584569732937684,0.18666666666666668,0.24,0.3475409836065574,0.1288135593220339,0.29411764705882354,0.20382165605095542,0.24605678233438485,0.21818181818181817,0.2411764705882353,0.13592233009708737,0.2140468227424749,0.2383177570093458,0.22602739726027396,0.2946708463949843,0.2679425837320574,0.1417910447761194,0.35962145110410093,0.24691358024691357,0.23708206686930092,0.20606060606060606,0.1870967741935484,0.29444444444444445,0.17301038062283736,0.25925925925925924,0.2198581560283688,0.15753424657534246,0.22545454545454546,0.25165562913907286,0.22302158273381295,0.20689655172413793,0.21908127208480566,0.07434944237918216,0.14814814814814814,0.21451104100946372,0.20512820512820512,0.26621160409556316,0.2953846153846154,0.1875,0.24749163879598662,0.25333333333333335,0.23367697594501718,0.15673981191222572,0.18360655737704917,0.29608938547486036,0.1696113074204947,0.2222222222222222,0.24242424242424243,0.20422535211267606,0.10572687224669604,0.2066420664206642,0.2085889570552147,0.26380368098159507,0.13855421686746988,0.3503184713375796,0.22641509433962265,0.13008130081300814
216239,0.20938628158844766,0.3524229074889868,0.08653846153846154,0.09210526315789473,0.182648401826484,0.29411764705882354,0.1935483870967742,0.15920398009950248,0.28776978417266186,0.19,0.12643678160919541,0.11162790697674418,0.07650273224043716,0.1111111111111111,0.13138686131386862,0.1787709497206704,0.10666666666666667,0.10945273631840796,0.0972972972972973,0.09950248756218906,0.2081447963800905,0.20909090909090908,0.15702479338842976,0.2204724409448819,0.15849056603773584,0.21428571428571427,0.1710914454277286,0.26666666666666666,0.2490272373540856,0.15859030837004406,0.23529411764705882,0.1951219512195122,0.1951219512195122,0.272108843537415,1.0,0.1326530612244898,0.22026431718061673,0.23788546255506607,0.06829268292682927,0.07457627118644068,0.24107142857142858,0.07692307692307693,0.15447154471544716,0.21238938053097345,0.11042944785276074,0.16113744075829384,0.2631578947368421,0.31316725978647686,0.23645320197044334,0.1407035175879397,0.23529411764705882,0.2413793103448276,0.25,0.2153846153846154,0.25742574257425743,0.23430962343096234,0.16666666666666666,0.1908713692946058,0.06914893617021277,0.19387755102040816,0.15819209039548024,0.38596491228070173,0.14782608695652175,0.16236162361623616,0.17573221757322174,0.16279069767441862,0.11428571428571428,0.2601626016260163,0.10040160642570281,0.24031007751937986,0.26337448559670784,0.200836820083682,0.25984251968503935,0.2880658436213992,0.23826714801444043,0.13333333333333333,0.14958448753462603,0.1646090534979424,0.2336448598130841,0.18775510204081633,0.09803921568627451,0.26244343891402716,0.22966507177033493,0.3173076923076923,0.06,0.22435897435897437,0.28846153846153844,0.16831683168316833,0.2823529411764706,0.242152466367713,0.18666666666666668,0.1645021645021645,0.4063745019920319,0.2867647058823529,0.1794871794871795,0.25,0.19658119658119658,0.2396694214876033,0.33070866141732286,0.2937062937062937,0.211864406779661,0.24175824175824176,0.21800947867298578,0.2892561983471074,0.2204724409448819,0.2490842490842491,0.21929824561403508,0.3333333333333333,0.2753623188405797,0.2537313432835821,0.18604651162790697,0.2109704641350211,0.2601626016260163,0.2597402597402597,0.21176470588235294,0.2509505703422053,0.18831168831168832,0.24793388429752067,0.17993079584775087,0.2782608695652174,0.22510822510822512,0.18796992481203006,0.11255411255411256,0.2037735849056604,0.17275747508305647,0.22624434389140272,0.19658119658119658,0.18045112781954886,0.23308270676691728,0.1968503937007874,0.2242152466367713,0.17921146953405018,0.3008130081300813,0.19090909090909092,0.25806451612903225,0.2805755395683453,0.3697478991596639,0.19047619047619047,0.27586206896551724,0.25,0.22321428571428573,0.2134387351778656,0.2032520325203252,0.1976284584980237,0.27586206896551724,0.21705426356589147,0.1214574898785425,0.3,0.32061068702290074,0.2339622641509434,0.29118773946360155,0.22310756972111553,0.273972602739726,0.14507772020725387,0.22627737226277372,0.21305841924398625,0.2838283828382838,0.2100456621004566,0.1640625,0.29304029304029305,0.10569105691056911,0.32116788321167883,0.15261044176706828,0.14022140221402213,0.23367697594501718,0.2125984251968504,0.23580786026200873,0.21621621621621623,0.2248995983935743,0.3805309734513274,0.22388059701492538,0.22878228782287824,0.3380281690140845,0.3129251700680272,0.17490494296577946,0.26877470355731226,0.2198952879581152,0.22764227642276422,0.41025641025641024,0.22043010752688172,0.10810810810810811,0.2656826568265683,0.22302158273381295,0.2332155477031802,0.19718309859154928,0.15151515151515152,0.33121019108280253,0.205761316872428,0.2158273381294964,0.2033898305084746,0.16260162601626016,0.22707423580786026,0.25,0.1896551724137931,0.29767441860465116,0.21940928270042195,0.11659192825112108,0.10071942446043165,0.1918819188191882,0.19548872180451127,0.291497975708502,0.2867383512544803,0.19834710743801653,0.2134387351778656,0.2755905511811024,0.2612244897959184,0.13186813186813187,0.22393822393822393,0.27564102564102566,0.2109704641350211,0.31756756756756754,0.36619718309859156,0.23529411764705882,0.17679558011049723,0.24,0.2357142857142857,0.2642857142857143,0.17482517482517482,0.2537313432835821,0.228310502283105,0.13
216326,0.09777777777777778,0.14857142857142858,0.1282051282051282,0.18,0.10778443113772455,0.1827956989247312,0.19402985074626866,0.20134228187919462,0.1504424778761062,0.12162162162162163,0.14754098360655737,0.2085889570552147,0.16793893129770993,0.125,0.23423423423423423,0.13071895424836602,0.12096774193548387,0.174496644295302,0.16541353383458646,0.12080536912751678,0.1301775147928994,0.16666666666666666,0.21052631578947367,0.1485148514851485,0.18779342723004694,0.16,0.13240418118466898,0.1459227467811159,0.17560975609756097,0.13714285714285715,0.23668639053254437,0.2127659574468085,0.13402061855670103,0.12396694214876033,0.1326530612244898,1.0,0.11428571428571428,0.11428571428571428,0.0915032679738562,0.07407407407407407,0.12790697674418605,0.1346153846153846,0.10309278350515463,0.13793103448275862,0.05405405405405406,0.1761006289308176,0.14772727272727273,0.1222707423580786,0.15894039735099338,0.21768707482993196,0.25,0.1111111111111111,0.14893617021276595,0.17307692307692307,0.18666666666666668,0.20320855614973263,0.2857142857142857,0.2222222222222222,0.08024691358024691,0.2361111111111111,0.152317880794702,0.17045454545454544,0.1797752808988764,0.1187214611872146,0.18181818181818182,0.20388349514563106,0.11382113821138211,0.18556701030927836,0.07174887892376682,0.18446601941747573,0.1256544502617801,0.13903743315508021,0.1188118811881188,0.14659685863874344,0.16,0.18025751072961374,0.1488673139158576,0.17801047120418848,0.1728395061728395,0.16580310880829016,0.1348314606741573,0.1893491124260355,0.16560509554140126,0.14102564102564102,0.16216216216216217,0.16923076923076924,0.16666666666666666,0.17333333333333334,0.1477832512315271,0.14035087719298245,0.17341040462427745,0.1787709497206704,0.1306532663316583,0.10909090909090909,0.18681318681318682,0.18571428571428572,0.1978021978021978,0.14736842105263157,0.1188118811881188,0.1452991452991453,0.21739130434782608,0.15384615384615385,0.2138364779874214,0.14736842105263157,0.12871287128712872,0.18099547511312217,0.1590909090909091,0.14150943396226415,0.15178571428571427,0.17592592592592593,0.18446601941747573,0.12972972972972974,0.15463917525773196,0.1452513966480447,0.13793103448275862,0.16113744075829384,0.1640625,0.15789473684210525,0.14345991561181434,0.19101123595505617,0.22346368715083798,0.19626168224299065,0.22346368715083798,0.15023474178403756,0.20883534136546184,0.2485207100591716,0.2087912087912088,0.14953271028037382,0.14953271028037382,0.2079207920792079,0.23391812865497075,0.1762114537444934,0.1958762886597938,0.15476190476190477,0.2026431718061674,0.13274336283185842,0.20430107526881722,0.1787709497206704,0.14444444444444443,0.14444444444444443,0.1744186046511628,0.1691542288557214,0.20618556701030927,0.14925373134328357,0.14354066985645933,0.17475728155339806,0.1641025641025641,0.1595744680851064,0.1619047619047619,0.22535211267605634,0.19138755980861244,0.19095477386934673,0.15,0.24113475177304963,0.13513513513513514,0.16736401673640167,0.1593625498007968,0.17964071856287425,0.20588235294117646,0.17194570135746606,0.16494845360824742,0.13513513513513514,0.10152284263959391,0.2009132420091324,0.1506276150627615,0.22772277227722773,0.1694915254237288,0.13526570048309178,0.2131979695431472,0.1839080459770115,0.18518518518518517,0.1643835616438356,0.14655172413793102,0.1322314049586777,0.14218009478672985,0.11940298507462686,0.12121212121212122,0.20618556701030927,0.13574660633484162,0.1375,0.17647058823529413,0.1278538812785388,0.18584070796460178,0.12987012987012986,0.16379310344827586,0.16037735849056603,0.1297709923664122,0.19895287958115182,0.1504424778761062,0.16304347826086957,0.23711340206185566,0.15819209039548024,0.18627450980392157,0.15555555555555556,0.19631901840490798,0.1837837837837838,0.16374269005847952,0.12389380530973451,0.2100456621004566,0.19626168224299065,0.15384615384615385,0.14977973568281938,0.14736842105263157,0.208955223880597,0.18811881188118812,0.15544041450777202,0.19004524886877827,0.1932367149758454,0.14615384615384616,0.17297297297297298,0.13934426229508196,0.14655172413793102,0.21505376344086022,0.13953488372093023,0.19653179190751446,0.14035087719298245,0.16666666666666666,0.15384615384615385,0.2037037037037037,0.25149700598802394,0.14864864864864866
300471,0.125,0.1941747572815534,0.0748663101604278,0.07633587786259542,0.10101010101010101,0.2857142857142857,0.14545454545454545,0.14444444444444443,0.20233463035019456,0.2905027932960894,0.10457516339869281,0.09278350515463918,0.08641975308641975,0.22641509433962265,0.11857707509881422,0.29080118694362017,0.06451612903225806,0.08888888888888889,0.08536585365853659,0.08888888888888889,0.34,0.20100502512562815,0.11764705882352941,0.11158798283261803,0.20491803278688525,0.2077922077922078,0.2830188679245283,0.21212121212121213,0.1694915254237288,0.21359223300970873,0.21,0.22556390977443608,0.14222222222222222,0.1684981684981685,0.22026431718061673,0.11428571428571428,1.0,0.2912621359223301,0.09782608695652174,0.0948905109489051,0.2561576354679803,0.06694560669456066,0.24,0.23414634146341465,0.15492957746478872,0.12631578947368421,0.18357487922705315,0.19230769230769232,0.1978021978021978,0.14606741573033707,0.12021857923497267,0.43601895734597157,0.2922374429223744,0.1506276150627615,0.17679558011049723,0.14678899082568808,0.11695906432748537,0.19090909090909092,0.08450704225352113,0.12571428571428572,0.16216216216216217,0.2222222222222222,0.12440191387559808,0.088,0.14678899082568808,0.12658227848101267,0.22077922077922077,0.17777777777777778,0.07966457023060797,0.16033755274261605,0.2972972972972973,0.22935779816513763,0.18025751072961374,0.25225225225225223,0.25,0.11363636363636363,0.15294117647058825,0.24324324324324326,0.16580310880829016,0.30357142857142855,0.07751937984496124,0.17,0.30851063829787234,0.35294117647058826,0.0670391061452514,0.19243986254295534,0.21390374331550802,0.13259668508287292,0.18803418803418803,0.16831683168316833,0.14705882352941177,0.11428571428571428,0.22608695652173913,0.199203187250996,0.13145539906103287,0.21052631578947367,0.215962441314554,0.19004524886877827,0.17167381974248927,0.25660377358490566,0.15813953488372093,0.1111111111111111,0.21052631578947367,0.3167420814479638,0.15450643776824036,0.18253968253968253,0.1642512077294686,0.2139917695473251,0.20392156862745098,0.19433198380566802,0.16877637130801687,0.21296296296296297,0.18666666666666668,0.1523809523809524,0.18803418803418803,0.17355371900826447,0.20209059233449478,0.19004524886877827,0.08955223880597014,0.21052631578947367,0.19047619047619047,0.13877551020408163,0.0761904761904762,0.16393442622950818,0.14285714285714285,0.18,0.18779342723004694,0.18775510204081633,0.18775510204081633,0.19742489270386265,0.16831683168316833,0.13953488372093023,0.1688888888888889,0.1708542713567839,0.17054263565891473,0.2490272373540856,0.2119815668202765,0.23809523809523808,0.21800947867298578,0.16113744075829384,0.15763546798029557,0.2413793103448276,0.09777777777777778,0.1810344827586207,0.2,0.20253164556962025,0.10619469026548672,0.228310502283105,0.22406639004149378,0.18032786885245902,0.18333333333333332,0.1565217391304348,0.17712177121771217,0.13953488372093023,0.18181818181818182,0.17777777777777778,0.1702127659574468,0.16161616161616163,0.1702127659574468,0.18253968253968253,0.05333333333333334,0.20553359683794467,0.23684210526315788,0.112,0.1925925925925926,0.20600858369098712,0.15384615384615385,0.16806722689075632,0.12280701754385964,0.24390243902439024,0.15384615384615385,0.216,0.19011406844106463,0.1684981684981685,0.17355371900826447,0.20689655172413793,0.18282548476454294,0.2311111111111111,0.20634920634920634,0.16524216524216523,0.08955223880597014,0.16,0.20233463035019456,0.1297709923664122,0.19771863117870722,0.11522633744855967,0.17747440273037543,0.1981981981981982,0.11673151750972763,0.13023255813953488,0.12444444444444444,0.19230769230769232,0.17872340425531916,0.14218009478672985,0.1958762886597938,0.1388888888888889,0.12871287128712872,0.0622568093385214,0.184,0.17959183673469387,0.17699115044247787,0.21705426356589147,0.14479638009049775,0.20689655172413793,0.3605150214592275,0.1875,0.10317460317460317,0.20168067226890757,0.17869415807560138,0.10185185185185185,0.16727272727272727,0.18250950570342206,0.2304147465437788,0.175,0.3333333333333333,0.16216216216216217,0.23166023166023167,0.2188679245283019,0.21862348178137653,0.2222222222222222,0.2011173184357542
387447,0.15625,0.18446601941747573,0.10695187165775401,0.07633587786259542,0.1414141414141414,0.3225806451612903,0.14545454545454545,0.17777777777777778,0.24124513618677043,0.2905027932960894,0.1437908496732026,0.09278350515463918,0.12345679012345678,0.2893081761006289,0.13438735177865613,0.20178041543026706,0.07885304659498207,0.1,0.12195121951219512,0.13333333333333333,0.25,0.1708542713567839,0.15384615384615385,0.1459227467811159,0.18032786885245902,0.2597402597402597,0.20754716981132076,0.19696969696969696,0.16101694915254236,0.33980582524271846,0.19,0.18045112781954886,0.17777777777777778,0.18315018315018314,0.23788546255506607,0.11428571428571428,0.2912621359223301,1.0,0.09782608695652174,0.10218978102189781,0.22660098522167488,0.09205020920502092,0.39111111111111113,0.18536585365853658,0.14084507042253522,0.12631578947368421,0.2222222222222222,0.2230769230769231,0.21978021978021978,0.14606741573033707,0.1092896174863388,0.23696682464454977,0.3378995433789954,0.20920502092050208,0.15469613259668508,0.1743119266055046,0.11695906432748537,0.16363636363636364,0.10140845070422536,0.19428571428571428,0.16216216216216217,0.1932367149758454,0.1339712918660287,0.12,0.1559633027522936,0.16033755274261605,0.22077922077922077,0.18666666666666668,0.14255765199161424,0.16033755274261605,0.27927927927927926,0.22935779816513763,0.1888412017167382,0.24324324324324326,0.2890625,0.12121212121212122,0.16470588235294117,0.27927927927927926,0.19689119170984457,0.29464285714285715,0.10335917312661498,0.16,0.2765957446808511,0.3850267379679144,0.0670391061452514,0.19931271477663232,0.24598930481283424,0.1878453038674033,0.20512820512820512,0.19801980198019803,0.14705882352941177,0.13333333333333333,0.22608695652173913,0.199203187250996,0.16901408450704225,0.1871345029239766,0.24413145539906103,0.2081447963800905,0.19742489270386265,0.2339622641509434,0.16744186046511628,0.1349206349206349,0.23157894736842105,0.28054298642533937,0.18025751072961374,0.19047619047619047,0.2028985507246377,0.18106995884773663,0.22745098039215686,0.23481781376518218,0.2109704641350211,0.28703703703703703,0.18666666666666668,0.2,0.21367521367521367,0.17355371900826447,0.17421602787456447,0.2171945701357466,0.11940298507462686,0.19138755980861244,0.18095238095238095,0.16326530612244897,0.0761904761904762,0.16393442622950818,0.1357142857142857,0.19,0.3004694835680751,0.18775510204081633,0.1469387755102041,0.15450643776824036,0.19801980198019803,0.17054263565891473,0.17777777777777778,0.18090452261306533,0.17054263565891473,0.24124513618677043,0.18433179723502305,0.2,0.22748815165876776,0.1990521327014218,0.16748768472906403,0.23275862068965517,0.1511111111111111,0.19827586206896552,0.23333333333333334,0.2109704641350211,0.13274336283185842,0.2648401826484018,0.1991701244813278,0.16393442622950818,0.2,0.20869565217391303,0.16974169741697417,0.1511627906976744,0.18181818181818182,0.21481481481481482,0.1773049645390071,0.1919191919191919,0.19574468085106383,0.1984126984126984,0.10666666666666667,0.22134387351778656,0.38596491228070173,0.136,0.22962962962962963,0.20600858369098712,0.19230769230769232,0.20168067226890757,0.14035087719298245,0.24390243902439024,0.17813765182186234,0.248,0.19771863117870722,0.1684981684981685,0.15702479338842976,0.21551724137931033,0.17174515235457063,0.2311111111111111,0.1984126984126984,0.17094017094017094,0.13930348258706468,0.176,0.21011673151750973,0.1297709923664122,0.22053231939163498,0.12345679012345678,0.17747440273037543,0.23423423423423423,0.1556420233463035,0.16744186046511628,0.1511111111111111,0.20192307692307693,0.19574468085106383,0.18009478672985782,0.17525773195876287,0.14814814814814814,0.16831683168316833,0.10894941634241245,0.208,0.19591836734693877,0.19469026548672566,0.20930232558139536,0.14479638009049775,0.1896551724137931,0.2575107296137339,0.1875,0.10317460317460317,0.19327731092436976,0.17869415807560138,0.1574074074074074,0.17454545454545456,0.18250950570342206,0.23963133640552994,0.175,0.3431372549019608,0.2084942084942085,0.23166023166023167,0.19622641509433963,0.21052631578947367,0.20202020202020202,0.22346368715083798
444795,0.08547008547008547,0.07608695652173914,0.06060606060606061,0.05504587155963303,0.056818181818181816,0.06153846153846154,0.04195804195804196,0.12658227848101267,0.09361702127659574,0.07643312101910828,0.0916030534351145,0.11627906976744186,0.05714285714285714,0.043795620437956206,0.1038961038961039,0.13968253968253969,0.07782101167315175,0.08860759493670886,0.07042253521126761,0.0759493670886076,0.07865168539325842,0.23728813559322035,0.09045226130653267,0.05687203791469194,0.08108108108108109,0.09569377990430622,0.14189189189189189,0.10743801652892562,0.04672897196261682,0.06521739130434782,0.0449438202247191,0.05737704918032787,0.03940886699507389,0.03187250996015936,0.06829268292682927,0.0915032679738562,0.09782608695652174,0.09782608695652174,1.0,0.16666666666666666,0.04419889502762431,0.1935483870967742,0.11822660098522167,0.03278688524590164,0.11666666666666667,0.16666666666666666,0.032432432432432434,0.06722689075630252,0.05,0.10256410256410256,0.08695652173913043,0.07407407407407407,0.08121827411167512,0.11059907834101383,0.06289308176100629,0.12244897959183673,0.1342281879194631,0.06060606060606061,0.16816816816816818,0.05228758169934641,0.12218649517684887,0.05405405405405406,0.0962566844919786,0.07017543859649122,0.11224489795918367,0.12093023255813953,0.030303030303030304,0.03940886699507389,0.06153846153846154,0.10232558139534884,0.1,0.10204081632653061,0.10426540284360189,0.09,0.09401709401709402,0.12396694214876033,0.12578616352201258,0.1,0.11695906432748537,0.12871287128712872,0.09315068493150686,0.07865168539325842,0.12048192771084337,0.10909090909090909,0.16560509554140126,0.09665427509293681,0.07272727272727272,0.06289308176100629,0.0660377358490566,0.06666666666666667,0.08791208791208792,0.0851063829787234,0.04807692307692308,0.10480349344978165,0.06282722513089005,0.08053691275167785,0.09424083769633508,0.06030150753768844,0.08530805687203792,0.07407407407407407,0.08290155440414508,0.05217391304347826,0.05952380952380952,0.08040201005025126,0.037914691943127965,0.06956521739130435,0.07567567567567568,0.04524886877828054,0.0944206008583691,0.08888888888888889,0.11162790697674418,0.020618556701030927,0.07881773399014778,0.07446808510638298,0.03773584905660377,0.11818181818181818,0.045283018867924525,0.07035175879396985,0.04878048780487805,0.06417112299465241,0.0425531914893617,0.08071748878923767,0.06382978723404255,0.10810810810810811,0.10077519379844961,0.11235955056179775,0.06282722513089005,0.053811659192825115,0.07174887892376682,0.05687203791469194,0.1,0.11016949152542373,0.07881773399014778,0.07909604519774012,0.09322033898305085,0.09361702127659574,0.07179487179487179,0.02127659574468085,0.021164021164021163,0.042328042328042326,0.08839779005524862,0.0380952380952381,0.059113300492610835,0.05714285714285714,0.07339449541284404,0.07441860465116279,0.049019607843137254,0.1218274111675127,0.091324200913242,0.10810810810810811,0.05504587155963303,0.08653846153846154,0.11244979919678715,0.17333333333333334,0.05194805194805195,0.08064516129032258,0.06923076923076923,0.09090909090909091,0.07511737089201878,0.10434782608695652,0.09852216748768473,0.06926406926406926,0.11650485436893204,0.06140350877192982,0.13709677419354838,0.08530805687203792,0.06451612903225806,0.06481481481481481,0.13592233009708737,0.06557377049180328,0.11555555555555555,0.06140350877192982,0.0912863070539419,0.08764940239043825,0.6545454545454545,0.10476190476190476,0.08849557522123894,0.10837438423645321,0.10434782608695652,0.0729483282674772,0.0670391061452514,0.03508771929824561,0.0851063829787234,0.041666666666666664,0.0995850622406639,0.08144796380090498,0.08856088560885608,0.13,0.05106382978723404,0.09326424870466321,0.10837438423645321,0.043010752688172046,0.056338028169014086,0.042328042328042326,0.09302325581395349,0.041237113402061855,0.18888888888888888,0.07659574468085106,0.08771929824561403,0.08968609865470852,0.049019607843137254,0.0847457627118644,0.11055276381909548,0.08571428571428572,0.0947867298578199,0.0891089108910891,0.10434782608695652,0.12037037037037036,0.06691449814126393,0.061855670103092786,0.11857707509881422,0.0912863070539419,0.11282051282051282,0.15942028985507245,0.08791208791208792,0.09282700421940929,0.04219409282700422,0.0823045267489712,0.05333333333333334,0.06818181818181818,0.15286624203821655
446378,0.15432098765432098,0.08029197080291971,0.22745098039215686,0.06030150753768844,0.06015037593984962,0.08421052631578947,0.05150214592274678,0.12096774193548387,0.06769230769230769,0.19433198380566802,0.08144796380090498,0.15267175572519084,0.10434782608695652,0.04405286343612335,0.16199376947040497,0.26666666666666666,0.12103746397694524,0.056451612903225805,0.10344827586206896,0.12096774193548387,0.05970149253731343,0.14232209737827714,0.1314878892733564,0.07973421926910298,0.10897435897435898,0.12709030100334448,0.27461139896373055,0.0963855421686747,0.046052631578947366,0.08029197080291971,0.05223880597014925,0.059880239520958084,0.08873720136518772,0.07038123167155426,0.07457627118644068,0.07407407407407407,0.0948905109489051,0.10218978102189781,0.16666666666666666,1.0,0.05166051660516605,0.20195439739413681,0.15699658703071673,0.03663003663003663,0.1523809523809524,0.12403100775193798,0.05818181818181818,0.054878048780487805,0.04,0.056910569105691054,0.04780876494023904,0.0931899641577061,0.11149825783972125,0.08469055374592833,0.0642570281124498,0.09090909090909091,0.06694560669456066,0.04861111111111111,0.2695035460992908,0.05761316872427984,0.20448877805486285,0.05090909090909091,0.09386281588447654,0.0880503144654088,0.13986013986013987,0.09180327868852459,0.018018018018018018,0.07508532423208192,0.1688073394495413,0.07213114754098361,0.05517241379310345,0.0979020979020979,0.09302325581395349,0.05517241379310345,0.12962962962962962,0.18674698795180722,0.2107843137254902,0.0896551724137931,0.11494252873563218,0.11643835616438356,0.18021978021978022,0.07462686567164178,0.078125,0.09411764705882353,0.12955465587044535,0.0947075208913649,0.054901960784313725,0.0642570281124498,0.07947019867549669,0.08148148148148149,0.07352941176470588,0.1223021582733813,0.053691275167785234,0.09404388714733543,0.042704626334519574,0.07531380753138076,0.0711743772241993,0.06920415224913495,0.09302325581395349,0.09009009009009009,0.07773851590106007,0.1125,0.05426356589147287,0.07612456747404844,0.046511627906976744,0.05,0.05818181818181818,0.04501607717041801,0.06811145510835913,0.08888888888888889,0.11147540983606558,0.035211267605633804,0.06825938566552901,0.07913669064748201,0.052980132450331126,0.09032258064516129,0.04507042253521127,0.06920415224913495,0.06547619047619048,0.06498194945848375,0.050359712230215826,0.07028753993610223,0.07194244604316546,0.1987179487179487,0.10344827586206896,0.08208955223880597,0.09252669039145907,0.04472843450479233,0.06389776357827476,0.046511627906976744,0.08148148148148149,0.1165644171779141,0.08191126279863481,0.06741573033707865,0.09815950920245399,0.09846153846153846,0.056140350877192984,0.02158273381294964,0.035842293906810034,0.07168458781362007,0.11070110701107011,0.05333333333333334,0.04778156996587031,0.08,0.06493506493506493,0.07213114754098361,0.034013605442176874,0.09059233449477352,0.08414239482200647,0.10897435897435898,0.07142857142857142,0.06040268456375839,0.0943952802359882,0.08333333333333333,0.04984423676012461,0.07100591715976332,0.08571428571428572,0.10526315789473684,0.0858085808580858,0.0875,0.09556313993174062,0.056074766355140186,0.1891891891891892,0.05660377358490566,0.13609467455621302,0.09302325581395349,0.09420289855072464,0.16339869281045752,0.11486486486486487,0.06593406593406594,0.06984126984126984,0.06918238993710692,0.06646525679758308,0.08211143695014662,0.23225806451612904,0.22,0.0979020979020979,0.06143344709897611,0.1,0.08591885441527446,0.04460966542750929,0.0440251572327044,0.07384615384615385,0.030303030303030304,0.07854984894259819,0.08360128617363344,0.11080332409972299,0.09655172413793103,0.055384615384615386,0.09187279151943463,0.08191126279863481,0.050724637681159424,0.052805280528052806,0.05017921146953405,0.10687022900763359,0.056338028169014086,0.14814814814814814,0.09230769230769231,0.0880503144654088,0.07028753993610223,0.08163265306122448,0.08588957055214724,0.11764705882352941,0.04666666666666667,0.09302325581395349,0.10273972602739725,0.1,0.10457516339869281,0.06685236768802229,0.056338028169014086,0.09329446064139942,0.08459214501510574,0.08421052631578947,0.09649122807017543,0.11029411764705882,0.14067278287461774,0.07339449541284404,0.07207207207207207,0.06984126984126984,0.08270676691729323,0.1862348178137652
447912,0.09486166007905138,0.33497536945812806,0.08695652173913043,0.109375,0.09230769230769231,0.24299065420560748,0.14814814814814814,0.13559322033898305,0.16535433070866143,0.2159090909090909,0.08,0.06282722513089005,0.10062893081761007,0.20512820512820512,0.104,0.16766467065868262,0.06521739130434782,0.0903954802259887,0.12422360248447205,0.07909604519774012,0.30456852791878175,0.15306122448979592,0.11926605504587157,0.11304347826086956,0.1908713692946058,0.17543859649122806,0.17142857142857143,0.19157088122605365,0.20600858369098712,0.19704433497536947,0.2131979695431472,0.19011406844106463,0.12612612612612611,0.1925925925925926,0.24107142857142858,0.12790697674418605,0.2561576354679803,0.22660098522167488,0.04419889502762431,0.05166051660516605,1.0,0.059322033898305086,0.16216216216216217,0.2376237623762376,0.04316546762589928,0.0962566844919786,0.18627450980392157,0.20233463035019456,0.18994413407821228,0.16,0.24444444444444444,0.25961538461538464,0.23148148148148148,0.11864406779661017,0.20224719101123595,0.11162790697674418,0.10714285714285714,0.20276497695852536,0.05113636363636364,0.13953488372093023,0.13333333333333333,0.2647058823529412,0.1262135922330097,0.0728744939271255,0.12093023255813953,0.09401709401709402,0.1986754966887417,0.22522522522522523,0.046413502109704644,0.11965811965811966,0.2374429223744292,0.24186046511627907,0.13043478260869565,0.2100456621004566,0.2608695652173913,0.09195402298850575,0.12462908011869436,0.2100456621004566,0.15789473684210525,0.2171945701357466,0.07291666666666667,0.16243654822335024,0.33513513513513515,0.30434782608695654,0.056818181818181816,0.1527777777777778,0.1956521739130435,0.11235955056179775,0.22510822510822512,0.18090452261306533,0.14925373134328357,0.11594202898550725,0.27312775330396477,0.16129032258064516,0.1523809523809524,0.17857142857142858,0.2,0.21100917431192662,0.13043478260869565,0.20610687022900764,0.16981132075471697,0.1927710843373494,0.21390374331550802,0.23853211009174313,0.1391304347826087,0.1606425702811245,0.16666666666666666,0.25833333333333336,0.16666666666666666,0.1557377049180328,0.1452991452991453,0.20657276995305165,0.21621621621621623,0.13526570048309178,0.18181818181818182,0.12552301255230125,0.19014084507042253,0.1559633027522936,0.0830188679245283,0.24271844660194175,0.21256038647342995,0.14049586776859505,0.08695652173913043,0.13278008298755187,0.15162454873646208,0.14213197969543148,0.18095238095238095,0.1652892561983471,0.17355371900826447,0.20869565217391303,0.12060301507537688,0.09411764705882353,0.24324324324324326,0.16326530612244897,0.1568627450980392,0.25196850393700787,0.19626168224299065,0.21256038647342995,0.22115384615384615,0.17307692307692307,0.11,0.22707423580786026,0.10810810810810811,0.20087336244541484,0.17721518987341772,0.2222222222222222,0.13452914798206278,0.18518518518518517,0.19327731092436976,0.14937759336099585,0.23628691983122363,0.13215859030837004,0.15671641791044777,0.11834319526627218,0.216,0.1797752808988764,0.15053763440860216,0.15384615384615385,0.20689655172413793,0.2248995983935743,0.07207207207207207,0.224,0.16,0.13765182186234817,0.12734082397003746,0.19130434782608696,0.17560975609756097,0.13617021276595745,0.16,0.25742574257425743,0.13114754098360656,0.21052631578947367,0.2076923076923077,0.15555555555555556,0.11715481171548117,0.14847161572052403,0.21787709497206703,0.22522522522522523,0.1686746987951807,0.1724137931034483,0.10101010101010101,0.20242914979757085,0.2125984251968504,0.138996138996139,0.16923076923076924,0.11666666666666667,0.15862068965517243,0.1735159817351598,0.11023622047244094,0.1792452830188679,0.11711711711711711,0.1951219512195122,0.23275862068965517,0.1346153846153846,0.19895287958115182,0.1596244131455399,0.06030150753768844,0.047244094488188976,0.17813765182186234,0.1652892561983471,0.32286995515695066,0.17254901960784313,0.12844036697247707,0.22707423580786026,0.25217391304347825,0.16289592760180996,0.0963855421686747,0.16170212765957448,0.2222222222222222,0.18779342723004694,0.19117647058823528,0.2076923076923077,0.2336448598130841,0.12738853503184713,0.26865671641791045,0.1640625,0.234375,0.183206106870229,0.22950819672131148,0.2358974358974359,0.18181818181818182
448013,0.11072664359861592,0.08368200836820083,0.10909090909090909,0.0975609756097561,0.07792207792207792,0.072,0.08080808080808081,0.15023474178403756,0.1103448275862069,0.05660377358490566,0.10752688172043011,0.14977973568281938,0.17435897435897435,0.03125,0.1958041958041958,0.21081081081081082,0.17307692307692307,0.12206572769953052,0.15228426395939088,0.1596244131455399,0.060085836909871244,0.1896551724137931,0.14960629921259844,0.09022556390977443,0.1299638989169675,0.09848484848484848,0.2336182336182336,0.12121212121212122,0.07434944237918216,0.09205020920502092,0.08583690987124463,0.11371237458193979,0.06201550387596899,0.06535947712418301,0.07692307692307693,0.1346153846153846,0.06694560669456066,0.09205020920502092,0.1935483870967742,0.20195439739413681,0.059322033898305086,1.0,0.09302325581395349,0.058823529411764705,0.05714285714285714,0.13452914798206278,0.06666666666666667,0.08191126279863481,0.11162790697674418,0.11374407582938388,0.12037037037037036,0.07377049180327869,0.07936507936507936,0.1323529411764706,0.08411214953271028,0.11155378486055777,0.12745098039215685,0.11067193675889328,0.2268041237113402,0.11538461538461539,0.15846994535519127,0.06666666666666667,0.12396694214876033,0.09187279151943463,0.11952191235059761,0.17037037037037037,0.03208556149732621,0.08527131782945736,0.12941176470588237,0.14074074074074075,0.07058823529411765,0.0796812749003984,0.09022556390977443,0.08627450980392157,0.11764705882352941,0.2222222222222222,0.16085790884718498,0.10980392156862745,0.1415929203539823,0.10894941634241245,0.20476190476190476,0.0944206008583691,0.08144796380090498,0.09090909090909091,0.2358490566037736,0.12962962962962962,0.08181818181818182,0.09345794392523364,0.08239700374531835,0.07659574468085106,0.12658227848101267,0.18930041152263374,0.07604562737642585,0.09154929577464789,0.11382113821138211,0.08823529411764706,0.13821138211382114,0.10236220472440945,0.09774436090225563,0.09395973154362416,0.10483870967741936,0.09824561403508772,0.08968609865470852,0.10236220472440945,0.06766917293233082,0.10526315789473684,0.1,0.057971014492753624,0.13194444444444445,0.12142857142857143,0.14074074074074075,0.0642570281124498,0.10852713178294573,0.0823045267489712,0.0599250936329588,0.12363636363636364,0.09375,0.08661417322834646,0.10631229235880399,0.08264462809917356,0.0823045267489712,0.11510791366906475,0.12345679012345678,0.18050541516245489,0.134185303514377,0.13733905579399142,0.10569105691056911,0.10071942446043165,0.08633093525179857,0.10526315789473684,0.1276595744680851,0.1718213058419244,0.11627906976744186,0.09482758620689655,0.12371134020618557,0.10344827586206896,0.08,0.04938271604938271,0.04918032786885246,0.07377049180327869,0.1016949152542373,0.07547169811320754,0.10077519379844961,0.09056603773584905,0.08791208791208792,0.1037037037037037,0.10810810810810811,0.1111111111111111,0.10948905109489052,0.1371841155234657,0.09523809523809523,0.10646387832699619,0.125,0.16585365853658537,0.07692307692307693,0.132013201320132,0.10158730158730159,0.09523809523809523,0.14925373134328357,0.13333333333333333,0.14728682170542637,0.08391608391608392,0.0842911877394636,0.12014134275618374,0.14521452145214522,0.12781954887218044,0.08298755186721991,0.07380073800738007,0.19157088122605365,0.08403361344537816,0.15,0.12014134275618374,0.10135135135135136,0.12418300653594772,0.18181818181818182,0.10566037735849057,0.10152284263959391,0.12403100775193798,0.10526315789473684,0.109375,0.1111111111111111,0.0636042402826855,0.13793103448275862,0.09491525423728814,0.14189189189189189,0.15942028985507245,0.11042944785276074,0.1568627450980392,0.0896551724137931,0.11290322580645161,0.13953488372093023,0.0912863070539419,0.09701492537313433,0.07377049180327869,0.10572687224669604,0.08835341365461848,0.18723404255319148,0.1310344827586207,0.1413427561837456,0.1223021582733813,0.07722007722007722,0.08934707903780069,0.13385826771653545,0.11320754716981132,0.09774436090225563,0.10116731517509728,0.14736842105263157,0.14760147601476015,0.09259259259259259,0.0963855421686747,0.11038961038961038,0.10135135135135136,0.104,0.09326424870466321,0.09282700421940929,0.15753424657534246,0.0684931506849315,0.11409395973154363,0.09285714285714286,0.09523809523809523,0.11320754716981132
462382,0.16727272727272727,0.14222222222222222,0.08737864077669903,0.05333333333333334,0.09216589861751152,0.2627118644067797,0.09782608695652174,0.1407035175879397,0.13043478260869565,0.2727272727272727,0.08139534883720931,0.10328638497652583,0.06629834254143646,0.25842696629213485,0.11764705882352941,0.20224719101123595,0.06711409395973154,0.07035175879396985,0.06557377049180328,0.08040201005025126,0.182648401826484,0.1559633027522936,0.10833333333333334,0.1111111111111111,0.12167300380228137,0.2,0.2195845697329377,0.1696113074204947,0.09411764705882353,0.27555555555555555,0.136986301369863,0.11929824561403508,0.13934426229508196,0.1506849315068493,0.15447154471544716,0.10309278350515463,0.24,0.39111111111111113,0.11822660098522167,0.15699658703071673,0.16216216216216217,0.09302325581395349,1.0,0.11607142857142858,0.17391304347826086,0.1339712918660287,0.12389380530973451,0.11469534050179211,0.10945273631840796,0.1218274111675127,0.07920792079207921,0.20869565217391303,0.2857142857142857,0.13953488372093023,0.13,0.16877637130801687,0.09473684210526316,0.11715481171548117,0.13368983957219252,0.1134020618556701,0.17045454545454544,0.12389380530973451,0.10526315789473684,0.10408921933085502,0.16877637130801687,0.109375,0.19653179190751446,0.11475409836065574,0.17338709677419356,0.1171875,0.2157676348547718,0.18565400843881857,0.15873015873015872,0.15767634854771784,0.2690909090909091,0.15547703180212014,0.1671309192200557,0.24066390041493776,0.16037735849056603,0.2222222222222222,0.11822660098522167,0.136986301369863,0.2222222222222222,0.2912621359223301,0.050505050505050504,0.14838709677419354,0.14563106796116504,0.12,0.15810276679841898,0.15384615384615385,0.11659192825112108,0.09606986899563319,0.15261044176706828,0.14814814814814814,0.08620689655172414,0.15789473684210525,0.1810344827586207,0.125,0.1349206349206349,0.176056338028169,0.11965811965811966,0.1033210332103321,0.15311004784688995,0.18333333333333332,0.10317460317460317,0.1033210332103321,0.11504424778761062,0.1297709923664122,0.13138686131386862,0.16541353383458646,0.171875,0.16170212765957448,0.12295081967213115,0.14847161572052403,0.13438735177865613,0.13793103448275862,0.11764705882352941,0.13333333333333333,0.09059233449477352,0.13157894736842105,0.1222707423580786,0.10606060606060606,0.06986899563318777,0.1444866920152091,0.13377926421404682,0.1552511415525114,0.1724137931034483,0.12121212121212122,0.10606060606060606,0.1111111111111111,0.14479638009049775,0.1371841155234657,0.11475409836065574,0.1559633027522936,0.1371841155234657,0.2028985507246377,0.1271186440677966,0.13100436681222707,0.1391304347826087,0.1391304347826087,0.15315315315315314,0.1593625498007968,0.09836065573770492,0.1593625498007968,0.138996138996139,0.125,0.09795918367346938,0.15126050420168066,0.14615384615384616,0.1520912547528517,0.13127413127413126,0.13654618473895583,0.1310344827586207,0.11518324607329843,0.11764705882352941,0.16608996539792387,0.11960132890365449,0.14746543778801843,0.13385826771653545,0.15498154981549817,0.06557377049180328,0.125,0.8663967611336032,0.09665427509293681,0.22837370242214533,0.16666666666666666,0.14977973568281938,0.1556420233463035,0.10526315789473684,0.16071428571428573,0.11278195488721804,0.18587360594795538,0.11347517730496454,0.13013698630136986,0.22988505747126436,0.23107569721115537,0.15789473684210525,0.14754098360655737,0.14022140221402213,0.13513513513513514,0.08181818181818182,0.09665427509293681,0.16666666666666666,0.06405693950177936,0.14184397163120568,0.09923664122137404,0.1346153846153846,0.17427385892116182,0.09420289855072464,0.13675213675213677,0.11475409836065574,0.12334801762114538,0.12598425196850394,0.11304347826086956,0.14084507042253522,0.0851063829787234,0.16289592760180996,0.10144927536231885,0.1412639405204461,0.14393939393939395,0.13877551020408163,0.1588447653429603,0.15,0.12749003984063745,0.2222222222222222,0.14814814814814814,0.0959409594095941,0.1556420233463035,0.11612903225806452,0.09361702127659574,0.1292517006802721,0.12056737588652482,0.1694915254237288,0.1452513966480447,0.2600896860986547,0.17985611510791366,0.19424460431654678,0.15492957746478872,0.15789473684210525,0.17511520737327188,0.20202020202020202
521106,0.10980392156862745,0.18536585365853658,0.10752688172043011,0.06153846153846154,0.16243654822335024,0.26851851851851855,0.17073170731707318,0.22346368715083798,0.2265625,0.15730337078651685,0.05263157894736842,0.06217616580310881,0.08695652173913043,0.16455696202531644,0.14285714285714285,0.20238095238095238,0.1079136690647482,0.0893854748603352,0.08588957055214724,0.055865921787709494,0.31155778894472363,0.1717171717171717,0.16363636363636364,0.14655172413793102,0.2962962962962963,0.1565217391304348,0.1829652996845426,0.2813688212927757,0.2553191489361702,0.18536585365853658,0.271356783919598,0.2943396226415094,0.16071428571428573,0.22058823529411764,0.21238938053097345,0.13793103448275862,0.23414634146341465,0.18536585365853658,0.03278688524590164,0.03663003663003663,0.2376237623762376,0.058823529411764705,0.11607142857142858,1.0,0.0,0.09523809523809523,0.20388349514563106,0.19305019305019305,0.20994475138121546,0.1694915254237288,0.15384615384615385,0.3047619047619048,0.2018348623853211,0.14285714285714285,0.17777777777777778,0.12903225806451613,0.12941176470588237,0.2374429223744292,0.03954802259887006,0.14942528735632185,0.16265060240963855,0.22330097087378642,0.16346153846153846,0.11244979919678715,0.11981566820276497,0.1271186440677966,0.16993464052287582,0.26785714285714285,0.058823529411764705,0.15254237288135594,0.26244343891402716,0.2672811059907834,0.14655172413793102,0.2895927601809955,0.27450980392156865,0.10646387832699619,0.1592920353982301,0.17194570135746606,0.125,0.17937219730941703,0.07772020725388601,0.16080402010050251,0.24598930481283424,0.25806451612903225,0.0449438202247191,0.19310344827586207,0.21505376344086022,0.13333333333333333,0.1888412017167382,0.1791044776119403,0.18719211822660098,0.15311004784688995,0.29694323144104806,0.2,0.22641509433962265,0.16470588235294117,0.19811320754716982,0.20909090909090908,0.1724137931034483,0.24242424242424243,0.18691588785046728,0.15139442231075698,0.2751322751322751,0.2818181818181818,0.1724137931034483,0.2151394422310757,0.20388349514563106,0.36363636363636365,0.2204724409448819,0.15447154471544716,0.1694915254237288,0.23255813953488372,0.19642857142857142,0.15311004784688995,0.26609442060085836,0.14107883817427386,0.2517482517482518,0.19090909090909092,0.11235955056179775,0.22115384615384615,0.2583732057416268,0.16393442622950818,0.10526315789473684,0.18930041152263374,0.13620071684587814,0.1306532663316583,0.19811320754716982,0.22131147540983606,0.20491803278688525,0.3103448275862069,0.11940298507462686,0.10116731517509728,0.17857142857142858,0.21212121212121213,0.21011673151750973,0.3125,0.25,0.27751196172248804,0.3142857142857143,0.20952380952380953,0.12871287128712872,0.24242424242424243,0.14285714285714285,0.19047619047619047,0.200836820083682,0.2966101694915254,0.14222222222222222,0.2018348623853211,0.225,0.1646090534979424,0.1589958158995816,0.13973799126637554,0.21481481481481482,0.11695906432748537,0.2857142857142857,0.17843866171003717,0.17793594306049823,0.17258883248730963,0.1794871794871795,0.18326693227091634,0.08035714285714286,0.2222222222222222,0.1145374449339207,0.13654618473895583,0.14869888475836432,0.2413793103448276,0.15458937198067632,0.16033755274261605,0.1145374449339207,0.24509803921568626,0.14634146341463414,0.24096385542168675,0.183206106870229,0.16911764705882354,0.0995850622406639,0.12121212121212122,0.18888888888888888,0.26785714285714285,0.23107569721115537,0.17142857142857143,0.11,0.21686746987951808,0.2265625,0.17624521072796934,0.19083969465648856,0.15702479338842976,0.18493150684931506,0.19004524886877827,0.140625,0.14953271028037382,0.15178571428571427,0.2318840579710145,0.19658119658119658,0.19047619047619047,0.20725388601036268,0.17674418604651163,0.029850746268656716,0.0703125,0.20080321285140562,0.19672131147540983,0.17777777777777778,0.22568093385214008,0.14545454545454545,0.2857142857142857,0.27586206896551724,0.18834080717488788,0.12749003984063745,0.12658227848101267,0.2620689655172414,0.12093023255813953,0.1678832116788321,0.19083969465648856,0.26851851851851855,0.11320754716981132,0.3251231527093596,0.13953488372093023,0.2558139534883721,0.1590909090909091,0.25203252032520324,0.2131979695431472,0.15730337078651685
560326,0.11458333333333333,0.11267605633802817,0.06504065040650407,0.05970149253731343,0.1044776119402985,0.13071895424836602,0.039603960396039604,0.10344827586206896,0.07253886010362694,0.1391304347826087,0.11235955056179775,0.16923076923076924,0.04081632653061224,0.06315789473684211,0.1164021164021164,0.10256410256410256,0.06511627906976744,0.034482758620689655,0.04,0.10344827586206896,0.058823529411764705,0.08888888888888889,0.06369426751592357,0.07100591715976332,0.03333333333333333,0.1437125748502994,0.11023622047244094,0.08,0.03488372093023256,0.056338028169014086,0.04411764705882353,0.039603960396039604,0.09937888198757763,0.05741626794258373,0.11042944785276074,0.05405405405405406,0.15492957746478872,0.14084507042253522,0.11666666666666667,0.1523809523809524,0.04316546762589928,0.05714285714285714,0.17391304347826086,0.0,1.0,0.15873015873015872,0.027972027972027972,0.061224489795918366,0.03389830508474576,0.017543859649122806,0.01680672268907563,0.08163265306122448,0.16774193548387098,0.08,0.08547008547008547,0.14285714285714285,0.056074766355140186,0.01282051282051282,0.12371134020618557,0.036036036036036036,0.13382899628252787,0.06993006993006994,0.05517241379310345,0.08602150537634409,0.11688311688311688,0.08092485549132948,0.044444444444444446,0.049689440993788817,0.0774818401937046,0.06936416184971098,0.06329113924050633,0.06493506493506493,0.09467455621301775,0.06329113924050633,0.08333333333333333,0.13,0.13043478260869565,0.0759493670886076,0.13953488372093023,0.1125,0.07430340557275542,0.08823529411764706,0.0967741935483871,0.14634146341463414,0.05217391304347826,0.09691629955947137,0.08130081300813008,0.06837606837606838,0.11764705882352941,0.08695652173913043,0.02857142857142857,0.0821917808219178,0.07228915662650602,0.11764705882352941,0.0,0.1308411214953271,0.053691275167785234,0.08917197452229299,0.11834319526627218,0.08955223880597014,0.06622516556291391,0.031914893617021274,0.031746031746031744,0.08917197452229299,0.03550295857988166,0.0425531914893617,0.027972027972027972,0.055865921787709494,0.07329842931937172,0.09836065573770492,0.10404624277456648,0.02631578947368421,0.062111801242236024,0.0958904109589041,0.03529411764705882,0.0898876404494382,0.017937219730941704,0.12738853503184713,0.049019607843137254,0.08275862068965517,0.0273972602739726,0.04419889502762431,0.0410958904109589,0.12222222222222222,0.07407407407407407,0.10294117647058823,0.09395973154362416,0.04419889502762431,0.055248618784530384,0.011834319526627219,0.10144927536231885,0.10309278350515463,0.07453416149068323,0.05925925925925926,0.09278350515463918,0.09326424870466321,0.06535947712418301,0.0,0.027210884353741496,0.09523809523809523,0.15827338129496402,0.047619047619047616,0.024844720496894408,0.10714285714285714,0.06818181818181818,0.011560693641618497,0.0,0.09032258064516129,0.07909604519774012,0.08888888888888889,0.07954545454545454,0.060240963855421686,0.0966183574879227,0.07407407407407407,0.031746031746031744,0.06796116504854369,0.07339449541284404,0.07462686567164178,0.05847953216374269,0.07446808510638298,0.049689440993788817,0.06349206349206349,0.17073170731707318,0.043010752688172046,0.14563106796116504,0.09467455621301775,0.1111111111111111,0.10344827586206896,0.08536585365853659,0.09929078014184398,0.0546448087431694,0.03225806451612903,0.07035175879396985,0.07655502392344497,0.14606741573033707,0.17857142857142858,0.06060606060606061,0.037267080745341616,0.13829787234042554,0.09059233449477352,0.014598540145985401,0.06451612903225806,0.07253886010362694,0.010101010101010102,0.09045226130653267,0.055865921787709494,0.10480349344978165,0.08860759493670886,0.031088082901554404,0.09271523178807947,0.07453416149068323,0.041666666666666664,0.05847953216374269,0.08163265306122448,0.12307692307692308,0.02631578947368421,0.14492753623188406,0.07253886010362694,0.06451612903225806,0.06629834254143646,0.07407407407407407,0.07216494845360824,0.10191082802547771,0.011904761904761904,0.10650887573964497,0.125,0.0425531914893617,0.11494252873563218,0.05286343612334802,0.02631578947368421,0.08530805687203792,0.08040201005025126,0.0915032679738562,0.16666666666666666,0.15714285714285714,0.08205128205128205,0.08205128205128205,0.06965174129353234,0.06557377049180328,0.11940298507462686,0.10434782608695652
637858,0.19166666666666668,0.15789473684210525,0.11695906432748537,0.12173913043478261,0.25274725274725274,0.13930348258706468,0.1342281879194631,0.18292682926829268,0.15767634854771784,0.11042944785276074,0.16058394160583941,0.19101123595505617,0.0958904109589041,0.08391608391608392,0.1940928270042194,0.13707165109034267,0.22053231939163498,0.14634146341463414,0.0945945945945946,0.10975609756097561,0.10869565217391304,0.20765027322404372,0.18536585365853658,0.2119815668202765,0.13157894736842105,0.13023255813953488,0.1456953642384106,0.1774193548387097,0.14545454545454545,0.1368421052631579,0.16304347826086957,0.136,0.19138755980861244,0.1245136186770428,0.16113744075829384,0.1761006289308176,0.12631578947368421,0.12631578947368421,0.16666666666666666,0.12403100775193798,0.0962566844919786,0.13452914798206278,0.1339712918660287,0.09523809523809523,0.15873015873015872,1.0,0.11518324607329843,0.13934426229508196,0.13253012048192772,0.18518518518518517,0.15568862275449102,0.13333333333333333,0.16748768472906403,0.17040358744394618,0.1696969696969697,0.31683168316831684,0.18064516129032257,0.16666666666666666,0.13569321533923304,0.18867924528301888,0.20189274447949526,0.15706806282722513,0.16580310880829016,0.24786324786324787,0.1782178217821782,0.18099547511312217,0.08695652173913043,0.1339712918660287,0.0824295010845987,0.18099547511312217,0.1650485436893204,0.1782178217821782,0.20276497695852536,0.1650485436893204,0.15833333333333333,0.20161290322580644,0.19753086419753085,0.1941747572815534,0.1694915254237288,0.19230769230769232,0.14555256064690028,0.17391304347826086,0.20930232558139536,0.15204678362573099,0.13496932515337423,0.19636363636363635,0.15204678362573099,0.15757575757575756,0.25688073394495414,0.15053763440860216,0.14893617021276595,0.23711340206185566,0.12149532710280374,0.2127659574468085,0.14213197969543148,0.18064516129032257,0.19289340101522842,0.15609756097560976,0.25806451612903225,0.20883534136546184,0.1708542713567839,0.16101694915254236,0.16091954022988506,0.15609756097560976,0.10138248847926268,0.1440677966101695,0.13612565445026178,0.13215859030837004,0.1589958158995816,0.15584415584415584,0.19004524886877827,0.09,0.16267942583732056,0.17525773195876287,0.11926605504587157,0.20353982300884957,0.12546125461254612,0.2634146341463415,0.15079365079365079,0.14507772020725387,0.14432989690721648,0.1572052401746725,0.15463917525773196,0.20175438596491227,0.16666666666666666,0.18478260869565216,0.17258883248730963,0.13100436681222707,0.14847161572052403,0.14746543778801843,0.16129032258064516,0.2231404958677686,0.1722488038277512,0.2185792349726776,0.2231404958677686,0.14107883817427386,0.13930348258706468,0.1134020618556701,0.09230769230769231,0.22564102564102564,0.27807486631016043,0.12037037037037036,0.15311004784688995,0.25925925925925924,0.13392857142857142,0.12669683257918551,0.12380952380952381,0.15763546798029557,0.17777777777777778,0.19298245614035087,0.14285714285714285,0.1588785046728972,0.23529411764705882,0.16666666666666666,0.14345991561181434,0.1889763779527559,0.15789473684210525,0.15384615384615385,0.136986301369863,0.1694915254237288,0.1339712918660287,0.14345991561181434,0.1320754716981132,0.1452991452991453,0.2125984251968504,0.17511520737327188,0.15625,0.1981981981981982,0.1792452830188679,0.1693121693121693,0.15584415584415584,0.1282051282051282,0.16194331983805668,0.17120622568093385,0.20353982300884957,0.1574074074074074,0.11594202898550725,0.15311004784688995,0.2542372881355932,0.191044776119403,0.11891891891891893,0.1452991452991453,0.2074688796680498,0.12195121951219512,0.16194331983805668,0.19383259911894274,0.20216606498194944,0.21359223300970873,0.13278008298755187,0.21105527638190955,0.20095693779904306,0.14583333333333334,0.1278538812785388,0.24615384615384617,0.20224719101123595,0.15,0.15053763440860216,0.1908713692946058,0.1794871794871795,0.2096069868995633,0.13333333333333333,0.1487603305785124,0.16585365853658537,0.1388888888888889,0.17511520737327188,0.19230769230769232,0.1694915254237288,0.1891891891891892,0.15272727272727274,0.15,0.22393822393822393,0.1862348178137652,0.1791044776119403,0.1527777777777778,0.1595744680851064,0.13168724279835392,0.14814814814814814,0.13654618473895583,0.1471861471861472,0.24175824175824176,0.15950920245398773
644215,0.22568093385214008,0.2028985507246377,0.11702127659574468,0.06060606060606061,0.21105527638190955,0.22935779816513763,0.26506024096385544,0.143646408839779,0.35658914728682173,0.2,0.1038961038961039,0.07179487179487179,0.12269938650306748,0.1375,0.12598425196850394,0.1301775147928994,0.09285714285714286,0.09944751381215469,0.12121212121212122,0.07734806629834254,0.1890547263681592,0.19,0.17117117117117117,0.2564102564102564,0.17959183673469387,0.21551724137931033,0.13166144200626959,0.19622641509433963,0.2616033755274262,0.27053140096618356,0.23880597014925373,0.1797752808988764,0.2831858407079646,0.2846715328467153,0.2631578947368421,0.14772727272727273,0.18357487922705315,0.2222222222222222,0.032432432432432434,0.05818181818181818,0.18627450980392157,0.06666666666666667,0.12389380530973451,0.20388349514563106,0.027972027972027972,0.11518324607329843,1.0,0.36015325670498083,0.3825136612021858,0.1564245810055866,0.18478260869565216,0.19811320754716982,0.23636363636363636,0.26666666666666666,0.25274725274725274,0.1643835616438356,0.1744186046511628,0.2081447963800905,0.0449438202247191,0.22727272727272727,0.1377245508982036,0.3269230769230769,0.1619047619047619,0.18326693227091634,0.1552511415525114,0.19327731092436976,0.12903225806451613,0.24778761061946902,0.100418410041841,0.226890756302521,0.2242152466367713,0.2374429223744292,0.23076923076923078,0.23318385650224216,0.2490272373540856,0.11320754716981132,0.12903225806451613,0.17937219730941703,0.25773195876288657,0.20444444444444446,0.08762886597938144,0.21890547263681592,0.25396825396825395,0.22340425531914893,0.044444444444444446,0.19863013698630136,0.23404255319148937,0.24175824175824176,0.18723404255319148,0.22660098522167488,0.23414634146341465,0.14218009478672985,0.2510822510822511,0.2619047619047619,0.2523364485981308,0.19767441860465115,0.22429906542056074,0.26126126126126126,0.24786324786324787,0.2556390977443609,0.2037037037037037,0.20553359683794467,0.2198952879581152,0.3333333333333333,0.3247863247863248,0.2608695652173913,0.2980769230769231,0.22131147540983606,0.25,0.3387096774193548,0.17647058823529413,0.3225806451612903,0.3274336283185841,0.2559241706161137,0.2297872340425532,0.23045267489711935,0.2013888888888889,0.3063063063063063,0.18587360594795538,0.21904761904761905,0.22748815165876776,0.25203252032520324,0.10426540284360189,0.16326530612244897,0.16370106761565836,0.1890547263681592,0.22429906542056074,0.21138211382113822,0.2032520325203252,0.18803418803418803,0.17733990147783252,0.1776061776061776,0.18584070796460178,0.19,0.18532818532818532,0.1937984496124031,0.24770642201834864,0.23696682464454977,0.29245283018867924,0.2358490566037736,0.19607843137254902,0.24892703862660945,0.18584070796460178,0.1888412017167382,0.34854771784232363,0.2605042016806723,0.14977973568281938,0.2818181818181818,0.24793388429752067,0.21224489795918366,0.2987551867219917,0.329004329004329,0.2647058823529412,0.15028901734104047,0.2125984251968504,0.22878228782287824,0.24028268551236748,0.2914572864321608,0.19491525423728814,0.30039525691699603,0.13274336283185842,0.2677165354330709,0.13100436681222707,0.16733067729083664,0.17712177121771217,0.1794871794871795,0.21052631578947367,0.2928870292887029,0.13100436681222707,0.2912621359223301,0.22580645161290322,0.2948207171314741,0.2196969696969697,0.23357664233576642,0.12345679012345678,0.2145922746781116,0.16574585635359115,0.23008849557522124,0.22134387351778656,0.24431818181818182,0.16831683168316833,0.2549800796812749,0.2248062015503876,0.34980988593155893,0.20454545454545456,0.22131147540983606,0.21768707482993196,0.19730941704035873,0.24031007751937986,0.19444444444444445,0.17699115044247787,0.2679425837320574,0.2542372881355932,0.2358490566037736,0.20512820512820512,0.2119815668202765,0.059113300492610835,0.13953488372093023,0.23904382470119523,0.22764227642276422,0.2555066079295154,0.2548262548262548,0.1981981981981982,0.2145922746781116,0.23076923076923078,0.24888888888888888,0.12648221343873517,0.22594142259414227,0.1917808219178082,0.1935483870967742,0.1956521739130435,0.2196969696969697,0.2018348623853211,0.13664596273291926,0.23414634146341465,0.2230769230769231,0.19230769230769232,0.16541353383458646,0.2903225806451613,0.21105527638190955,0.16666666666666666
644241,0.21935483870967742,0.24615384615384617,0.06639004149377593,0.06486486486486487,0.21428571428571427,0.3025830258302583,0.1735159817351598,0.13675213675213677,0.5787781350482315,0.13733905579399142,0.13526570048309178,0.10483870967741936,0.08333333333333333,0.09389671361502347,0.13680781758957655,0.17391304347826086,0.12012012012012012,0.10256410256410256,0.10091743119266056,0.08547008547008547,0.2125984251968504,0.2134387351778656,0.17454545454545456,0.20209059233449478,0.174496644295302,0.21754385964912282,0.15591397849462366,0.24528301886792453,0.30344827586206896,0.2,0.2204724409448819,0.225,0.2078853046594982,0.26299694189602446,0.31316725978647686,0.1222707423580786,0.19230769230769232,0.2230769230769231,0.06722689075630252,0.054878048780487805,0.20233463035019456,0.08191126279863481,0.11469534050179211,0.19305019305019305,0.061224489795918366,0.13934426229508196,0.36015325670498083,1.0,0.2796610169491525,0.12931034482758622,0.23628691983122363,0.21132075471698114,0.21245421245421245,0.2525597269624573,0.20425531914893616,0.19117647058823528,0.12444444444444444,0.1897810218978102,0.0488997555012225,0.18340611353711792,0.14987080103359174,0.3371647509578544,0.17490494296577946,0.18421052631578946,0.18382352941176472,0.2268041237113402,0.10576923076923077,0.23655913978494625,0.11299435028248588,0.24054982817869416,0.2318840579710145,0.16911764705882354,0.24390243902439024,0.2463768115942029,0.23870967741935484,0.1320754716981132,0.13705583756345177,0.15217391304347827,0.19433198380566802,0.20863309352517986,0.09977324263038549,0.2125984251968504,0.19834710743801653,0.24066390041493776,0.06866952789699571,0.24347826086956523,0.26556016597510373,0.20425531914893616,0.2777777777777778,0.21875,0.23255813953488372,0.12878787878787878,0.31690140845070425,0.28852459016393445,0.2247191011235955,0.19555555555555557,0.21722846441947566,0.28363636363636363,0.2787456445993031,0.28213166144200624,0.19330855018587362,0.22875816993464052,0.22131147540983606,0.33454545454545453,0.2508710801393728,0.32679738562091504,0.29118773946360155,0.32323232323232326,0.42718446601941745,0.23920265780730898,0.19243986254295534,0.28888888888888886,0.3225806451612903,0.23484848484848486,0.24305555555555555,0.23648648648648649,0.23460410557184752,0.3054545454545455,0.16149068322981366,0.23574144486692014,0.19696969696969696,0.2140468227424749,0.09090909090909091,0.18120805369127516,0.17964071856287425,0.2047244094488189,0.23220973782771537,0.1939799331103679,0.2140468227424749,0.20209059233449478,0.171875,0.23076923076923078,0.30824372759856633,0.2134387351778656,0.20512820512820512,0.2572347266881029,0.28044280442804426,0.23484848484848486,0.24150943396226415,0.21132075471698114,0.1867704280155642,0.25874125874125875,0.1863799283154122,0.2097902097902098,0.3333333333333333,0.26804123711340205,0.15,0.29304029304029305,0.3864406779661017,0.2684563758389262,0.3197278911564626,0.24647887323943662,0.31384615384615383,0.1415929203539823,0.28664495114006516,0.24074074074074073,0.27976190476190477,0.21428571428571427,0.15916955017301038,0.26143790849673204,0.13620071684587814,0.5732899022801303,0.11347517730496454,0.16447368421052633,0.24074074074074073,0.18118466898954705,0.20610687022900764,0.2191780821917808,0.2198581560283688,0.2857142857142857,0.24584717607973422,0.23026315789473684,0.3722397476340694,0.25076452599388377,0.12162162162162163,0.1888111888111888,0.2457831325301205,0.24372759856630824,0.2679738562091503,0.3160493827160494,0.14901960784313725,0.3092105263157895,0.2379421221864952,0.33544303797468356,0.25236593059936907,0.18855218855218855,0.2478386167146974,0.2246376811594203,0.22508038585209003,0.18587360594795538,0.17921146953405018,0.22137404580152673,0.2837370242214533,0.2339622641509434,0.18548387096774194,0.22962962962962963,0.09375,0.10932475884244373,0.2565789473684211,0.2608695652173913,0.2357142857142857,0.2948717948717949,0.21818181818181817,0.23776223776223776,0.2578397212543554,0.2302158273381295,0.1568627450980392,0.21232876712328766,0.30144927536231886,0.24444444444444444,0.3404255319148936,0.35962145110410093,0.2140221402214022,0.14953271028037382,0.20155038759689922,0.2108626198083067,0.24920127795527156,0.18181818181818182,0.34551495016611294,0.1984126984126984,0.13733905579399142
704473,0.14655172413793102,0.21978021978021978,0.08588957055214724,0.07476635514018691,0.19540229885057472,0.23834196891191708,0.2553191489361702,0.14102564102564102,0.2832618025751073,0.15483870967741936,0.10852713178294573,0.08235294117647059,0.10144927536231885,0.13333333333333333,0.11353711790393013,0.14057507987220447,0.08627450980392157,0.1282051282051282,0.1,0.05128205128205128,0.19318181818181818,0.2057142857142857,0.15228426395939088,0.20095693779904306,0.17272727272727273,0.18357487922705315,0.14965986394557823,0.20833333333333334,0.2358490566037736,0.2087912087912088,0.22727272727272727,0.18181818181818182,0.25870646766169153,0.23293172690763053,0.23645320197044334,0.15894039735099338,0.1978021978021978,0.21978021978021978,0.05,0.04,0.18994413407821228,0.11162790697674418,0.10945273631840796,0.20994475138121546,0.03389830508474576,0.13253012048192772,0.3825136612021858,0.2796610169491525,1.0,0.2077922077922078,0.2138364779874214,0.20320855614973263,0.22564102564102564,0.22325581395348837,0.24203821656050956,0.15463917525773196,0.14965986394557823,0.22448979591836735,0.03625377643504532,0.23841059602649006,0.12297734627831715,0.30601092896174864,0.17297297297297298,0.13274336283185842,0.14432989690721648,0.16901408450704225,0.15384615384615385,0.23880597014925373,0.09271523178807947,0.22535211267605634,0.2222222222222222,0.20618556701030927,0.19138755980861244,0.25252525252525254,0.21551724137931033,0.10833333333333334,0.11392405063291139,0.16161616161616163,0.22485207100591717,0.19,0.07162534435261708,0.19318181818181818,0.2682926829268293,0.24539877300613497,0.07741935483870968,0.18726591760299627,0.25766871165644173,0.25477707006369427,0.19047619047619047,0.19101123595505617,0.2777777777777778,0.13978494623655913,0.24271844660194175,0.23788546255506607,0.24338624338624337,0.24489795918367346,0.26455026455026454,0.27411167512690354,0.22009569377990432,0.2157676348547718,0.19895287958115182,0.15789473684210525,0.24096385542168675,0.3553299492385787,0.22966507177033493,0.2543859649122807,0.31693989071038253,0.2191780821917808,0.38095238095238093,0.26905829596412556,0.16901408450704225,0.28125,0.27860696517412936,0.1827956989247312,0.24761904761904763,0.1926605504587156,0.18250950570342206,0.29441624365482233,0.14754098360655737,0.23783783783783785,0.20430107526881722,0.19909502262443438,0.0967741935483871,0.16363636363636364,0.15625,0.20454545454545456,0.2328042328042328,0.19909502262443438,0.2081447963800905,0.21052631578947367,0.16853932584269662,0.15384615384615385,0.208955223880597,0.21714285714285714,0.1794871794871795,0.19742489270386265,0.3005181347150259,0.24731182795698925,0.32085561497326204,0.23529411764705882,0.1787709497206704,0.2403846153846154,0.1791044776119403,0.19230769230769232,0.26851851851851855,0.26291079812206575,0.1485148514851485,0.3282051282051282,0.25806451612903225,0.22727272727272727,0.24074074074074073,0.2621359223300971,0.242914979757085,0.1891891891891892,0.2096069868995633,0.2032520325203252,0.21705426356589147,0.22988505747126436,0.18009478672985782,0.2807017543859649,0.09950248756218906,0.28820960698689957,0.10784313725490197,0.17699115044247787,0.18699186991869918,0.18181818181818182,0.17391304347826086,0.24299065420560748,0.13725490196078433,0.287292817679558,0.21524663677130046,0.24778761061946902,0.22594142259414227,0.23293172690763053,0.12844036697247707,0.18269230769230768,0.13649851632047477,0.21890547263681592,0.21052631578947367,0.1834862385321101,0.14689265536723164,0.23893805309734514,0.2145922746781116,0.23529411764705882,0.20920502092050208,0.1917808219178082,0.17843866171003717,0.2222222222222222,0.1888412017167382,0.15706806282722513,0.1791044776119403,0.2826086956521739,0.2559241706161137,0.22459893048128343,0.18823529411764706,0.20833333333333334,0.06741573033707865,0.11158798283261803,0.22123893805309736,0.22624434389140272,0.2079207920792079,0.23931623931623933,0.19289340101522842,0.23076923076923078,0.23923444976076555,0.23,0.12280701754385964,0.19626168224299065,0.1797752808988764,0.1875,0.19123505976095617,0.20920502092050208,0.20725388601036268,0.16176470588235295,0.2222222222222222,0.1702127659574468,0.17872340425531916,0.1825726141078838,0.27802690582959644,0.2413793103448276,0.14193548387096774
2314623,0.09649122807017543,0.15730337078651685,0.11320754716981132,0.11650485436893204,0.11764705882352941,0.1693121693121693,0.16058394160583941,0.18421052631578946,0.14847161572052403,0.1456953642384106,0.096,0.10843373493975904,0.1044776119402985,0.15267175572519084,0.14222222222222222,0.12297734627831715,0.10358565737051793,0.14473684210526316,0.10294117647058823,0.05263157894736842,0.16279069767441862,0.1871345029239766,0.15544041450777202,0.14634146341463414,0.17592592592592593,0.12807881773399016,0.1310344827586207,0.15254237288135594,0.15384615384615385,0.16853932584269662,0.19767441860465115,0.15966386554621848,0.14213197969543148,0.12244897959183673,0.1407035175879397,0.21768707482993196,0.14606741573033707,0.14606741573033707,0.10256410256410256,0.056910569105691054,0.16,0.11374407582938388,0.1218274111675127,0.1694915254237288,0.017543859649122806,0.18518518518518517,0.1564245810055866,0.12931034482758622,0.2077922077922078,1.0,0.21935483870967742,0.15300546448087432,0.15706806282722513,0.16113744075829384,0.1830065359477124,0.16842105263157894,0.1958041958041958,0.21875,0.0672782874617737,0.23129251700680273,0.1180327868852459,0.16759776536312848,0.17679558011049723,0.10810810810810811,0.14736842105263157,0.14354066985645933,0.15873015873015872,0.17258883248730963,0.062360801781737196,0.15311004784688995,0.17525773195876287,0.18947368421052632,0.15609756097560976,0.18556701030927836,0.14912280701754385,0.13559322033898305,0.12179487179487179,0.21649484536082475,0.14545454545454545,0.17346938775510204,0.08356545961002786,0.1744186046511628,0.2,0.1761006289308176,0.11920529801324503,0.13688212927756654,0.1761006289308176,0.1437908496732026,0.1650485436893204,0.14942528735632185,0.17045454545454544,0.16483516483516483,0.18811881188118812,0.14349775784753363,0.1837837837837838,0.1958041958041958,0.20540540540540542,0.15544041450777202,0.13658536585365855,0.1518987341772152,0.1925133689839572,0.15178571428571427,0.2345679012345679,0.17616580310880828,0.12682926829268293,0.16071428571428573,0.1564245810055866,0.14883720930232558,0.16740088105726872,0.2100456621004566,0.16267942583732056,0.1702127659574468,0.14213197969543148,0.14285714285714285,0.14563106796116504,0.16822429906542055,0.14671814671814673,0.15544041450777202,0.11666666666666667,0.16574585635359115,0.18681318681318682,0.16589861751152074,0.14285714285714285,0.1388888888888889,0.15873015873015872,0.19767441860465115,0.1945945945945946,0.15668202764976957,0.16589861751152074,0.1951219512195122,0.1724137931034483,0.13043478260869565,0.16243654822335024,0.19883040935672514,0.14782608695652175,0.13973799126637554,0.15873015873015872,0.16483516483516483,0.16393442622950818,0.14207650273224043,0.13714285714285715,0.16666666666666666,0.15228426395939088,0.16666666666666666,0.14150943396226415,0.16267942583732056,0.15151515151515152,0.16753926701570682,0.15023474178403756,0.16666666666666666,0.16037735849056603,0.16831683168316833,0.13991769547325103,0.18055555555555555,0.1511111111111111,0.1487603305785124,0.13385826771653545,0.15294117647058825,0.18357487922705315,0.15178571428571427,0.08121827411167512,0.14222222222222222,0.12,0.15315315315315314,0.14049586776859505,0.18536585365853658,0.14444444444444443,0.14285714285714285,0.14,0.1807909604519774,0.1552511415525114,0.15315315315315314,0.14468085106382977,0.13877551020408163,0.14953271028037382,0.11764705882352941,0.11411411411411411,0.18274111675126903,0.14285714285714285,0.11145510835913312,0.13872832369942195,0.12612612612612611,0.1572052401746725,0.1282051282051282,0.1702127659574468,0.13023255813953488,0.12075471698113208,0.1958762886597938,0.13100436681222707,0.1497326203208556,0.16243654822335024,0.2777777777777778,0.1642512077294686,0.15300546448087432,0.18072289156626506,0.1595744680851064,0.06896551724137931,0.07860262008733625,0.17117117117117117,0.17511520737327188,0.1414141414141414,0.13043478260869565,0.13471502590673576,0.18627450980392157,0.16585365853658537,0.14285714285714285,0.15178571428571427,0.1523809523809524,0.1444866920152091,0.14893617021276595,0.145748987854251,0.13617021276595745,0.20105820105820105,0.13636363636363635,0.19318181818181818,0.12121212121212122,0.1471861471861472,0.14345991561181434,0.1552511415525114,0.21176470588235294,0.15894039735099338
2726824,0.12875536480686695,0.24043715846994534,0.0975609756097561,0.16666666666666666,0.12571428571428572,0.15463917525773196,0.2676056338028169,0.16560509554140126,0.1794871794871795,0.10256410256410256,0.1076923076923077,0.11695906432748537,0.12949640287769784,0.10294117647058823,0.14782608695652175,0.12101910828025478,0.1171875,0.16560509554140126,0.15602836879432624,0.06369426751592357,0.15819209039548024,0.19318181818181818,0.1919191919191919,0.1619047619047619,0.18099547511312217,0.16346153846153846,0.1288135593220339,0.16597510373443983,0.20657276995305165,0.14207650273224043,0.192090395480226,0.1728395061728395,0.12871287128712872,0.152,0.23529411764705882,0.25,0.12021857923497267,0.1092896174863388,0.08695652173913043,0.04780876494023904,0.24444444444444444,0.12037037037037036,0.07920792079207921,0.15384615384615385,0.01680672268907563,0.15568862275449102,0.18478260869565216,0.23628691983122363,0.2138364779874214,0.21935483870967742,1.0,0.1276595744680851,0.14285714285714285,0.17592592592592593,0.189873417721519,0.17435897435897435,0.24324324324324326,0.20304568527918782,0.060240963855421686,0.2236842105263158,0.12258064516129032,0.2608695652173913,0.20430107526881722,0.12334801762114538,0.1641025641025641,0.18691588785046728,0.10687022900763359,0.16831683168316833,0.06607929515418502,0.19626168224299065,0.1507537688442211,0.15384615384615385,0.14285714285714285,0.1708542713567839,0.15450643776824036,0.12448132780082988,0.12618296529968454,0.1507537688442211,0.2,0.13930348258706468,0.08791208791208792,0.21468926553672316,0.14545454545454545,0.14634146341463414,0.1282051282051282,0.15671641791044777,0.1951219512195122,0.17721518987341772,0.21800947867298578,0.2011173184357542,0.2430939226519337,0.1497326203208556,0.2318840579710145,0.14035087719298245,0.2,0.25675675675675674,0.2,0.20202020202020202,0.14285714285714285,0.15702479338842976,0.2708333333333333,0.26200873362445415,0.20359281437125748,0.1919191919191919,0.18095238095238095,0.18340611353711792,0.22826086956521738,0.23636363636363636,0.1896551724137931,0.17857142857142858,0.21495327102803738,0.17616580310880828,0.16831683168316833,0.16042780748663102,0.17061611374407584,0.1643835616438356,0.19696969696969696,0.18181818181818182,0.1306122448979592,0.21505376344086022,0.1925133689839572,0.17117117117117117,0.1711229946524064,0.17194570135746606,0.16342412451361868,0.21468926553672316,0.15789473684210525,0.16216216216216217,0.26126126126126126,0.19047619047619047,0.18994413407821228,0.16170212765957448,0.32673267326732675,0.17045454545454544,0.17872340425531916,0.13675213675213677,0.21649484536082475,0.1711229946524064,0.1702127659574468,0.1702127659574468,0.16666666666666666,0.19138755980861244,0.18811881188118812,0.14354066985645933,0.18433179723502305,0.18691588785046728,0.18719211822660098,0.1836734693877551,0.1743119266055046,0.17194570135746606,0.2488479262672811,0.18357487922705315,0.16129032258064516,0.22818791946308725,0.2,0.16194331983805668,0.15444015444015444,0.21714285714285714,0.16981132075471697,0.18340611353711792,0.13861386138613863,0.24347826086956523,0.07804878048780488,0.1762114537444934,0.16194331983805668,0.20952380952380953,0.1837837837837838,0.13023255813953488,0.24390243902439024,0.17582417582417584,0.1875,0.16740088105726872,0.225,0.2,0.1552511415525114,0.1722488038277512,0.17159763313609466,0.21782178217821782,0.16593886462882096,0.14634146341463414,0.16853932584269662,0.1762114537444934,0.1794871794871795,0.17573221757322174,0.18333333333333332,0.19090909090909092,0.15555555555555556,0.19095477386934673,0.1452991452991453,0.1875,0.18811881188118812,0.1945945945945946,0.20754716981132076,0.13829787234042554,0.19883040935672514,0.20725388601036268,0.11173184357541899,0.1111111111111111,0.18502202643171806,0.1891891891891892,0.24630541871921183,0.17872340425531916,0.21212121212121213,0.23923444976076555,0.1619047619047619,0.1890547263681592,0.16593886462882096,0.19534883720930232,0.22388059701492538,0.31088082901554404,0.2222222222222222,0.23333333333333334,0.21649484536082475,0.13138686131386862,0.17679558011049723,0.1694915254237288,0.1694915254237288,0.1322314049586777,0.16071428571428573,0.2057142857142857,0.1282051282051282
2733526,0.16091954022988506,0.1895734597156398,0.10416666666666667,0.058823529411764705,0.11822660098522167,0.32432432432432434,0.17647058823529413,0.14054054054054055,0.25190839694656486,0.21739130434782608,0.0759493670886076,0.09045226130653267,0.0718562874251497,0.23170731707317074,0.11627906976744186,0.30409356725146197,0.08450704225352113,0.0972972972972973,0.07100591715976332,0.06486486486486487,0.3804878048780488,0.22549019607843138,0.13274336283185842,0.15966386554621848,0.20883534136546184,0.2033898305084746,0.26006191950464397,0.26765799256505574,0.24066390041493776,0.24644549763033174,0.2048780487804878,0.25830258302583026,0.19130434782608696,0.2302158273381295,0.2413793103448276,0.1111111111111111,0.43601895734597157,0.23696682464454977,0.07407407407407407,0.0931899641577061,0.25961538461538464,0.07377049180327869,0.20869565217391303,0.3047619047619048,0.08163265306122448,0.13333333333333333,0.19811320754716982,0.21132075471698114,0.20320855614973263,0.15300546448087432,0.1276595744680851,1.0,0.2767857142857143,0.13934426229508196,0.16129032258064516,0.14349775784753363,0.11363636363636363,0.19555555555555557,0.07777777777777778,0.12222222222222222,0.16568047337278108,0.2641509433962264,0.14018691588785046,0.1411764705882353,0.17040358744394618,0.10743801652892562,0.20125786163522014,0.17391304347826086,0.07053941908713693,0.14049586776859505,0.27312775330396477,0.2600896860986547,0.21008403361344538,0.2555066079295154,0.32950191570881227,0.11152416356877323,0.1565217391304348,0.22026431718061673,0.1414141414141414,0.27074235807860264,0.09183673469387756,0.15609756097560976,0.25906735751295334,0.3333333333333333,0.06521739130434782,0.18243243243243243,0.23958333333333334,0.15053763440860216,0.200836820083682,0.1642512077294686,0.1722488038277512,0.13023255813953488,0.28936170212765955,0.2265625,0.14678899082568808,0.17045454545454544,0.21100917431192662,0.19469026548672566,0.18487394957983194,0.3037037037037037,0.14545454545454545,0.1556420233463035,0.2153846153846154,0.336283185840708,0.15966386554621848,0.1867704280155642,0.18867924528301888,0.25806451612903225,0.23846153846153847,0.1746031746031746,0.17355371900826447,0.22624434389140272,0.19130434782608696,0.15813953488372093,0.24267782426778242,0.1700404858299595,0.2602739726027397,0.18584070796460178,0.1391941391941392,0.205607476635514,0.18604651162790697,0.136,0.10232558139534884,0.1606425702811245,0.14035087719298245,0.13658536585365855,0.22018348623853212,0.176,0.376,0.226890756302521,0.12560386473429952,0.1444866920152091,0.14782608695652175,0.20588235294117646,0.22813688212927757,0.2900763358778626,0.22522522522522523,0.25116279069767444,0.28703703703703703,0.25,0.20192307692307693,0.24472573839662448,0.12173913043478261,0.20253164556962025,0.17959183673469387,0.24793388429752067,0.12121212121212122,0.21428571428571427,0.22764227642276422,0.1606425702811245,0.16326530612244897,0.14468085106382977,0.2391304347826087,0.13559322033898305,0.2558139534883721,0.17454545454545456,0.2787456445993031,0.17733990147783252,0.16666666666666666,0.26459143968871596,0.11304347826086956,0.21705426356589147,0.2145922746781116,0.10980392156862745,0.18181818181818182,0.18487394957983194,0.15023474178403756,0.18106995884773663,0.10300429184549356,0.22857142857142856,0.1349206349206349,0.24313725490196078,0.19402985074626866,0.22302158273381295,0.20242914979757085,0.18565400843881857,0.22950819672131148,0.23478260869565218,0.2490272373540856,0.19662921348314608,0.10679611650485436,0.19607843137254902,0.20610687022900764,0.14232209737827714,0.1791044776119403,0.14516129032258066,0.2080536912751678,0.1762114537444934,0.1297709923664122,0.12727272727272726,0.13043478260869565,0.18779342723004694,0.18333333333333332,0.16666666666666666,0.2613065326633166,0.14479638009049775,0.08695652173913043,0.11450381679389313,0.21176470588235294,0.192,0.19913419913419914,0.2661596958174905,0.1592920353982301,0.25316455696202533,0.3865546218487395,0.23580786026200873,0.1245136186770428,0.18106995884773663,0.23648648648648649,0.13574660633484162,0.2,0.21641791044776118,0.26126126126126126,0.13333333333333333,0.3062200956937799,0.17424242424242425,0.30303030303030304,0.2,0.23809523809523808,0.21674876847290642,0.20652173913043478
3005532,0.19330855018587362,0.228310502283105,0.12,0.08333333333333333,0.15165876777251186,0.2956521739130435,0.1797752808988764,0.16580310880829016,0.22962962962962963,0.2916666666666667,0.12048192771084337,0.13526570048309178,0.09142857142857143,0.23255813953488372,0.15789473684210525,0.21714285714285714,0.0958904109589041,0.10362694300518134,0.0903954802259887,0.10362694300518134,0.28169014084507044,0.20754716981132076,0.1452991452991453,0.17886178861788618,0.1867704280155642,0.2540983606557377,0.22356495468277945,0.22382671480144403,0.20080321285140562,0.2648401826484018,0.2347417840375587,0.1863799283154122,0.21008403361344538,0.21678321678321677,0.25,0.14893617021276595,0.2922374429223744,0.3378995433789954,0.08121827411167512,0.11149825783972125,0.23148148148148148,0.07936507936507936,0.2857142857142857,0.2018348623853211,0.16774193548387098,0.16748768472906403,0.23636363636363636,0.21245421245421245,0.22564102564102564,0.15706806282722513,0.14285714285714285,0.2767857142857143,1.0,0.18253968253968253,0.1958762886597938,0.19047619047619047,0.15217391304347827,0.20600858369098712,0.10326086956521739,0.14893617021276595,0.18497109826589594,0.2545454545454545,0.15315315315315314,0.13688212927756654,0.19913419913419914,0.136,0.20359281437125748,0.20168067226890757,0.12244897959183673,0.2,0.26382978723404255,0.24242424242424243,0.2032520325203252,0.2553191489361702,0.275092936802974,0.15162454873646208,0.1813031161473088,0.2553191489361702,0.20388349514563106,0.2616033755274262,0.11,0.22535211267605634,0.29850746268656714,0.37,0.07291666666666667,0.23026315789473684,0.25,0.18556701030927836,0.22672064777327935,0.24186046511627907,0.17511520737327188,0.15246636771300448,0.2551440329218107,0.22727272727272727,0.168141592920354,0.2608695652173913,0.24778761061946902,0.21367521367521367,0.2032520325203252,0.2733812949640288,0.19298245614035087,0.17358490566037735,0.21674876847290642,0.2905982905982906,0.1951219512195122,0.21132075471698114,0.19090909090909092,0.234375,0.23134328358208955,0.24615384615384617,0.208,0.22707423580786026,0.21008403361344538,0.2062780269058296,0.242914979757085,0.18823529411764706,0.2,0.23931623931623933,0.12099644128113879,0.25225225225225223,0.21524663677130046,0.17829457364341086,0.10762331838565023,0.19455252918287938,0.17064846416382254,0.2347417840375587,0.23893805309734514,0.18604651162790697,0.18604651162790697,0.1951219512195122,0.18604651162790697,0.16974169741697417,0.19327731092436976,0.20754716981132076,0.1992619926199262,0.25925925925925924,0.2608695652173913,0.25112107623318386,0.24107142857142858,0.21428571428571427,0.2037037037037037,0.22857142857142856,0.15126050420168066,0.21224489795918366,0.22924901185770752,0.24,0.12552301255230125,0.2672413793103448,0.2283464566929134,0.20233463035019456,0.20553359683794467,0.19753086419753085,0.19718309859154928,0.17297297297297298,0.18796992481203006,0.21201413427561838,0.2033898305084746,0.21800947867298578,0.1935483870967742,0.2188679245283019,0.09243697478991597,0.22556390977443608,0.29045643153526973,0.13688212927756654,0.24028268551236748,0.22764227642276422,0.19004524886877827,0.22310756972111553,0.16597510373443983,0.30275229357798167,0.18461538461538463,0.24334600760456274,0.2028985507246377,0.2097902097902098,0.18823529411764706,0.2693877551020408,0.2192513368983957,0.2857142857142857,0.2339622641509434,0.19230769230769232,0.12149532710280374,0.19011406844106463,0.2222222222222222,0.15272727272727274,0.21014492753623187,0.15625,0.21568627450980393,0.2297872340425532,0.16296296296296298,0.18421052631578946,0.15966386554621848,0.2081447963800905,0.20161290322580644,0.1875,0.21256038647342995,0.16593886462882096,0.13023255813953488,0.11851851851851852,0.21292775665399238,0.21705426356589147,0.23430962343096234,0.22878228782287824,0.17094017094017094,0.2693877551020408,0.2845528455284553,0.23628691983122363,0.12830188679245283,0.20717131474103587,0.18421052631578946,0.13100436681222707,0.20833333333333334,0.21014492753623187,0.24347826086956523,0.17341040462427745,0.30414746543778803,0.21323529411764705,0.27205882352941174,0.2446043165467626,0.25384615384615383,0.27488151658767773,0.22916666666666666
3062316,0.21453287197231835,0.17573221757322174,0.1,0.06097560975609756,0.19047619047619047,0.192,0.20202020202020202,0.16901408450704225,0.33793103448275863,0.16981132075471697,0.15053763440860216,0.13215859030837004,0.12307692307692308,0.125,0.18181818181818182,0.14054054054054055,0.1282051282051282,0.22535211267605634,0.1218274111675127,0.10328638497652583,0.13733905579399142,0.20689655172413793,0.2047244094488189,0.2781954887218045,0.18050541516245489,0.22727272727272727,0.13675213675213677,0.26936026936026936,0.20074349442379183,0.23430962343096234,0.19742489270386265,0.20066889632107024,0.20155038759689922,0.20261437908496732,0.2153846153846154,0.17307692307692307,0.1506276150627615,0.20920502092050208,0.11059907834101383,0.08469055374592833,0.11864406779661017,0.1323529411764706,0.13953488372093023,0.14285714285714285,0.08,0.17040358744394618,0.26666666666666666,0.2525597269624573,0.22325581395348837,0.16113744075829384,0.17592592592592593,0.13934426229508196,0.18253968253968253,1.0,0.205607476635514,0.23904382470119523,0.18627450980392157,0.22134387351778656,0.08762886597938144,0.18269230769230768,0.17486338797814208,0.20833333333333334,0.19834710743801653,0.2968197879858657,0.199203187250996,0.2814814814814815,0.11764705882352941,0.17054263565891473,0.12549019607843137,0.37777777777777777,0.17254901960784313,0.1752988047808765,0.2556390977443609,0.19607843137254902,0.21453287197231835,0.16835016835016836,0.1769436997319035,0.25098039215686274,0.3008849557522124,0.19455252918287938,0.1380952380952381,0.24892703862660945,0.17194570135746606,0.19090909090909092,0.11320754716981132,0.24074074074074073,0.19090909090909092,0.24299065420560748,0.20973782771535582,0.2297872340425532,0.21940928270042195,0.14814814814814814,0.19771863117870722,0.23943661971830985,0.2682926829268293,0.19607843137254902,0.2764227642276423,0.2125984251968504,0.24060150375939848,0.2751677852348993,0.18548387096774194,0.19649122807017544,0.17937219730941703,0.2755905511811024,0.24060150375939848,0.2736842105263158,0.225,0.18115942028985507,0.3402777777777778,0.2857142857142857,0.24444444444444444,0.20883534136546184,0.23255813953488372,0.2962962962962963,0.1797752808988764,0.2545454545454545,0.2125,0.23622047244094488,0.292358803986711,0.19008264462809918,0.18930041152263374,0.2589928057553957,0.13991769547325103,0.1588447653429603,0.26198083067092653,0.24034334763948498,0.22764227642276422,0.2589928057553957,0.17985611510791366,0.21804511278195488,0.2553191489361702,0.2542955326460481,0.20930232558139536,0.19827586206896552,0.20618556701030927,0.18620689655172415,0.216,0.1728395061728395,0.16393442622950818,0.20491803278688525,0.22033898305084745,0.2037735849056604,0.2248062015503876,0.19622641509433963,0.2857142857142857,0.2074074074074074,0.22393822393822393,0.23015873015873015,0.24087591240875914,0.23104693140794225,0.2271062271062271,0.2889733840304182,0.3026315789473684,0.1951219512195122,0.18181818181818182,0.27722772277227725,0.27936507936507937,0.2597402597402597,0.1865671641791045,0.29473684210526313,0.18604651162790697,0.25874125874125875,0.13793103448275862,0.303886925795053,0.297029702970297,0.23308270676691728,0.23236514522821577,0.22140221402214022,0.19923371647509577,0.23529411764705882,0.2714285714285714,0.2332155477031802,0.30405405405405406,0.28104575163398693,0.15272727272727274,0.18867924528301888,0.23857868020304568,0.21705426356589147,0.19649122807017544,0.25,0.1794871794871795,0.1696113074204947,0.2482758620689655,0.2305084745762712,0.31756756756756754,0.2463768115942029,0.22699386503067484,0.2980392156862745,0.27586206896551724,0.21774193548387097,0.24031007751937986,0.1908713692946058,0.21641791044776118,0.19672131147540983,0.2026431718061674,0.18473895582329317,0.1702127659574468,0.21379310344827587,0.26855123674911663,0.28776978417266186,0.18532818532818532,0.21305841924398625,0.23622047244094488,0.18867924528301888,0.19548872180451127,0.24124513618677043,0.21754385964912282,0.25092250922509224,0.24074074074074073,0.3132530120481928,0.2857142857142857,0.2905405405405405,0.224,0.16580310880829016,0.1940928270042194,0.1917808219178082,0.17123287671232876,0.18791946308724833,0.22142857142857142,0.18181818181818182,0.18867924528301888
3463933,0.13852813852813853,0.26519337016574585,0.1111111111111111,0.11320754716981132,0.17341040462427745,0.19791666666666666,0.2714285714285714,0.18064516129032257,0.19827586206896552,0.14285714285714285,0.109375,0.1301775147928994,0.08759124087591241,0.11940298507462686,0.13157894736842105,0.14102564102564102,0.11023622047244094,0.1935483870967742,0.08633093525179857,0.06451612903225806,0.16,0.25287356321839083,0.17346938775510204,0.20192307692307693,0.1643835616438356,0.1941747572815534,0.14334470989761092,0.19246861924686193,0.2559241706161137,0.16574585635359115,0.32,0.15767634854771784,0.18,0.22580645161290322,0.25742574257425743,0.18666666666666668,0.17679558011049723,0.15469613259668508,0.06289308176100629,0.0642570281124498,0.20224719101123595,0.08411214953271028,0.13,0.17777777777777778,0.08547008547008547,0.1696969696969697,0.25274725274725274,0.20425531914893616,0.24203821656050956,0.1830065359477124,0.189873417721519,0.16129032258064516,0.1958762886597938,0.205607476635514,1.0,0.34196891191709844,0.2328767123287671,0.19487179487179487,0.05454545454545454,0.21333333333333335,0.12987012987012986,0.21978021978021978,0.18478260869565216,0.18666666666666668,0.17616580310880828,0.16037735849056603,0.13953488372093023,0.25,0.07079646017699115,0.20754716981132076,0.19289340101522842,0.17616580310880828,0.22115384615384615,0.20304568527918782,0.2597402597402597,0.14225941422594143,0.12698412698412698,0.15228426395939088,0.35714285714285715,0.1407035175879397,0.09392265193370165,0.26285714285714284,0.2822085889570552,0.20987654320987653,0.09090909090909091,0.18045112781954886,0.2345679012345679,0.20512820512820512,0.1722488038277512,0.22598870056497175,0.2122905027932961,0.1837837837837838,0.18536585365853658,0.20353982300884957,0.1702127659574468,0.2465753424657534,0.2127659574468085,0.2857142857142857,0.25,0.175,0.23157894736842105,0.15859030837004406,0.20606060606060606,0.22448979591836735,0.2692307692307692,0.16740088105726872,0.2087912087912088,0.1834862385321101,0.2,0.17117117117117117,0.18867924528301888,0.17801047120418848,0.28,0.24864864864864866,0.19138755980861244,0.2119815668202765,0.1450381679389313,0.20408163265306123,0.1728395061728395,0.20652173913043478,0.24864864864864866,0.22727272727272727,0.11891891891891893,0.2009132420091324,0.23529411764705882,0.2057142857142857,0.19148936170212766,0.16363636363636364,0.17272727272727273,0.17307692307692307,0.22598870056497175,0.1630901287553648,0.24,0.21839080459770116,0.22317596566523606,0.22413793103448276,0.22916666666666666,0.17297297297297298,0.1827956989247312,0.1935483870967742,0.19101123595505617,0.18357487922705315,0.22,0.2222222222222222,0.29767441860465116,0.16981132075471697,0.11940298507462686,0.20618556701030927,0.23148148148148148,0.2374429223744292,0.22325581395348837,0.16585365853658537,0.17886178861788618,0.14965986394557823,0.17543859649122806,0.24489795918367346,0.16342412451361868,0.21965317919075145,0.19047619047619047,0.23788546255506607,0.08,0.21052631578947367,0.12807881773399016,0.17777777777777778,0.20408163265306123,0.19230769230769232,0.30601092896174864,0.1784037558685446,0.16748768472906403,0.35555555555555557,0.17117117117117117,0.17777777777777778,0.19327731092436976,0.1693548387096774,0.14746543778801843,0.18357487922705315,0.19642857142857142,0.19,0.19383259911894274,0.1656441717791411,0.11363636363636363,0.27555555555555555,0.2413793103448276,0.16033755274261605,0.17647058823529413,0.1559633027522936,0.16417910447761194,0.2233502538071066,0.19827586206896552,0.25263157894736843,0.15,0.20765027322404372,0.2571428571428571,0.17204301075268819,0.2958579881656805,0.2094240837696335,0.07909604519774012,0.10344827586206896,0.19555555555555557,0.2,0.26865671641791045,0.18025751072961374,0.21428571428571427,0.17391304347826086,0.21153846153846154,0.25125628140703515,0.14977973568281938,0.1784037558685446,0.15789473684210525,0.15706806282722513,0.184,0.19327731092436976,0.19791666666666666,0.1925925925925926,0.22346368715083798,0.1623931623931624,0.18803418803418803,0.15833333333333333,0.2702702702702703,0.3352601156069364,0.14285714285714285
4263900,0.21641791044776118,0.1834862385321101,0.09045226130653267,0.08391608391608392,0.2857142857142857,0.17467248908296942,0.1694915254237288,0.1875,0.20817843866171004,0.14659685863874344,0.12121212121212122,0.1650485436893204,0.08045977011494253,0.10526315789473684,0.2037735849056604,0.15472779369627507,0.21305841924398625,0.20833333333333334,0.07954545454545454,0.09375,0.1320754716981132,0.21800947867298578,0.19742489270386265,0.2857142857142857,0.1484375,0.1728395061728395,0.15757575757575756,0.2246376811594203,0.18548387096774194,0.1743119266055046,0.20754716981132076,0.15827338129496402,0.21940928270042195,0.1824561403508772,0.23430962343096234,0.20320855614973263,0.14678899082568808,0.1743119266055046,0.12244897959183673,0.09090909090909091,0.11162790697674418,0.11155378486055777,0.16877637130801687,0.12903225806451613,0.14285714285714285,0.31683168316831684,0.1643835616438356,0.19117647058823528,0.15463917525773196,0.16842105263157894,0.17435897435897435,0.14349775784753363,0.19047619047619047,0.23904382470119523,0.34196891191709844,1.0,0.2185792349726776,0.1896551724137931,0.11444141689373297,0.1711229946524064,0.20869565217391303,0.182648401826484,0.18099547511312217,0.29770992366412213,0.1826086956521739,0.20080321285140562,0.12048192771084337,0.16033755274261605,0.09815950920245399,0.2248995983935743,0.1623931623931624,0.1391304347826087,0.2530612244897959,0.17094017094017094,0.20149253731343283,0.18840579710144928,0.20454545454545456,0.1794871794871795,0.23414634146341465,0.16101694915254236,0.15037593984962405,0.24528301886792453,0.16,0.21105527638190955,0.11518324607329843,0.2376237623762376,0.21105527638190955,0.17616580310880828,0.2845528455284553,0.205607476635514,0.17592592592592593,0.1981981981981982,0.17355371900826447,0.20532319391634982,0.17777777777777778,0.20765027322404372,0.2311111111111111,0.1888412017167382,0.3346938775510204,0.2527075812274368,0.2026431718061674,0.18181818181818182,0.16831683168316833,0.19742489270386265,0.16326530612244897,0.1893939393939394,0.1643835616438356,0.17254901960784313,0.20973782771535582,0.19305019305019305,0.23293172690763053,0.13157894736842105,0.1940928270042194,0.24324324324324326,0.15447154471544716,0.25984251968503935,0.14715719063545152,0.2918454935622318,0.21428571428571427,0.17194570135746606,0.1891891891891892,0.2178988326848249,0.14414414414414414,0.1953125,0.19863013698630136,0.22641509433962265,0.18666666666666668,0.17120622568093385,0.17898832684824903,0.17142857142857143,0.22429906542056074,0.24444444444444444,0.2109704641350211,0.22748815165876776,0.2740740740740741,0.19330855018587362,0.19213973799126638,0.14414414414414414,0.12556053811659193,0.242152466367713,0.28837209302325584,0.1557377049180328,0.23628691983122363,0.28688524590163933,0.21428571428571427,0.15261044176706828,0.15126050420168066,0.19047619047619047,0.22134387351778656,0.2265625,0.1746031746031746,0.19834710743801653,0.24734982332155478,0.17391304347826086,0.15849056603773584,0.2624113475177305,0.19727891156462585,0.19047619047619047,0.17813765182186234,0.20454545454545456,0.14345991561181434,0.18867924528301888,0.16666666666666666,0.17557251908396945,0.2624113475177305,0.19591836734693877,0.21818181818181817,0.24,0.20833333333333334,0.2488479262672811,0.20077220077220076,0.16793893129770993,0.20363636363636364,0.21052631578947367,0.18110236220472442,0.18032786885245902,0.17158176943699732,0.18565400843881857,0.2878787878787879,0.23140495867768596,0.14084507042253522,0.19083969465648856,0.26022304832713755,0.1678832116788321,0.1890909090909091,0.2196078431372549,0.24262295081967214,0.26495726495726496,0.20074349442379183,0.24669603524229075,0.22784810126582278,0.15454545454545454,0.1700404858299595,0.26905829596412556,0.2524271844660194,0.16666666666666666,0.18691588785046728,0.22304832713754646,0.21374045801526717,0.24124513618677043,0.17647058823529413,0.18518518518518517,0.19742489270386265,0.16393442622950818,0.20408163265306123,0.23728813559322035,0.19696969696969696,0.2,0.1782178217821782,0.17543859649122806,0.2229965156794425,0.22545454545454546,0.22707423580786026,0.18604651162790697,0.17592592592592593,0.17712177121771217,0.17712177121771217,0.16606498194945848,0.18532818532818532,0.26666666666666666,0.15706806282722513
5113032,0.1085972850678733,0.16374269005847952,0.09210526315789473,0.14583333333333334,0.12269938650306748,0.15384615384615385,0.23076923076923078,0.16551724137931034,0.15315315315315314,0.125,0.15254237288135594,0.16352201257861634,0.12598425196850394,0.14516129032258066,0.1743119266055046,0.11258278145695365,0.11475409836065574,0.16551724137931034,0.12403100775193798,0.12413793103448276,0.14545454545454545,0.1951219512195122,0.17204301075268819,0.1717171717171717,0.16267942583732056,0.14285714285714285,0.12014134275618374,0.1572052401746725,0.1890547263681592,0.11695906432748537,0.23030303030303031,0.15584415584415584,0.12631578947368421,0.12605042016806722,0.16666666666666666,0.2857142857142857,0.11695906432748537,0.11695906432748537,0.1342281879194631,0.06694560669456066,0.10714285714285714,0.12745098039215685,0.09473684210526316,0.12941176470588237,0.056074766355140186,0.18064516129032257,0.1744186046511628,0.12444444444444444,0.14965986394557823,0.1958041958041958,0.24324324324324326,0.11363636363636363,0.15217391304347827,0.18627450980392157,0.2328767123287671,0.2185792349726776,1.0,0.16216216216216217,0.075,0.18571428571428572,0.1610738255033557,0.18604651162790697,0.1724137931034483,0.13953488372093023,0.17486338797814208,0.2079207920792079,0.11764705882352941,0.12631578947368421,0.06787330316742081,0.19801980198019803,0.13903743315508021,0.17486338797814208,0.1717171717171717,0.18181818181818182,0.19004524886877827,0.14847161572052403,0.16393442622950818,0.16042780748663102,0.20253164556962025,0.15873015873015872,0.09659090909090909,0.24242424242424243,0.1568627450980392,0.14473684210526316,0.1527777777777778,0.15625,0.21052631578947367,0.1643835616438356,0.16080402010050251,0.16766467065868262,0.16568047337278108,0.14857142857142858,0.14358974358974358,0.1388888888888889,0.16853932584269662,0.23529411764705882,0.16853932584269662,0.11827956989247312,0.1717171717171717,0.1565217391304348,0.2111111111111111,0.14746543778801843,0.16774193548387098,0.15053763440860216,0.18181818181818182,0.17511520737327188,0.1511627906976744,0.15384615384615385,0.15454545454545454,0.16981132075471697,0.16831683168316833,0.11049723756906077,0.14736842105263157,0.18285714285714286,0.1507537688442211,0.21256038647342995,0.15873015873015872,0.17204301075268819,0.15450643776824036,0.1839080459770115,0.22857142857142856,0.19047619047619047,0.18285714285714286,0.14354066985645933,0.19591836734693877,0.2787878787878788,0.12359550561797752,0.1523809523809524,0.1619047619047619,0.16161616161616163,0.25149700598802394,0.17937219730941703,0.18947368421052632,0.15853658536585366,0.2062780269058296,0.12612612612612611,0.18681318681318682,0.16,0.14772727272727273,0.13636363636363635,0.17857142857142858,0.1218274111675127,0.21052631578947367,0.1218274111675127,0.18536585365853658,0.1485148514851485,0.13612565445026178,0.17391304347826086,0.14563106796116504,0.1722488038277512,0.13658536585365855,0.19487179487179487,0.1440677966101695,0.30656934306569344,0.11926605504587157,0.16170212765957448,0.145748987854251,0.18404907975460122,0.19,0.14746543778801843,0.14736842105263157,0.13761467889908258,0.09326424870466321,0.16744186046511628,0.14468085106382977,0.21212121212121213,0.23121387283236994,0.1477832512315271,0.21761658031088082,0.18823529411764706,0.19811320754716982,0.14883720930232558,0.14912280701754385,0.14285714285714285,0.1642512077294686,0.1319796954314721,0.13496932515337423,0.23157894736842105,0.15668202764976957,0.12025316455696203,0.1927710843373494,0.12093023255813953,0.17117117117117117,0.12334801762114538,0.15789473684210525,0.15384615384615385,0.13953488372093023,0.18181818181818182,0.17117117117117117,0.15555555555555556,0.21052631578947367,0.13872832369942195,0.12,0.13636363636363635,0.20125786163522014,0.15469613259668508,0.15568862275449102,0.13513513513513514,0.15813953488372093,0.14285714285714285,0.2094240837696335,0.15246636771300448,0.1935483870967742,0.19289340101522842,0.15151515151515152,0.20105820105820105,0.1935483870967742,0.19704433497536947,0.140625,0.1878453038674033,0.15833333333333333,0.16666666666666666,0.2087912087912088,0.192,0.16568047337278108,0.13392857142857142,0.16071428571428573,0.16521739130434782,0.11320754716981132,0.17177914110429449,0.1527777777777778
5278396,0.1259259259259259,0.16363636363636364,0.07960199004975124,0.08275862068965517,0.14150943396226415,0.2077922077922078,0.1564245810055866,0.14432989690721648,0.22878228782287824,0.14507772020725387,0.08383233532934131,0.09615384615384616,0.10227272727272728,0.15028901734104047,0.17228464419475656,0.17094017094017094,0.14334470989761092,0.18556701030927836,0.10112359550561797,0.061855670103092786,0.205607476635514,0.19718309859154928,0.18723404255319148,0.26720647773279355,0.24031007751937986,0.13877551020408163,0.1746987951807229,0.302158273381295,0.232,0.17272727272727273,0.27102803738317754,0.2571428571428571,0.16736401673640167,0.20209059233449478,0.1908713692946058,0.2222222222222222,0.19090909090909092,0.16363636363636364,0.06060606060606061,0.04861111111111111,0.20276497695852536,0.11067193675889328,0.11715481171548117,0.2374429223744292,0.01282051282051282,0.16666666666666666,0.2081447963800905,0.1897810218978102,0.22448979591836735,0.21875,0.20304568527918782,0.19555555555555557,0.20600858369098712,0.22134387351778656,0.19487179487179487,0.1896551724137931,0.16216216216216217,1.0,0.07046070460704607,0.19047619047619047,0.1844380403458213,0.2171945701357466,0.21524663677130046,0.16666666666666666,0.14655172413793102,0.19123505976095617,0.15476190476190477,0.23430962343096234,0.06924643584521385,0.22310756972111553,0.2033898305084746,0.19827586206896552,0.15384615384615385,0.2288135593220339,0.2222222222222222,0.1223021582733813,0.1807909604519774,0.23728813559322035,0.13526570048309178,0.226890756302521,0.11471321695760599,0.18691588785046728,0.2376237623762376,0.21890547263681592,0.12435233160621761,0.22950819672131148,0.1791044776119403,0.14358974358974358,0.21774193548387097,0.16666666666666666,0.22018348623853212,0.16964285714285715,0.21311475409836064,0.1811320754716981,0.3788546255506608,0.1837837837837838,0.3876651982378855,0.20425531914893616,0.1862348178137652,0.3154121863799283,0.2183406113537118,0.2781954887218045,0.2549019607843137,0.26382978723404255,0.17813765182186234,0.3533834586466165,0.2081447963800905,0.22568093385214008,0.2379182156133829,0.22988505747126436,0.2868525896414343,0.21739130434782608,0.200836820083682,0.16964285714285715,0.21774193548387097,0.1953125,0.24584717607973422,0.2127659574468085,0.2127659574468085,0.2242152466367713,0.26785714285714285,0.33204633204633205,0.15178571428571427,0.1937984496124031,0.2108843537414966,0.205607476635514,0.2290748898678414,0.277992277992278,0.19305019305019305,0.4777327935222672,0.16666666666666666,0.16911764705882354,0.200836820083682,0.215962441314554,0.22058823529411764,0.2066420664206642,0.23376623376623376,0.24107142857142858,0.20444444444444446,0.18666666666666668,0.14746543778801843,0.24390243902439024,0.18410041841004185,0.21951219512195122,0.2047244094488189,0.23904382470119523,0.3,0.19742489270386265,0.2196078431372549,0.21705426356589147,0.18110236220472442,0.21311475409836064,0.23157894736842105,0.16129032258064516,0.2247191011235955,0.23943661971830985,0.28378378378378377,0.16981132075471697,0.20080321285140562,0.23308270676691728,0.11715481171548117,0.20973782771535582,0.11570247933884298,0.3106060606060606,0.2112676056338028,0.2591093117408907,0.15315315315315314,0.16666666666666666,0.1652892561983471,0.2465753424657534,0.19923371647509577,0.24242424242424243,0.23104693140794225,0.2857142857142857,0.125,0.13821138211382114,0.23466666666666666,0.28451882845188287,0.19548872180451127,0.20273972602739726,0.13953488372093023,0.1893939393939394,0.2656826568265683,0.3115942028985507,0.2527075812274368,0.2490272373540856,0.254071661237785,0.3644067796610169,0.1918819188191882,0.16593886462882096,0.19246861924686193,0.25225225225225223,0.21686746987951808,0.19555555555555557,0.18269230769230768,0.21739130434782608,0.10185185185185185,0.12546125461254612,0.2803030303030303,0.2857142857142857,0.175,0.20588235294117646,0.16170212765957448,0.2764227642276423,0.2591093117408907,0.19327731092436976,0.2706766917293233,0.1746031746031746,0.24262295081967214,0.19130434782608696,0.21453287197231835,0.22382671480144403,0.24242424242424243,0.11494252873563218,0.24770642201834864,0.1391941391941392,0.2271062271062271,0.21505376344086022,0.26053639846743293,0.24528301886792453,0.15544041450777202
5280757,0.10864197530864197,0.07323943661971831,0.08333333333333333,0.05,0.069164265129683,0.07650273224043716,0.050955414012738856,0.11550151975683891,0.07389162561576355,0.07317073170731707,0.06622516556291391,0.11661807580174927,0.10932475884244373,0.045454545454545456,0.1791044776119403,0.24691358024691357,0.16355140186915887,0.0729483282674772,0.10223642172523961,0.12158054711246201,0.06303724928366762,0.13218390804597702,0.10810810810810811,0.08376963350785341,0.10687022900763359,0.10526315789473684,0.26552462526766596,0.09685230024213075,0.046753246753246755,0.07887323943661972,0.05157593123209169,0.07228915662650602,0.08021390374331551,0.05687203791469194,0.06914893617021277,0.08024691358024691,0.08450704225352113,0.10140845070422536,0.16816816816816818,0.2695035460992908,0.05113636363636364,0.2268041237113402,0.13368983957219252,0.03954802259887006,0.12371134020618557,0.13569321533923304,0.0449438202247191,0.0488997555012225,0.03625377643504532,0.0672782874617737,0.060240963855421686,0.07777777777777778,0.10326086956521739,0.08762886597938144,0.05454545454545454,0.11444141689373297,0.075,0.07046070460704607,1.0,0.05555555555555555,0.22821576763485477,0.05056179775280899,0.0893854748603352,0.09523809523809523,0.09809264305177112,0.11398963730569948,0.026402640264026403,0.06951871657754011,0.15654952076677317,0.08808290155440414,0.07008086253369272,0.08174386920980926,0.09947643979057591,0.05929919137466307,0.1037037037037037,0.18886198547215496,0.23721881390593047,0.09703504043126684,0.0935672514619883,0.10723860589812333,0.25,0.07449856733524356,0.0830860534124629,0.09523809523809523,0.12804878048780488,0.12272727272727273,0.06547619047619048,0.05454545454545454,0.0835509138381201,0.08547008547008547,0.0679886685552408,0.12813370473537605,0.052770448548812667,0.095,0.06629834254143646,0.06875,0.08839779005524862,0.06486486486486487,0.08900523560209424,0.09178743961352658,0.08241758241758242,0.0798004987531172,0.05309734513274336,0.06486486486486487,0.041884816753926704,0.06982543640897755,0.05056179775280899,0.04591836734693878,0.07425742574257425,0.08585858585858586,0.12953367875647667,0.043835616438356165,0.058823529411764705,0.07242339832869081,0.05221932114882506,0.10741687979539642,0.05963302752293578,0.07567567567567568,0.10551558752997602,0.061452513966480445,0.05013927576601671,0.08629441624365482,0.0947075208913649,0.18829516539440203,0.11655011655011654,0.09169054441260745,0.07734806629834254,0.07614213197969544,0.06598984771573604,0.06806282722513089,0.09116809116809117,0.14250614250614252,0.0748663101604278,0.06321839080459771,0.11302211302211303,0.10344827586206896,0.04918032786885246,0.027855153203342618,0.03888888888888889,0.07777777777777778,0.10795454545454546,0.05774278215223097,0.0748663101604278,0.08398950131233596,0.061696658097686374,0.07253886010362694,0.08533333333333333,0.08152173913043478,0.07179487179487179,0.09669211195928754,0.06683804627249357,0.07387862796833773,0.10476190476190476,0.08722741433021806,0.04975124378109453,0.11455847255369929,0.09280742459396751,0.069164265129683,0.109375,0.08977556109725686,0.0962566844919786,0.04975124378109453,0.13793103448275862,0.09022556390977443,0.1431980906921241,0.1099476439790576,0.08403361344537816,0.07751937984496124,0.13793103448275862,0.062146892655367235,0.08585858585858586,0.09022556390977443,0.07281553398058252,0.0947867298578199,0.20971867007672634,0.11548556430446194,0.11372549019607843,0.0748663101604278,0.10473815461346633,0.116,0.06857142857142857,0.05012531328320802,0.10837438423645321,0.072992700729927,0.08737864077669903,0.11224489795918367,0.11764705882352941,0.1078167115902965,0.06896551724137931,0.1043956043956044,0.0962566844919786,0.05042016806722689,0.052083333333333336,0.06111111111111111,0.09912536443148688,0.0547945205479452,0.14814814814814814,0.12315270935960591,0.10526315789473684,0.08629441624365482,0.07466666666666667,0.07862407862407862,0.0918918918918919,0.05774278215223097,0.08376963350785341,0.09115281501340483,0.12468827930174564,0.10852713178294573,0.07727272727272727,0.07123287671232877,0.10377358490566038,0.08737864077669903,0.08743169398907104,0.08414239482200647,0.09631728045325778,0.12745098039215685,0.07352941176470588,0.10144927536231885,0.06060606060606061,0.08069164265129683,0.0975609756097561
5289247,0.14222222222222222,0.17142857142857143,0.1282051282051282,0.18,0.20359281437125748,0.17204301075268819,0.208955223880597,0.21476510067114093,0.17699115044247787,0.13513513513513514,0.16393442622950818,0.13496932515337423,0.12213740458015267,0.125,0.13513513513513514,0.10457516339869281,0.10483870967741936,0.1342281879194631,0.12030075187969924,0.09395973154362416,0.1301775147928994,0.17857142857142858,0.21052631578947367,0.18811881188118812,0.1596244131455399,0.18,0.10452961672473868,0.13733905579399142,0.16585365853658537,0.17142857142857143,0.2485207100591716,0.19574468085106383,0.1958762886597938,0.18181818181818182,0.19387755102040816,0.2361111111111111,0.12571428571428572,0.19428571428571428,0.05228758169934641,0.05761316872427984,0.13953488372093023,0.11538461538461539,0.1134020618556701,0.14942528735632185,0.036036036036036036,0.18867924528301888,0.22727272727272727,0.18340611353711792,0.23841059602649006,0.23129251700680273,0.2236842105263158,0.12222222222222222,0.14893617021276595,0.18269230769230768,0.21333333333333335,0.1711229946524064,0.18571428571428572,0.19047619047619047,0.05555555555555555,1.0,0.11258278145695365,0.2159090909090909,0.19101123595505617,0.136986301369863,0.21390374331550802,0.1941747572815534,0.13008130081300814,0.20618556701030927,0.07174887892376682,0.17475728155339806,0.17801047120418848,0.18181818181818182,0.18811881188118812,0.2198952879581152,0.1688888888888889,0.1630901287553648,0.11003236245954692,0.15706806282722513,0.19753086419753085,0.15544041450777202,0.08426966292134831,0.17751479289940827,0.1910828025477707,0.15384615384615385,0.08108108108108109,0.15384615384615385,0.21794871794871795,0.24,0.18719211822660098,0.17543859649122806,0.19653179190751446,0.1787709497206704,0.20100502512562815,0.21818181818181817,0.1978021978021978,0.22857142857142856,0.18681318681318682,0.21052631578947367,0.2079207920792079,0.17094017094017094,0.20652173913043478,0.19004524886877827,0.2893081761006289,0.21052631578947367,0.18811881188118812,0.18099547511312217,0.3977272727272727,0.1509433962264151,0.16964285714285715,0.18518518518518517,0.1650485436893204,0.21621621621621623,0.21649484536082475,0.18994413407821228,0.18719211822660098,0.1990521327014218,0.171875,0.22105263157894736,0.16033755274261605,0.19101123595505617,0.2346368715083799,0.17757009345794392,0.1564245810055866,0.1596244131455399,0.17670682730923695,0.20118343195266272,0.25274725274725274,0.16822429906542055,0.1588785046728972,0.16831683168316833,0.17543859649122806,0.16740088105726872,0.20618556701030927,0.21428571428571427,0.16740088105726872,0.1415929203539823,0.1827956989247312,0.18994413407821228,0.18888888888888888,0.18888888888888888,0.1744186046511628,0.208955223880597,0.18556701030927836,0.19900497512437812,0.18181818181818182,0.18446601941747573,0.15384615384615385,0.22340425531914893,0.2,0.16901408450704225,0.22966507177033493,0.19095477386934673,0.15833333333333333,0.1702127659574468,0.2072072072072072,0.1589958158995816,0.15139442231075698,0.2155688622754491,0.17647058823529413,0.17194570135746606,0.1134020618556701,0.16216216216216217,0.1116751269035533,0.1917808219178082,0.1589958158995816,0.18811881188118812,0.21468926553672316,0.1932367149758454,0.16243654822335024,0.21839080459770116,0.17592592592592593,0.1461187214611872,0.16379310344827586,0.1487603305785124,0.12322274881516587,0.14925373134328357,0.09696969696969697,0.18556701030927836,0.19004524886877827,0.125,0.17647058823529413,0.228310502283105,0.1592920353982301,0.1645021645021645,0.1810344827586207,0.1509433962264151,0.16030534351145037,0.18848167539267016,0.1504424778761062,0.16304347826086957,0.17525773195876287,0.3728813559322034,0.19607843137254902,0.2111111111111111,0.22085889570552147,0.22702702702702704,0.08187134502923976,0.10619469026548672,0.1735159817351598,0.17757009345794392,0.19487179487179487,0.1762114537444934,0.16842105263157894,0.19900497512437812,0.19801980198019803,0.17616580310880828,0.15384615384615385,0.1932367149758454,0.18461538461538463,0.21621621621621623,0.1557377049180328,0.16379310344827586,0.15053763440860216,0.15503875968992248,0.18497109826589594,0.15789473684210525,0.16666666666666666,0.11965811965811966,0.2037037037037037,0.2275449101796407,0.13513513513513514
5311497,0.17754569190600522,0.13813813813813813,0.08280254777070063,0.06201550387596899,0.16615384615384615,0.1686046511627907,0.1095890410958904,0.13029315960912052,0.18229166666666666,0.13725490196078433,0.08571428571428572,0.1557632398753894,0.08996539792387544,0.11188811188811189,0.21578947368421053,0.25,0.1724137931034483,0.1237785016286645,0.08934707903780069,0.09771986970684039,0.14067278287461774,0.20245398773006135,0.21264367816091953,0.18888888888888888,0.2210242587601078,0.15083798882681565,0.25617977528089886,0.23017902813299232,0.1652892561983471,0.15015015015015015,0.2018348623853211,0.21374045801526717,0.17613636363636365,0.155,0.15819209039548024,0.152317880794702,0.16216216216216217,0.16216216216216217,0.12218649517684887,0.20448877805486285,0.13333333333333333,0.15846994535519127,0.17045454545454544,0.16265060240963855,0.13382899628252787,0.20189274447949526,0.1377245508982036,0.14987080103359174,0.12297734627831715,0.1180327868852459,0.12258064516129032,0.16568047337278108,0.18497109826589594,0.17486338797814208,0.12987012987012986,0.20869565217391303,0.1610738255033557,0.1844380403458213,0.22821576763485477,0.11258278145695365,1.0,0.1437125748502994,0.16071428571428573,0.20159151193633953,0.1681159420289855,0.18681318681318682,0.09252669039145907,0.1534090909090909,0.13245033112582782,0.18681318681318682,0.1318051575931232,0.19130434782608696,0.17222222222222222,0.17191977077363896,0.19843342036553524,0.20460358056265984,0.7922912205567452,0.17765042979942694,0.14375,0.18233618233618235,0.20233463035019456,0.14067278287461774,0.15873015873015872,0.17197452229299362,0.10457516339869281,0.2679425837320574,0.1337579617834395,0.11688311688311688,0.22160664819944598,0.1337386018237082,0.1510574018126888,0.1661721068249258,0.16806722689075632,0.18518518518518517,0.17058823529411765,0.12751677852348994,0.18823529411764706,0.15517241379310345,0.2,0.22448979591836735,0.17543859649122806,0.158311345646438,0.1829652996845426,0.1896551724137931,0.1388888888888889,0.17941952506596306,0.15568862275449102,0.1837837837837838,0.18324607329842932,0.17647058823529413,0.19230769230769232,0.13411078717201166,0.17045454545454544,0.16023738872403562,0.20498614958448755,0.16802168021680217,0.19806763285024154,0.20114942528735633,0.18227848101265823,0.16071428571428573,0.19584569732937684,0.1774193548387097,0.13649851632047477,0.2210242587601078,0.20147420147420148,0.1651376146788991,0.17647058823529413,0.1935483870967742,0.16666666666666666,0.19444444444444445,0.1458966565349544,0.23376623376623376,0.16477272727272727,0.2085889570552147,0.22337662337662337,0.19270833333333334,0.1686046511627907,0.16023738872403562,0.17751479289940827,0.1834319526627219,0.19393939393939394,0.1671309192200557,0.1534090909090909,0.22284122562674094,0.16348773841961853,0.18681318681318682,0.1529745042492918,0.1676300578034682,0.18478260869565216,0.19946091644204852,0.15258855585831063,0.16246498599439776,0.23115577889447236,0.15384615384615385,0.17894736842105263,0.24181360201511334,0.19070904645476772,0.13538461538461538,0.18232044198895028,0.18469656992084432,0.13636363636363635,0.16842105263157894,0.16901408450704225,0.1909814323607427,0.24181360201511334,0.2388888888888889,0.16119402985074627,0.18082191780821918,0.16901408450704225,0.1746987951807229,0.18181818181818182,0.1909814323607427,0.18974358974358974,0.19,0.1842818428184282,0.15598885793871867,0.19262295081967212,0.20454545454545456,0.22691292875989447,0.24686192468619247,0.11585365853658537,0.15384615384615385,0.23958333333333334,0.16452442159383032,0.21025641025641026,0.20540540540540542,0.23333333333333334,0.20630372492836677,0.171875,0.18128654970760233,0.19318181818181818,0.1373134328358209,0.143646408839779,0.1893491124260355,0.17445482866043613,0.15743440233236153,0.182370820668693,0.17708333333333334,0.23342175066312998,0.23655913978494625,0.1359773371104816,0.1974025974025974,0.16091954022988506,0.1894150417827298,0.2,0.18803418803418803,0.24274406332453827,0.17534246575342466,0.20574162679425836,0.16909620991253643,0.21393034825870647,0.21025641025641026,0.22674418604651161,0.11846689895470383,0.21148036253776434,0.15544041450777202,0.19689119170984457,0.1989795918367347,0.1711229946524064,0.2153846153846154,0.16339869281045752
5311510,0.1867704280155642,0.30917874396135264,0.07446808510638298,0.09090909090909091,0.23115577889447236,0.27522935779816515,0.21686746987951808,0.143646408839779,0.29457364341085274,0.15555555555555556,0.16883116883116883,0.12307692307692308,0.09815950920245399,0.15,0.14173228346456693,0.17751479289940827,0.1,0.11049723756906077,0.12121212121212122,0.13259668508287292,0.24875621890547264,0.22,0.14414414414414414,0.23931623931623933,0.16326530612244897,0.20689655172413793,0.1755485893416928,0.2339622641509434,0.270042194092827,0.17391304347826086,0.208955223880597,0.18726591760299627,0.25663716814159293,0.291970802919708,0.38596491228070173,0.17045454545454544,0.2222222222222222,0.1932367149758454,0.05405405405405406,0.05090909090909091,0.2647058823529412,0.06666666666666667,0.12389380530973451,0.22330097087378642,0.06993006993006994,0.15706806282722513,0.3269230769230769,0.3371647509578544,0.30601092896174864,0.16759776536312848,0.2608695652173913,0.2641509433962264,0.2545454545454545,0.20833333333333334,0.21978021978021978,0.182648401826484,0.18604651162790697,0.2171945701357466,0.05056179775280899,0.2159090909090909,0.1437125748502994,1.0,0.1523809523809524,0.14342629482071714,0.1552511415525114,0.18487394957983194,0.14193548387096774,0.26548672566371684,0.08368200836820083,0.24369747899159663,0.25112107623318386,0.228310502283105,0.23076923076923078,0.26905829596412556,0.23346303501945526,0.13584905660377358,0.1348973607038123,0.17040358744394618,0.18556701030927836,0.19555555555555557,0.08762886597938144,0.23880597014925373,0.25396825396825395,0.2872340425531915,0.05555555555555555,0.23972602739726026,0.2872340425531915,0.1978021978021978,0.2978723404255319,0.24630541871921183,0.23414634146341465,0.16113744075829384,0.45021645021645024,0.31746031746031744,0.22429906542056074,0.27906976744186046,0.21495327102803738,0.26126126126126126,0.2564102564102564,0.3233082706766917,0.2037037037037037,0.22924901185770752,0.2198952879581152,0.3333333333333333,0.21367521367521367,0.2924901185770751,0.2692307692307692,0.3442622950819672,0.2890625,0.23387096774193547,0.17647058823529413,0.2304147465437788,0.26548672566371684,0.22748815165876776,0.24680851063829787,0.2551440329218107,0.2152777777777778,0.3333333333333333,0.18587360594795538,0.3142857142857143,0.20853080568720378,0.18699186991869918,0.12322274881516587,0.18775510204081633,0.15658362989323843,0.24875621890547264,0.19626168224299065,0.22764227642276422,0.24390243902439024,0.2222222222222222,0.17733990147783252,0.1776061776061776,0.2743362831858407,0.2,0.23166023166023167,0.24806201550387597,0.3302752293577982,0.2559241706161137,0.2830188679245283,0.27358490566037735,0.23529411764705882,0.26609442060085836,0.19469026548672566,0.19742489270386265,0.2821576763485477,0.2605042016806723,0.14977973568281938,0.2909090909090909,0.32231404958677684,0.22857142857142856,0.2821576763485477,0.23376623376623376,0.29411764705882354,0.20809248554913296,0.25196850393700787,0.1992619926199262,0.2826855123674912,0.2613065326633166,0.22033898305084745,0.31620553359683795,0.11504424778761062,0.33858267716535434,0.1222707423580786,0.15139442231075698,0.1992619926199262,0.20512820512820512,0.21052631578947367,0.26778242677824265,0.23580786026200873,0.32038834951456313,0.24193548387096775,0.24701195219123506,0.3106060606060606,0.2846715328467153,0.15637860082304528,0.2145922746781116,0.20441988950276244,0.26548672566371684,0.30039525691699603,0.2215909090909091,0.16831683168316833,0.27091633466135456,0.23255813953488372,0.2737642585551331,0.20454545454545456,0.18032786885245902,0.24489795918367346,0.2062780269058296,0.1937984496124031,0.19444444444444445,0.19469026548672566,0.24880382775119617,0.2711864406779661,0.24528301886792453,0.26666666666666666,0.23963133640552994,0.07881773399014778,0.10852713178294573,0.2151394422310757,0.21951219512195122,0.32599118942731276,0.29343629343629346,0.1981981981981982,0.2575107296137339,0.28205128205128205,0.26666666666666666,0.12648221343873517,0.22594142259414227,0.273972602739726,0.2304147465437788,0.2826086956521739,0.3106060606060606,0.25688073394495414,0.16149068322981366,0.23414634146341465,0.23846153846153847,0.26153846153846155,0.19548872180451127,0.45161290322580644,0.24120603015075376,0.14444444444444443
5327091,0.15444015444015444,0.16267942583732056,0.17894736842105263,0.11940298507462686,0.1890547263681592,0.12727272727272726,0.21428571428571427,0.22950819672131148,0.18461538461538463,0.12087912087912088,0.08974358974358974,0.14213197969543148,0.12121212121212122,0.1111111111111111,0.1953125,0.12941176470588237,0.20567375886524822,0.14207650273224043,0.11976047904191617,0.07650273224043716,0.12807881773399016,0.2079207920792079,0.26785714285714285,0.19491525423728814,0.21052631578947367,0.15384615384615385,0.1308411214953271,0.1947565543071161,0.19246861924686193,0.16267942583732056,0.22660098522167488,0.18587360594795538,0.15789473684210525,0.17391304347826086,0.14782608695652175,0.1797752808988764,0.12440191387559808,0.1339712918660287,0.0962566844919786,0.09386281588447654,0.1262135922330097,0.12396694214876033,0.10526315789473684,0.16346153846153846,0.05517241379310345,0.16580310880829016,0.1619047619047619,0.17490494296577946,0.17297297297297298,0.17679558011049723,0.20430107526881722,0.14018691588785046,0.15315315315315314,0.19834710743801653,0.18478260869565216,0.18099547511312217,0.1724137931034483,0.21524663677130046,0.0893854748603352,0.19101123595505617,0.16071428571428573,0.1523809523809524,1.0,0.16600790513833993,0.2171945701357466,0.18333333333333332,0.10191082802547771,0.18421052631578946,0.09166666666666666,0.18333333333333332,0.10666666666666667,0.14479638009049775,0.1864406779661017,0.16,0.1776061776061776,0.18726591760299627,0.1457725947521866,0.1511111111111111,0.20408163265306123,0.1145374449339207,0.11794871794871795,0.18719211822660098,0.13612565445026178,0.14736842105263157,0.14285714285714285,0.17006802721088435,0.15789473684210525,0.18478260869565216,0.17721518987341772,0.17560975609756097,0.3285024154589372,0.19718309859154928,0.13733905579399142,0.1732283464566929,0.23148148148148148,0.1839080459770115,0.2222222222222222,0.19642857142857142,0.19491525423728814,0.1791044776119403,0.25688073394495414,0.18823529411764706,0.18652849740932642,0.21428571428571427,0.1864406779661017,0.20392156862745098,0.20952380952380953,0.17073170731707318,0.18604651162790697,0.144,0.3416666666666667,0.1278538812785388,0.18421052631578946,0.18779342723004694,0.20253164556962025,0.19591836734693877,0.18620689655172415,0.1875,0.2140221402214022,0.16981132075471697,0.22535211267605634,0.25806451612903225,0.19718309859154928,0.21862348178137653,0.1978798586572438,0.17733990147783252,0.19444444444444445,0.22580645161290322,0.22580645161290322,0.22033898305084745,0.15609756097560976,0.1685823754789272,0.21929824561403508,0.22772277227722773,0.1839080459770115,0.18461538461538463,0.20909090909090908,0.16901408450704225,0.14018691588785046,0.17757009345794392,0.18446601941747573,0.18723404255319148,0.18421052631578946,0.17872340425531916,0.205761316872428,0.19166666666666668,0.1572052401746725,0.18018018018018017,0.18032786885245902,0.20242914979757085,0.19753086419753085,0.1630901287553648,0.17518248175182483,0.17142857142857143,0.1875,0.15384615384615385,0.19649122807017544,0.208955223880597,0.14285714285714285,0.17254901960784313,0.14912280701754385,0.1796875,0.11255411255411256,0.1976284584980237,0.1684981684981685,0.17796610169491525,0.1990521327014218,0.15767634854771784,0.17316017316017315,0.16346153846153846,0.16,0.16600790513833993,0.17293233082706766,0.21014492753623187,0.1469387755102041,0.1702127659574468,0.15934065934065933,0.20175438596491227,0.17254901960784313,0.15819209039548024,0.14705882352941177,0.17391304347826086,0.18461538461538463,0.17358490566037735,0.18796992481203006,0.22764227642276422,0.17567567567567569,0.2311111111111111,0.17692307692307693,0.1926605504587156,0.19298245614035087,0.17061611374407584,0.16806722689075632,0.1588785046728972,0.20304568527918782,0.2191780821917808,0.0975609756097561,0.1076923076923077,0.20553359683794467,0.18548387096774194,0.16593886462882096,0.19923371647509577,0.19642857142857142,0.20425531914893616,0.1864406779661017,0.21145374449339208,0.24313725490196078,0.17427385892116182,0.1836734693877551,0.1917808219178082,0.19424460431654678,0.19548872180451127,0.17272727272727273,0.147239263803681,0.17391304347826086,0.1450381679389313,0.17557251908396945,0.11194029850746269,0.192,0.19900497512437812,0.15384615384615385
5328940,0.22666666666666666,0.16,0.09523809523809523,0.045714285714285714,0.3305785123966942,0.13026819923371646,0.14354066985645933,0.11607142857142858,0.2857142857142857,0.09865470852017937,0.10152284263959391,0.11764705882352941,0.06796116504854369,0.07881773399014778,0.16835016835016836,0.11023622047244094,0.21052631578947367,0.21428571428571427,0.0673076923076923,0.07142857142857142,0.07377049180327869,0.14814814814814814,0.19622641509433963,0.4620938628158845,0.1527777777777778,0.14545454545454545,0.11049723756906077,0.2532467532467532,0.21428571428571427,0.16,0.20491803278688525,0.1935483870967742,0.31226765799256506,0.22082018927444794,0.16236162361623616,0.1187214611872146,0.088,0.12,0.07017543859649122,0.0880503144654088,0.0728744939271255,0.09187279151943463,0.10408921933085502,0.11244979919678715,0.08602150537634409,0.24786324786324787,0.18326693227091634,0.18421052631578946,0.13274336283185842,0.10810810810810811,0.12334801762114538,0.1411764705882353,0.13688212927756654,0.2968197879858657,0.18666666666666668,0.29770992366412213,0.13953488372093023,0.16666666666666666,0.09523809523809523,0.136986301369863,0.20159151193633953,0.14342629482071714,0.16600790513833993,1.0,0.15267175572519084,0.199288256227758,0.10101010101010101,0.1412639405204461,0.09980806142034548,0.2491103202846975,0.11278195488721804,0.11450381679389313,0.4043321299638989,0.13533834586466165,0.18,0.16233766233766234,0.19791666666666666,0.19548872180451127,0.16033755274261605,0.15671641791044777,0.1345707656612529,0.21311475409836064,0.08620689655172414,0.09523809523809523,0.08968609865470852,0.23880597014925373,0.13852813852813853,0.18666666666666668,0.2805755395683453,0.17073170731707318,0.1532258064516129,0.15748031496062992,0.145985401459854,0.21694915254237288,0.1867704280155642,0.11162790697674418,0.19455252918287938,0.1660377358490566,0.34657039711191334,0.42071197411003236,0.16216216216216217,0.25,0.15384615384615385,0.15849056603773584,0.23104693140794225,0.1891891891891892,0.1593625498007968,0.14634146341463414,0.2809364548494983,0.19243986254295534,0.199288256227758,0.16153846153846155,0.20074349442379183,0.25984251968503935,0.17985611510791366,0.2517482517482518,0.18126888217522658,0.2490566037735849,0.358974358974359,0.12648221343873517,0.16535433070866143,0.21453287197231835,0.1732283464566929,0.1527777777777778,0.2222222222222222,0.14754098360655737,0.20233463035019456,0.20069204152249134,0.17993079584775087,0.17328519855595667,0.18699186991869918,0.25165562913907286,0.16356877323420074,0.205761316872428,0.2251655629139073,0.13953488372093023,0.14559386973180077,0.13385826771653545,0.13333333333333333,0.25882352941176473,0.27530364372469635,0.15217391304347827,0.22304832713754646,0.3188405797101449,0.22535211267605634,0.15658362989323843,0.16296296296296298,0.1444866920152091,0.22456140350877193,0.19444444444444445,0.16901408450704225,0.1897810218978102,0.3047619047619048,0.1111111111111111,0.21548821548821548,0.29936305732484075,0.25153374233128833,0.18181818181818182,0.15053763440860216,0.24324324324324326,0.18587360594795538,0.18181818181818182,0.11029411764705882,0.22448979591836735,0.24203821656050956,0.18772563176895307,0.1984126984126984,0.3120567375886525,0.15441176470588236,0.1927710843373494,0.17869415807560138,0.17006802721088435,0.28664495114006516,0.2334384858044164,0.13286713286713286,0.14492753623188406,0.19753086419753085,0.17100371747211895,0.27702702702702703,0.2430379746835443,0.17959183673469387,0.19727891156462585,0.23920265780730898,0.19607843137254902,0.24104234527687296,0.22996515679442509,0.4094955489614243,0.20300751879699247,0.3521594684385382,0.22393822393822393,0.18587360594795538,0.14285714285714285,0.15770609318996415,0.2823529411764706,0.19327731092436976,0.16153846153846155,0.16260162601626016,0.39867109634551495,0.25170068027210885,0.31141868512110726,0.14074074074074075,0.17880794701986755,0.1660377358490566,0.15942028985507245,0.1444043321299639,0.20149253731343283,0.25,0.1702127659574468,0.21492537313432836,0.24615384615384617,0.26959247648902823,0.26058631921824105,0.19157088122605365,0.12745098039215685,0.12903225806451613,0.14521452145214522,0.15181518151815182,0.1488673139158576,0.17869415807560138,0.19008264462809918,0.13452914798206278
5329102,0.26865671641791045,0.2018348623853211,0.1507537688442211,0.16783216783216784,0.1523809523809524,0.16593886462882096,0.15819209039548024,0.20833333333333334,0.17100371747211895,0.15706806282722513,0.12121212121212122,0.1553398058252427,0.09195402298850575,0.10526315789473684,0.17358490566037735,0.1318051575931232,0.12371134020618557,0.10416666666666667,0.10227272727272728,0.08333333333333333,0.11320754716981132,0.1895734597156398,0.20600858369098712,0.17142857142857143,0.15625,0.18930041152263374,0.12727272727272726,0.18115942028985507,0.16129032258064516,0.1651376146788991,0.2169811320754717,0.16546762589928057,0.16877637130801687,0.19649122807017544,0.17573221757322174,0.18181818181818182,0.14678899082568808,0.1559633027522936,0.11224489795918367,0.13986013986013987,0.12093023255813953,0.11952191235059761,0.16877637130801687,0.11981566820276497,0.11688311688311688,0.1782178217821782,0.1552511415525114,0.18382352941176472,0.14432989690721648,0.14736842105263157,0.1641025641025641,0.17040358744394618,0.19913419913419914,0.199203187250996,0.17616580310880828,0.1826086956521739,0.17486338797814208,0.14655172413793102,0.09809264305177112,0.21390374331550802,0.1681159420289855,0.1552511415525114,0.2171945701357466,0.15267175572519084,1.0,0.20080321285140562,0.0963855421686747,0.16877637130801687,0.130879345603272,0.1686746987951807,0.11965811965811966,0.2,0.23673469387755103,0.1794871794871795,0.22388059701492538,0.2028985507246377,0.1590909090909091,0.1623931623931624,0.22439024390243903,0.16101694915254236,0.12030075187969924,0.19811320754716982,0.15,0.16080402010050251,0.09424083769633508,0.15841584158415842,0.1708542713567839,0.20725388601036268,0.17886178861788618,0.205607476635514,0.19444444444444445,0.13513513513513514,0.15702479338842976,0.21292775665399238,0.12444444444444444,0.2185792349726776,0.16,0.1630901287553648,0.18775510204081633,0.16606498194945848,0.2643171806167401,0.15151515151515152,0.2376237623762376,0.20600858369098712,0.19591836734693877,0.15151515151515152,0.1917808219178082,0.16470588235294117,0.17228464419475656,0.18532818532818532,0.23293172690763053,0.13157894736842105,0.2109704641350211,0.21621621621621623,0.17886178861788618,0.1968503937007874,0.14046822742474915,0.17167381974248927,0.1357142857142857,0.23529411764705882,0.21621621621621623,0.19455252918287938,0.14414414414414414,0.1796875,0.4178082191780822,0.20754716981132076,0.20444444444444446,0.14007782101167315,0.19455252918287938,0.1469387755102041,0.17757009345794392,0.1925925925925926,0.24472573839662448,0.24644549763033174,0.18518518518518517,0.19330855018587362,0.2183406113537118,0.13513513513513514,0.14349775784753363,0.16143497757847533,0.21395348837209302,0.1885245901639344,0.1518987341772152,0.1721311475409836,0.23015873015873015,0.1285140562248996,0.10084033613445378,0.19047619047619047,0.2134387351778656,0.21875,0.2222222222222222,0.1652892561983471,0.18374558303886926,0.17391304347826086,0.1509433962264151,0.14893617021276595,0.17006802721088435,0.2,0.11336032388663968,0.17424242424242425,0.12658227848101267,0.1811320754716981,0.175,0.15267175572519084,0.18439716312056736,0.17959183673469387,0.24545454545454545,0.176,0.18333333333333332,0.1935483870967742,0.16216216216216217,0.13740458015267176,0.17454545454545456,0.16842105263157894,0.18110236220472442,0.21311475409836064,0.15013404825737264,0.16033755274261605,0.19696969696969696,0.15977961432506887,0.09389671361502347,0.19083969465648856,0.16356877323420074,0.13138686131386862,0.20363636363636364,0.1411764705882353,0.18360655737704917,0.18803418803418803,0.16356877323420074,0.19383259911894274,0.1518987341772152,0.17272727272727273,0.1862348178137652,0.13452914798206278,0.20388349514563106,0.23684210526315788,0.1308411214953271,0.11895910780669144,0.183206106870229,0.17898832684824903,0.18487394957983194,0.2222222222222222,0.2145922746781116,0.1557377049180328,0.2612244897959184,0.2288135593220339,0.1893939393939394,0.184,0.15841584158415842,0.16666666666666666,0.20905923344947736,0.20363636363636364,0.16593886462882096,0.16279069767441862,0.21296296296296297,0.1992619926199262,0.2140221402214022,0.10830324909747292,0.1776061776061776,0.20952380952380953,0.17801047120418848
5330286,0.18118466898954705,0.14345991561181434,0.09174311926605505,0.09876543209876543,0.18340611353711792,0.14516129032258066,0.16326530612244897,0.18009478672985782,0.2638888888888889,0.11428571428571428,0.18478260869565216,0.16,0.11398963730569948,0.08421052631578947,0.16901408450704225,0.14130434782608695,0.12903225806451613,0.1895734597156398,0.11282051282051282,0.10426540284360189,0.1038961038961039,0.17391304347826086,0.20634920634920634,0.2196969696969697,0.18181818181818182,0.19083969465648856,0.14326647564469913,0.22372881355932203,0.17228464419475656,0.1940928270042194,0.18181818181818182,0.22895622895622897,0.171875,0.15789473684210525,0.16279069767441862,0.20388349514563106,0.12658227848101267,0.16033755274261605,0.12093023255813953,0.09180327868852459,0.09401709401709402,0.17037037037037037,0.109375,0.1271186440677966,0.08092485549132948,0.18099547511312217,0.19327731092436976,0.2268041237113402,0.16901408450704225,0.14354066985645933,0.18691588785046728,0.10743801652892562,0.136,0.2814814814814815,0.16037735849056603,0.20080321285140562,0.2079207920792079,0.19123505976095617,0.11398963730569948,0.1941747572815534,0.18681318681318682,0.18487394957983194,0.18333333333333332,0.199288256227758,0.20080321285140562,1.0,0.0972972972972973,0.15625,0.11023622047244094,0.30597014925373134,0.12648221343873517,0.13654618473895583,0.1893939393939394,0.18181818181818182,0.18815331010452963,0.1694915254237288,0.1940700808625337,0.18972332015810275,0.19642857142857142,0.19607843137254902,0.1674641148325359,0.19913419913419914,0.1278538812785388,0.14678899082568808,0.14285714285714285,0.2732919254658385,0.1834862385321101,0.2169811320754717,0.1660377358490566,0.15450643776824036,0.18723404255319148,0.14937759336099585,0.1532567049808429,0.20567375886524822,0.22950819672131148,0.15841584158415842,0.2459016393442623,0.21428571428571427,0.19696969696969696,0.21621621621621623,0.18699186991869918,0.17667844522968199,0.19004524886877827,0.20634920634920634,0.23484848484848486,0.24028268551236748,0.20168067226890757,0.1678832116788321,0.23776223776223776,0.2517985611510791,0.22388059701492538,0.16194331983805668,0.234375,0.1908713692946058,0.1660377358490566,0.2271062271062271,0.22641509433962265,0.2222222222222222,0.2408026755852843,0.16666666666666666,0.15767634854771784,0.2246376811594203,0.22406639004149378,0.16727272727272727,0.2572347266881029,0.22510822510822512,0.20491803278688525,0.2246376811594203,0.15942028985507245,0.1893939393939394,0.26609442060085836,0.36678200692041524,0.2109375,0.16521739130434782,0.21453287197231835,0.14583333333333334,0.1774193548387097,0.16597510373443983,0.14049586776859505,0.17355371900826447,0.18803418803418803,0.21292775665399238,0.265625,0.1596958174904943,0.22140221402214022,0.1791044776119403,0.22568093385214008,0.184,0.21323529411764705,0.27636363636363637,0.24354243542435425,0.2835249042145594,0.26490066225165565,0.20689655172413793,0.20422535211267606,0.31893687707641194,0.2108626198083067,0.2096069868995633,0.21052631578947367,0.26148409893992935,0.2109375,0.21830985915492956,0.10810810810810811,0.26334519572953735,0.22591362126245848,0.25757575757575757,0.2175732217573222,0.17843866171003717,0.2548262548262548,0.17796610169491525,0.2805755395683453,0.20640569395017794,0.22448979591836735,0.21052631578947367,0.16117216117216118,0.13688212927756654,0.18877551020408162,0.2578125,0.18374558303886926,0.24083769633507854,0.25,0.18505338078291814,0.2708333333333333,0.27303754266211605,0.30612244897959184,0.23357664233576642,0.19753086419753085,0.26877470355731226,0.24305555555555555,0.17073170731707318,0.2421875,0.1589958158995816,0.18045112781954886,0.19008264462809918,0.17777777777777778,0.19433198380566802,0.20600858369098712,0.2361111111111111,0.30604982206405695,0.2898550724637681,0.14785992217898833,0.17993079584775087,0.20634920634920634,0.20532319391634982,0.17424242424242425,0.20392156862745098,0.26148409893992935,0.26765799256505574,0.2360248447204969,0.23481781376518218,0.2222222222222222,0.22448979591836735,0.1935483870967742,0.14659685863874344,0.18723404255319148,0.1724137931034483,0.15862068965517243,0.22972972972972974,0.20863309352517986,0.18340611353711792,0.14285714285714285
5384616,0.0784313725490196,0.16883116883116883,0.02962962962962963,0.05063291139240506,0.0958904109589041,0.18181818181818182,0.12389380530973451,0.109375,0.1073170731707317,0.2677165354330709,0.0594059405940594,0.028169014084507043,0.07272727272727272,0.3364485981308411,0.07960199004975124,0.11929824561403508,0.04405286343612335,0.078125,0.07142857142857142,0.046875,0.21621621621621623,0.12244897959183673,0.08284023668639054,0.09944751381215469,0.13541666666666666,0.11173184357541899,0.12781954887218044,0.1320754716981132,0.09782608695652174,0.2077922077922078,0.16216216216216217,0.12149532710280374,0.12716763005780346,0.09049773755656108,0.11428571428571428,0.11382113821138211,0.22077922077922077,0.22077922077922077,0.030303030303030304,0.018018018018018018,0.1986754966887417,0.03208556149732621,0.19653179190751446,0.16993464052287582,0.044444444444444446,0.08695652173913043,0.12903225806451613,0.10576923076923077,0.15384615384615385,0.15873015873015872,0.10687022900763359,0.20125786163522014,0.20359281437125748,0.11764705882352941,0.13953488372093023,0.12048192771084337,0.11764705882352941,0.15476190476190477,0.026402640264026403,0.13008130081300814,0.09252669039145907,0.14193548387096774,0.10191082802547771,0.10101010101010101,0.0963855421686747,0.0972972972972973,1.0,0.12716763005780346,0.03294117647058824,0.10810810810810811,0.2,0.1686746987951807,0.143646408839779,0.17647058823529413,0.1568627450980392,0.07547169811320754,0.09027777777777778,0.2,0.11347517730496454,0.19767441860465115,0.041791044776119404,0.13513513513513514,0.25,0.2518518518518518,0.031496062992125984,0.11715481171548117,0.14814814814814814,0.12403100775193798,0.14285714285714285,0.13333333333333333,0.11842105263157894,0.0759493670886076,0.15730337078651685,0.10050251256281408,0.12422360248447205,0.16806722689075632,0.19875776397515527,0.11834319526627218,0.11049723756906077,0.1596244131455399,0.11042944785276074,0.08,0.18840579710144928,0.20118343195266272,0.13259668508287292,0.12,0.11612903225806452,0.14659685863874344,0.10837438423645321,0.12307692307692308,0.10810810810810811,0.2073170731707317,0.10404624277456648,0.12658227848101267,0.13186813186813187,0.10526315789473684,0.1276595744680851,0.1301775147928994,0.08333333333333333,0.12738853503184713,0.1518987341772152,0.10362694300518134,0.10126582278481013,0.09375,0.08771929824561403,0.14864864864864866,0.14906832298136646,0.14507772020725387,0.09326424870466321,0.143646408839779,0.13333333333333333,0.08737864077669903,0.11560693641618497,0.16326530612244897,0.08737864077669903,0.14634146341463414,0.13333333333333333,0.189873417721519,0.16352201257861634,0.10062893081761007,0.15894039735099338,0.17777777777777778,0.09248554913294797,0.16666666666666666,0.11702127659574468,0.16216216216216217,0.12643678160919541,0.1317365269461078,0.14814814814814814,0.11458333333333333,0.10638297872340426,0.12359550561797752,0.1004566210045662,0.13333333333333333,0.14925373134328357,0.11926605504587157,0.09565217391304348,0.1232876712328767,0.14207650273224043,0.1,0.046242774566473986,0.11940298507462686,0.19318181818181818,0.09090909090909091,0.09174311926605505,0.143646408839779,0.1282051282051282,0.12903225806451613,0.09090909090909091,0.16993464052287582,0.11282051282051282,0.16161616161616163,0.12322274881516587,0.09049773755656108,0.08421052631578947,0.1111111111111111,0.11003236245954692,0.18497109826589594,0.1,0.09364548494983277,0.1342281879194631,0.09090909090909091,0.12682926829268293,0.08571428571428572,0.13270142180094788,0.08376963350785341,0.08298755186721991,0.16470588235294117,0.11707317073170732,0.09815950920245399,0.11560693641618497,0.14102564102564102,0.12021857923497267,0.12578616352201258,0.1267605633802817,0.0975609756097561,0.04,0.03902439024390244,0.13131313131313133,0.13471502590673576,0.10344827586206896,0.10679611650485436,0.09467455621301775,0.16666666666666666,0.1878453038674033,0.11627906976744186,0.11,0.10752688172043011,0.1087866108786611,0.0975609756097561,0.08968609865470852,0.0947867298578199,0.19393939393939394,0.2037037037037037,0.2236842105263158,0.0966183574879227,0.1642512077294686,0.1596244131455399,0.14358974358974358,0.1780821917808219,0.1889763779527559
5459322,0.15272727272727274,0.26666666666666666,0.1262135922330097,0.09333333333333334,0.1935483870967742,0.2288135593220339,0.16304347826086957,0.19095477386934673,0.2391304347826087,0.1414141414141414,0.10465116279069768,0.10328638497652583,0.11049723756906077,0.11235955056179775,0.17647058823529413,0.17415730337078653,0.12751677852348994,0.10050251256281408,0.1092896174863388,0.09045226130653267,0.1917808219178082,0.1834862385321101,0.2,0.18253968253968253,0.19771863117870722,0.192,0.17210682492581603,0.1978798586572438,0.24313725490196078,0.16,0.2465753424657534,0.23157894736842105,0.1885245901639344,0.2534246575342466,0.2601626016260163,0.18556701030927836,0.17777777777777778,0.18666666666666668,0.03940886699507389,0.07508532423208192,0.22522522522522523,0.08527131782945736,0.11475409836065574,0.26785714285714285,0.049689440993788817,0.1339712918660287,0.24778761061946902,0.23655913978494625,0.23880597014925373,0.17258883248730963,0.16831683168316833,0.17391304347826086,0.20168067226890757,0.17054263565891473,0.25,0.16033755274261605,0.12631578947368421,0.23430962343096234,0.06951871657754011,0.20618556701030927,0.1534090909090909,0.26548672566371684,0.18421052631578946,0.1412639405204461,0.16877637130801687,0.15625,0.12716763005780346,1.0,0.08870967741935484,0.1875,0.23236514522821577,0.20253164556962025,0.1984126984126984,0.24896265560165975,0.26181818181818184,0.15547703180212014,0.14484679665738162,0.16597510373443983,0.19811320754716982,0.1728395061728395,0.10344827586206896,0.1735159817351598,0.27053140096618356,0.23300970873786409,0.06060606060606061,0.2064516129032258,0.22330097087378642,0.16,0.1976284584980237,0.19004524886877827,0.19730941704035873,0.16593886462882096,0.24096385542168675,0.23703703703703705,0.22413793103448276,0.18947368421052632,0.20689655172413793,0.30833333333333335,0.21428571428571427,0.22535211267605634,0.23931623931623933,0.17712177121771217,0.27751196172248804,0.26666666666666666,0.21428571428571427,0.25092250922509224,0.23008849557522124,0.2748091603053435,0.23357664233576642,0.18796992481203006,0.1953125,0.22127659574468084,0.28688524590163933,0.19213973799126638,0.2134387351778656,0.1839080459770115,0.20915032679738563,0.25,0.14634146341463414,0.2543859649122807,0.26200873362445415,0.20454545454545456,0.1222707423580786,0.20532319391634982,0.2140468227424749,0.1643835616438356,0.23275862068965517,0.1893939393939394,0.21212121212121213,0.23809523809523808,0.14479638009049775,0.1444043321299639,0.22950819672131148,0.21100917431192662,0.21660649819494585,0.2826086956521739,0.2796610169491525,0.2183406113537118,0.23478260869565218,0.20869565217391303,0.16216216216216217,0.23107569721115537,0.1557377049180328,0.23107569721115537,0.2471042471042471,0.265625,0.11428571428571428,0.2689075630252101,0.2692307692307692,0.22813688212927757,0.277992277992278,0.17670682730923695,0.22758620689655173,0.1256544502617801,0.23529411764705882,0.20761245674740483,0.21926910299003322,0.18433179723502305,0.1968503937007874,0.25092250922509224,0.09836065573770492,0.2426470588235294,0.11336032388663968,0.18587360594795538,0.18685121107266436,0.1984126984126984,0.22026431718061673,0.19455252918287938,0.15384615384615385,0.36607142857142855,0.18796992481203006,0.2379182156133829,0.24113475177304963,0.2054794520547945,0.10727969348659004,0.1752988047808765,0.21052631578947367,0.2459016393442623,0.25092250922509224,0.20540540540540542,0.11818181818181818,0.26765799256505574,0.2536231884057971,0.2206405693950178,0.19858156028368795,0.15267175572519084,0.21794871794871795,0.2074688796680498,0.18115942028985507,0.20512820512820512,0.16393442622950818,0.27312775330396477,0.2755905511811024,0.2,0.20657276995305165,0.2297872340425532,0.06334841628959276,0.08695652173913043,0.23048327137546468,0.22727272727272727,0.24489795918367346,0.259927797833935,0.15833333333333333,0.24701195219123506,0.25396825396825395,0.205761316872428,0.16236162361623616,0.17120622568093385,0.22580645161290322,0.13617021276595745,0.2108843537414966,0.23404255319148937,0.2033898305084746,0.1340782122905028,0.242152466367713,0.17266187050359713,0.2302158273381295,0.15492957746478872,0.3157894736842105,0.2672811059907834,0.12121212121212122
5460769,0.15180265654648956,0.07547169811320754,0.09606986899563319,0.03980099502487562,0.08955223880597014,0.11065573770491803,0.09174311926605505,0.09312638580931264,0.10984848484848485,0.09333333333333334,0.07075471698113207,0.11182795698924732,0.13394919168591224,0.07441860465116279,0.14885496183206107,0.17763157894736842,0.16,0.04434589800443459,0.10114942528735632,0.13747228381374724,0.06794055201698514,0.08936170212765958,0.0975609756097561,0.09126984126984126,0.0854368932038835,0.16733067729083664,0.1731748726655348,0.10093457943925234,0.07889546351084813,0.11740041928721175,0.07218683651804671,0.074487895716946,0.09274193548387097,0.09926470588235294,0.10040160642570281,0.07174887892376682,0.07966457023060797,0.14255765199161424,0.06153846153846154,0.1688073394495413,0.046413502109704644,0.12941176470588237,0.17338709677419356,0.058823529411764705,0.0774818401937046,0.0824295010845987,0.100418410041841,0.11299435028248588,0.09271523178807947,0.062360801781737196,0.06607929515418502,0.07053941908713693,0.12244897959183673,0.12549019607843137,0.07079646017699115,0.09815950920245399,0.06787330316742081,0.06924643584521385,0.15654952076677317,0.07174887892376682,0.13245033112582782,0.08368200836820083,0.09166666666666666,0.09980806142034548,0.130879345603272,0.11023622047244094,0.03294117647058824,0.08870967741935484,1.0,0.10236220472440945,0.07707910750507099,0.09815950920245399,0.10317460317460317,0.08113590263691683,0.1366223908918406,0.16822429906542055,0.1309328968903437,0.06896551724137931,0.11637931034482758,0.10101010101010101,0.1641337386018237,0.08492569002123142,0.06535947712418301,0.10480349344978165,0.057777777777777775,0.11743772241992882,0.09606986899563319,0.09734513274336283,0.10297029702970296,0.10570824524312897,0.10526315789473684,0.0997920997920998,0.08782435129740519,0.11877394636015326,0.08264462809917356,0.09502262443438914,0.08264462809917356,0.10975609756097561,0.1111111111111111,0.1044776119402985,0.09053497942386832,0.08795411089866156,0.0650759219088937,0.10569105691056911,0.1111111111111111,0.11089866156787763,0.10460251046025104,0.07782101167315175,0.12167300380228137,0.138996138996139,0.12598425196850394,0.1026694045174538,0.10483870967741936,0.10395010395010396,0.10693069306930693,0.09746588693957114,0.08602150537634409,0.10975609756097561,0.08905380333951762,0.10416666666666667,0.07068607068607069,0.09689922480620156,0.079002079002079,0.17475728155339806,0.09800362976406533,0.09766454352441614,0.10330578512396695,0.07751937984496124,0.08527131782945736,0.06746031746031746,0.09725158562367865,0.11720226843100189,0.10080645161290322,0.0851063829787234,0.10964083175803403,0.12121212121212122,0.10245901639344263,0.08316008316008316,0.08298755186721991,0.11203319502074689,0.11392405063291139,0.1073558648111332,0.0967741935483871,0.09542743538767395,0.12915851272015655,0.0984251968503937,0.08450704225352113,0.09387755102040816,0.1015625,0.10485436893203884,0.10567514677103718,0.12375249500998003,0.1070110701107011,0.07223476297968397,0.07633587786259542,0.10720887245841035,0.12658227848101267,0.11940298507462686,0.09090909090909091,0.10707456978967496,0.10887096774193548,0.11450381679389313,0.17635270541082165,0.09596928982725528,0.1589648798521257,0.0873015873015873,0.10438413361169102,0.11394891944990176,0.09619238476953908,0.08823529411764706,0.09652509652509653,0.09596928982725528,0.0898876404494382,0.11397058823529412,0.10916179337231968,0.16699801192842942,0.0981012658227848,0.0846774193548387,0.10325047801147227,0.11254019292604502,0.07203389830508475,0.08829174664107485,0.11742424242424243,0.07879924953095685,0.11235955056179775,0.11673151750972763,0.1099290780141844,0.10141987829614604,0.08712121212121213,0.102880658436214,0.10887096774193548,0.07933194154488518,0.11067193675889328,0.1037344398340249,0.08602150537634409,0.08624229979466119,0.09725158562367865,0.10227272727272728,0.1036468330134357,0.09302325581395349,0.1006036217303823,0.10207939508506617,0.12601626016260162,0.07554671968190854,0.09523809523809523,0.11313131313131314,0.08030592734225621,0.11787819253438114,0.07829181494661921,0.08213552361396304,0.10622710622710622,0.10112359550561797,0.08196721311475409,0.06496519721577726,0.10105263157894737,0.18867924528301888,0.1018867924528302,0.06343283582089553,0.09652509652509653,0.0767590618336887,0.08444444444444445
5494449,0.18815331010452963,0.20253164556962025,0.07339449541284404,0.07407407407407407,0.18340611353711792,0.1774193548387097,0.19387755102040816,0.15165876777251186,0.3472222222222222,0.1523809523809524,0.15217391304347827,0.14222222222222222,0.10362694300518134,0.09473684210526316,0.14788732394366197,0.14673913043478262,0.12903225806451613,0.2938388625592417,0.10256410256410256,0.08530805687203792,0.1471861471861472,0.22608695652173913,0.18253968253968253,0.23484848484848486,0.18181818181818182,0.1984732824427481,0.1489971346704871,0.2440677966101695,0.1947565543071161,0.1940928270042194,0.19913419913419914,0.2222222222222222,0.1875,0.18421052631578946,0.24031007751937986,0.18446601941747573,0.16033755274261605,0.16033755274261605,0.10232558139534884,0.07213114754098361,0.11965811965811966,0.14074074074074075,0.1171875,0.15254237288135594,0.06936416184971098,0.18099547511312217,0.226890756302521,0.24054982817869416,0.22535211267605634,0.15311004784688995,0.19626168224299065,0.14049586776859505,0.2,0.37777777777777777,0.20754716981132076,0.2248995983935743,0.19801980198019803,0.22310756972111553,0.08808290155440414,0.17475728155339806,0.18681318681318682,0.24369747899159663,0.18333333333333332,0.2491103202846975,0.1686746987951807,0.30597014925373134,0.10810810810810811,0.1875,0.10236220472440945,1.0,0.16600790513833993,0.1606425702811245,0.2196969696969697,0.25296442687747034,0.18815331010452963,0.15593220338983052,0.18867924528301888,0.2134387351778656,0.20535714285714285,0.20392156862745098,0.14354066985645933,0.24242424242424243,0.182648401826484,0.22935779816513763,0.13333333333333333,0.2795031055900621,0.21100917431192662,0.19811320754716982,0.1811320754716981,0.19742489270386265,0.2297872340425532,0.16597510373443983,0.21455938697318008,0.23404255319148937,0.2459016393442623,0.19801980198019803,0.29508196721311475,0.20634920634920634,0.22727272727272727,0.2702702702702703,0.2032520325203252,0.1978798586572438,0.19909502262443438,0.24603174603174602,0.2196969696969697,0.26148409893992935,0.226890756302521,0.21897810218978103,0.34265734265734266,0.2446043165467626,0.23134328358208955,0.17813765182186234,0.2578125,0.2157676348547718,0.19622641509433963,0.2564102564102564,0.23270440251572327,0.23809523809523808,0.2809364548494983,0.19166666666666668,0.17427385892116182,0.2246376811594203,0.1825726141078838,0.18181818181818182,0.24437299035369775,0.23376623376623376,0.18032786885245902,0.2608695652173913,0.18840579710144928,0.20454545454545456,0.2317596566523605,0.2837370242214533,0.2421875,0.2,0.22145328719723184,0.2013888888888889,0.27419354838709675,0.1991701244813278,0.19834710743801653,0.19008264462809918,0.21367521367521367,0.19771863117870722,0.21875,0.16730038022813687,0.22878228782287824,0.208955223880597,0.23346303501945526,0.248,0.25735294117647056,0.27636363636363637,0.22878228782287824,0.2681992337164751,0.3443708609271523,0.18719211822660098,0.19014084507042253,0.32558139534883723,0.24281150159744408,0.2096069868995633,0.18796992481203006,0.26855123674911663,0.171875,0.2605633802816901,0.11583011583011583,0.26334519572953735,0.2724252491694352,0.3181818181818182,0.18410041841004185,0.20074349442379183,0.23166023166023167,0.23728813559322035,0.34532374100719426,0.2775800711743772,0.3197278911564626,0.28289473684210525,0.15384615384615385,0.20532319391634982,0.21428571428571427,0.2421875,0.24028268551236748,0.25654450261780104,0.1896551724137931,0.17793594306049823,0.2847222222222222,0.27986348122866894,0.3333333333333333,0.25547445255474455,0.24691358024691357,0.30039525691699603,0.2569444444444444,0.17886178861788618,0.2578125,0.18410041841004185,0.19548872180451127,0.19008264462809918,0.19555555555555557,0.22672064777327935,0.2575107296137339,0.2222222222222222,0.2775800711743772,0.3333333333333333,0.17120622568093385,0.23529411764705882,0.20634920634920634,0.22053231939163498,0.21212121212121213,0.23529411764705882,0.254416961130742,0.29739776951672864,0.2360248447204969,0.26720647773279355,0.2679738562091503,0.2789115646258503,0.23387096774193547,0.15706806282722513,0.17872340425531916,0.2206896551724138,0.1724137931034483,0.24324324324324326,0.2302158273381295,0.23580786026200873,0.14285714285714285
5717801,0.14705882352941177,0.1981981981981982,0.059113300492610835,0.06802721088435375,0.11214953271028037,0.31759656652360513,0.15469613259668508,0.1326530612244898,0.23443223443223443,0.22564102564102564,0.10650887573964497,0.06666666666666667,0.07865168539325842,0.19428571428571428,0.10408921933085502,0.20396600566572237,0.061016949152542375,0.11224489795918367,0.07777777777777778,0.08163265306122448,0.3055555555555556,0.16744186046511628,0.10126582278481013,0.1285140562248996,0.17692307692307693,0.1862348178137652,0.20958083832335328,0.2357142857142857,0.21428571428571427,0.22522522522522523,0.21296296296296297,0.22695035460992907,0.14937759336099585,0.19377162629757785,0.26337448559670784,0.1256544502617801,0.2972972972972973,0.27927927927927926,0.1,0.05517241379310345,0.2374429223744292,0.07058823529411765,0.2157676348547718,0.26244343891402716,0.06329113924050633,0.1650485436893204,0.2242152466367713,0.2318840579710145,0.2222222222222222,0.17525773195876287,0.1507537688442211,0.27312775330396477,0.26382978723404255,0.17254901960784313,0.19289340101522842,0.1623931623931624,0.13903743315508021,0.2033898305084746,0.07008086253369272,0.17801047120418848,0.1318051575931232,0.25112107623318386,0.10666666666666667,0.11278195488721804,0.11965811965811966,0.12648221343873517,0.2,0.23236514522821577,0.07707910750507099,0.16600790513833993,1.0,0.3076923076923077,0.20883534136546184,0.31092436974789917,0.2426470588235294,0.1,0.12359550561797752,0.23529411764705882,0.16267942583732056,0.325,0.07444168734491315,0.18518518518518517,0.38235294117647056,0.31527093596059114,0.05128205128205128,0.20846905537459284,0.2660098522167488,0.1319796954314721,0.192,0.1834862385321101,0.16363636363636364,0.09734513274336283,0.2845528455284553,0.2247191011235955,0.20087336244541484,0.20320855614973263,0.2183406113537118,0.21940928270042195,0.20883534136546184,0.2491103202846975,0.13852813852813853,0.1417910447761194,0.2621359223300971,0.31223628691983124,0.17670682730923695,0.2462686567164179,0.19730941704035873,0.2548262548262548,0.22878228782287824,0.21292775665399238,0.15019762845849802,0.25,0.1825726141078838,0.18584070796460178,0.2,0.20155038759689922,0.21122112211221122,0.21940928270042195,0.1056338028169014,0.21333333333333335,0.19469026548672566,0.16091954022988506,0.07964601769911504,0.13846153846153847,0.14864864864864866,0.19444444444444445,0.18340611353711792,0.20689655172413793,0.1685823754789272,0.2248995983935743,0.21100917431192662,0.13138686131386862,0.1991701244813278,0.17674418604651163,0.19708029197080293,0.24175824175824176,0.24892703862660945,0.23893805309734514,0.24669603524229075,0.16740088105726872,0.1461187214611872,0.25806451612903225,0.14107883817427386,0.1693548387096774,0.25,0.2450592885375494,0.1322314049586777,0.26382978723404255,0.2490272373540856,0.18461538461538463,0.1875,0.1951219512195122,0.20209059233449478,0.1702127659574468,0.22304832713754646,0.20279720279720279,0.18791946308724833,0.17757009345794392,0.1752988047808765,0.20149253731343283,0.07468879668049792,0.2527881040892193,0.21311475409836064,0.11278195488721804,0.17482517482517482,0.1927710843373494,0.16964285714285715,0.1732283464566929,0.13114754098360656,0.2986425339366516,0.17490494296577946,0.24060150375939848,0.21505376344086022,0.17993079584775087,0.15503875968992248,0.18548387096774194,0.1909814323607427,0.2572614107883817,0.22388059701492538,0.1907356948228883,0.11981566820276497,0.19548872180451127,0.21978021978021978,0.16546762589928057,0.1863799283154122,0.10810810810810811,0.1941747572815534,0.21008403361344538,0.14652014652014653,0.12987012987012986,0.14107883817427386,0.2767857142857143,0.22310756972111553,0.16740088105726872,0.19047619047619047,0.15517241379310345,0.10091743119266056,0.06593406593406594,0.18796992481203006,0.19157088122605365,0.2066115702479339,0.21897810218978103,0.1518987341772152,0.23387096774193547,0.28112449799196787,0.18333333333333332,0.08955223880597014,0.1732283464566929,0.20846905537459284,0.1206896551724138,0.19931271477663232,0.2007168458781362,0.2145922746781116,0.17045454545454544,0.2818181818181818,0.17454545454545456,0.24727272727272728,0.20640569395017794,0.24334600760456274,0.19626168224299065,0.1641025641025641
6445533,0.16417910447761194,0.22018348623853212,0.1507537688442211,0.11188811188811189,0.12380952380952381,0.28820960698689957,0.15819209039548024,0.16666666666666666,0.21561338289962825,0.2513089005235602,0.08484848484848485,0.0970873786407767,0.11494252873563218,0.19883040935672514,0.13584905660377358,0.17191977077363896,0.08247422680412371,0.09375,0.11363636363636363,0.09375,0.25471698113207547,0.18009478672985782,0.1459227467811159,0.1469387755102041,0.234375,0.205761316872428,0.1696969696969697,0.2391304347826087,0.18548387096774194,0.22018348623853212,0.24528301886792453,0.20863309352517986,0.17721518987341772,0.20350877192982456,0.200836820083682,0.13903743315508021,0.22935779816513763,0.22935779816513763,0.10204081632653061,0.0979020979020979,0.24186046511627907,0.0796812749003984,0.18565400843881857,0.2672811059907834,0.06493506493506493,0.1782178217821782,0.2374429223744292,0.16911764705882354,0.20618556701030927,0.18947368421052632,0.15384615384615385,0.2600896860986547,0.24242424242424243,0.1752988047808765,0.17616580310880828,0.1391304347826087,0.17486338797814208,0.19827586206896552,0.08174386920980926,0.18181818181818182,0.19130434782608696,0.228310502283105,0.14479638009049775,0.11450381679389313,0.2,0.13654618473895583,0.1686746987951807,0.20253164556962025,0.09815950920245399,0.1606425702811245,0.3076923076923077,1.0,0.20408163265306123,0.28205128205128205,0.26865671641791045,0.13043478260869565,0.1875,0.23931623931623933,0.18536585365853658,0.288135593220339,0.10025062656641603,0.1792452830188679,0.39,0.2914572864321608,0.05235602094240838,0.1716171617161716,0.2613065326633166,0.14507772020725387,0.1951219512195122,0.21495327102803738,0.1574074074074074,0.12612612612612611,0.2727272727272727,0.24334600760456274,0.17777777777777778,0.19672131147540983,0.18666666666666668,0.1888412017167382,0.17142857142857143,0.23104693140794225,0.22026431718061673,0.16666666666666666,0.25742574257425743,0.24034334763948498,0.17142857142857143,0.20454545454545456,0.1735159817351598,0.25098039215686274,0.21722846441947566,0.19305019305019305,0.20883534136546184,0.23684210526315788,0.18565400843881857,0.1891891891891892,0.34146341463414637,0.1889763779527559,0.22742474916387959,0.1888412017167382,0.10714285714285714,0.2171945701357466,0.23423423423423423,0.16342412451361868,0.10810810810810811,0.15625,0.15753424657534246,0.16981132075471697,0.19555555555555557,0.22568093385214008,0.20233463035019456,0.22857142857142856,0.1588785046728972,0.11851851851851852,0.18565400843881857,0.1895734597156398,0.17777777777777778,0.2379182156133829,0.2445414847161572,0.2072072072072072,0.43946188340807174,0.2242152466367713,0.16744186046511628,0.22131147540983606,0.11814345991561181,0.18032786885245902,0.23015873015873015,0.20080321285140562,0.12605042016806722,0.23376623376623376,0.20553359683794467,0.1640625,0.1746031746031746,0.19834710743801653,0.18374558303886926,0.17391304347826086,0.19622641509433963,0.16312056737588654,0.19047619047619047,0.22857142857142856,0.19433198380566802,0.1893939393939394,0.08438818565400844,0.19622641509433963,0.19166666666666668,0.1450381679389313,0.1702127659574468,0.24489795918367346,0.2,0.224,0.125,0.23963133640552994,0.16216216216216217,0.21374045801526717,0.1890909090909091,0.1824561403508772,0.1968503937007874,0.20491803278688525,0.17158176943699732,0.25316455696202533,0.1893939393939394,0.15977961432506887,0.13145539906103287,0.17557251908396945,0.21561338289962825,0.145985401459854,0.19636363636363635,0.14901960784313725,0.18360655737704917,0.19658119658119658,0.13382899628252787,0.15859030837004406,0.1518987341772152,0.23636363636363636,0.17813765182186234,0.15246636771300448,0.22330097087378642,0.15789473684210525,0.08411214953271028,0.08921933085501858,0.19083969465648856,0.17898832684824903,0.23529411764705882,0.23703703703703705,0.1459227467811159,0.22131147540983606,0.2693877551020408,0.2033898305084746,0.13636363636363635,0.184,0.19141914191419143,0.14912280701754385,0.2229965156794425,0.21818181818181817,0.3318777292576419,0.1511627906976744,0.3148148148148148,0.1992619926199262,0.25092250922509224,0.17328519855595667,0.20077220077220076,0.21904761904761905,0.23036649214659685
6445562,0.2332155477031802,0.26609442060085836,0.102803738317757,0.10126582278481013,0.26666666666666666,0.20491803278688525,0.1875,0.17391304347826086,0.2323943661971831,0.1650485436893204,0.1111111111111111,0.11764705882352941,0.08465608465608465,0.11827956989247312,0.15714285714285714,0.12087912087912088,0.1437908496732026,0.10628019323671498,0.09424083769633508,0.0966183574879227,0.13215859030837004,0.19469026548672566,0.20967741935483872,0.38461538461538464,0.15498154981549817,0.20155038759689922,0.12173913043478261,0.23367697594501718,0.21292775665399238,0.19742489270386265,0.21145374449339208,0.15699658703071673,0.2857142857142857,0.2866666666666667,0.25984251968503935,0.1188118811881188,0.18025751072961374,0.1888412017167382,0.10426540284360189,0.09302325581395349,0.13043478260869565,0.09022556390977443,0.15873015873015872,0.14655172413793102,0.09467455621301775,0.20276497695852536,0.23076923076923078,0.24390243902439024,0.19138755980861244,0.15609756097560976,0.14285714285714285,0.21008403361344538,0.2032520325203252,0.2556390977443609,0.22115384615384615,0.2530612244897959,0.1717171717171717,0.15384615384615385,0.09947643979057591,0.18811881188118812,0.17222222222222222,0.23076923076923078,0.1864406779661017,0.4043321299638989,0.23673469387755103,0.1893939393939394,0.143646408839779,0.1984126984126984,0.10317460317460317,0.2196969696969697,0.20883534136546184,0.20408163265306123,1.0,0.20883534136546184,0.21908127208480566,0.15807560137457044,0.16348773841961853,0.1686746987951807,0.23636363636363636,0.1752988047808765,0.10628019323671498,0.28193832599118945,0.20465116279069767,0.19626168224299065,0.06796116504854369,0.20125786163522014,0.21495327102803738,0.21153846153846154,0.26053639846743293,0.26200873362445415,0.18181818181818182,0.1518987341772152,0.24124513618677043,0.30935251798561153,0.16666666666666666,0.20202020202020202,0.18333333333333332,0.1935483870967742,0.3153846153846154,0.2671232876712329,0.2066115702479339,0.2078853046594982,0.1935483870967742,0.23387096774193547,0.25384615384615383,0.2007168458781362,0.19658119658119658,0.2222222222222222,0.22695035460992907,0.2116788321167883,0.20454545454545456,0.19753086419753085,0.2698412698412698,0.3037974683544304,0.21455938697318008,0.6022304832713755,0.15286624203821655,0.23387096774193547,0.22372881355932203,0.22033898305084745,0.20253164556962025,0.19852941176470587,0.16033755274261605,0.1918819188191882,0.18892508143322476,0.2026431718061674,0.20833333333333334,0.16911764705882354,0.22058823529411764,0.15384615384615385,0.20087336244541484,0.21754385964912282,0.24603174603174602,0.23008849557522124,0.20350877192982456,0.20422535211267606,0.27049180327868855,0.16033755274261605,0.19327731092436976,0.226890756302521,0.3130434782608696,0.21621621621621623,0.23809523809523808,0.277992277992278,0.27715355805243447,0.16666666666666666,0.11857707509881422,0.22764227642276422,0.30597014925373134,0.25092250922509224,0.2546816479400749,0.22568093385214008,0.2214765100671141,0.1407035175879397,0.22857142857142856,0.2222222222222222,0.22653721682847897,0.20444444444444446,0.15267175572519084,0.23655913978494625,0.16666666666666666,0.24285714285714285,0.16470588235294117,0.16606498194945848,0.2222222222222222,0.2,0.2978723404255319,0.2943396226415094,0.17254901960784313,0.25862068965517243,0.22627737226277372,0.20216606498194944,0.23448275862068965,0.23333333333333334,0.17100371747211895,0.2084942084942085,0.15979381443298968,0.1984126984126984,0.27956989247311825,0.21693121693121692,0.15789473684210525,0.23826714801444043,0.21830985915492956,0.18685121107266436,0.19310344827586207,0.17777777777777778,0.26875,0.20080321285140562,0.4507042253521127,0.24793388429752067,0.1746031746031746,0.19574468085106383,0.21374045801526717,0.226890756302521,0.2171945701357466,0.205761316872428,0.11353711790393013,0.1619718309859155,0.2743682310469314,0.22058823529411764,0.22134387351778656,0.2736842105263158,0.20967741935483872,0.16988416988416988,0.24615384615384617,0.24701195219123506,0.21505376344086022,0.22641509433962265,0.20754716981132076,0.18930041152263374,0.26490066225165565,0.25517241379310346,0.19672131147540983,0.20320855614973263,0.18181818181818182,0.2097902097902098,0.21678321678321677,0.136986301369863,0.23357664233576642,0.20444444444444446,0.1553398058252427
6450551,0.15441176470588236,0.2072072072072072,0.07881773399014778,0.08163265306122448,0.17757009345794392,0.2832618025751073,0.1878453038674033,0.16326530612244897,0.2564102564102564,0.17435897435897435,0.1301775147928994,0.10476190476190476,0.07865168539325842,0.16,0.12639405204460966,0.19830028328611898,0.09491525423728814,0.11224489795918367,0.07777777777777778,0.08163265306122448,0.2777777777777778,0.20465116279069767,0.1518987341772152,0.17670682730923695,0.23076923076923078,0.20242914979757085,0.18562874251497005,0.25,0.23015873015873015,0.2072072072072072,0.25925925925925924,0.28368794326241137,0.1991701244813278,0.22145328719723184,0.2880658436213992,0.14659685863874344,0.25225225225225223,0.24324324324324326,0.09,0.05517241379310345,0.2100456621004566,0.08627450980392157,0.15767634854771784,0.2895927601809955,0.06329113924050633,0.1650485436893204,0.23318385650224216,0.2463768115942029,0.25252525252525254,0.18556701030927836,0.1708542713567839,0.2555066079295154,0.2553191489361702,0.19607843137254902,0.20304568527918782,0.17094017094017094,0.18181818181818182,0.2288135593220339,0.05929919137466307,0.2198952879581152,0.17191977077363896,0.26905829596412556,0.16,0.13533834586466165,0.1794871794871795,0.18181818181818182,0.17647058823529413,0.24896265560165975,0.08113590263691683,0.25296442687747034,0.31092436974789917,0.28205128205128205,0.20883534136546184,1.0,0.2647058823529412,0.1357142857142857,0.16292134831460675,0.21008403361344538,0.1722488038277512,0.24166666666666667,0.08436724565756824,0.21296296296296297,0.29411764705882354,0.27586206896551724,0.06153846153846154,0.22149837133550487,0.2857142857142857,0.18274111675126903,0.224,0.21100917431192662,0.20909090909090908,0.13274336283185842,0.2926829268292683,0.26217228464419473,0.22707423580786026,0.21390374331550802,0.22707423580786026,0.25316455696202533,0.23293172690763053,0.2775800711743772,0.2077922077922078,0.19402985074626866,0.3106796116504854,0.33755274261603374,0.20883534136546184,0.26865671641791045,0.242152466367713,0.2702702702702703,0.25092250922509224,0.21292775665399238,0.18972332015810275,0.25862068965517243,0.24896265560165975,0.21238938053097345,0.28,0.20930232558139536,0.24422442244224424,0.27848101265822783,0.14084507042253522,0.24,0.24778761061946902,0.1839080459770115,0.11504424778761062,0.16923076923076924,0.16891891891891891,0.18518518518518517,0.22707423580786026,0.22988505747126436,0.21455938697318008,0.2570281124497992,0.1834862385321101,0.1678832116788321,0.24066390041493776,0.23255813953488372,0.21897810218978103,0.2783882783882784,0.30042918454935624,0.3008849557522124,0.28193832599118945,0.22026431718061673,0.182648401826484,0.27419354838709675,0.17427385892116182,0.20967741935483872,0.2578125,0.26877470355731226,0.1487603305785124,0.3148936170212766,0.26459143968871596,0.19230769230769232,0.21875,0.2032520325203252,0.23693379790940766,0.20212765957446807,0.2527881040892193,0.2097902097902098,0.2214765100671141,0.21495327102803738,0.199203187250996,0.21641791044776118,0.1078838174273859,0.26765799256505574,0.1557377049180328,0.18045112781954886,0.21678321678321677,0.2570281124497992,0.22321428571428573,0.2125984251968504,0.16393442622950818,0.35294117647058826,0.22813688212927757,0.24812030075187969,0.24372759856630824,0.20069204152249134,0.14728682170542637,0.1693548387096774,0.1962864721485411,0.2987551867219917,0.2462686567164179,0.2125340599455041,0.1382488479262673,0.24060150375939848,0.24175824175824176,0.2014388489208633,0.24372759856630824,0.16988416988416988,0.21359223300970873,0.25210084033613445,0.1684981684981685,0.1471861471861472,0.1825726141078838,0.2767857142857143,0.23107569721115537,0.24669603524229075,0.21904761904761905,0.21551724137931033,0.11009174311926606,0.10256410256410256,0.22556390977443608,0.22988505747126436,0.21487603305785125,0.26277372262773724,0.17721518987341772,0.2903225806451613,0.2891566265060241,0.225,0.15671641791044777,0.1968503937007874,0.23452768729641693,0.1724137931034483,0.24742268041237114,0.24372759856630824,0.2575107296137339,0.1590909090909091,0.2909090909090909,0.17454545454545456,0.28363636363636363,0.19217081850533807,0.2661596958174905,0.24299065420560748,0.17435897435897435
6450816,0.19607843137254902,0.234375,0.1350210970464135,0.07734806629834254,0.16129032258064516,0.3146067415730337,0.21395348837209302,0.1826086956521739,0.2996742671009772,0.2183406113537118,0.12807881773399016,0.14754098360655737,0.12264150943396226,0.22009569377990432,0.16501650165016502,0.24289405684754523,0.11550151975683891,0.10434782608695652,0.12149532710280374,0.10434782608695652,0.28,0.23293172690763053,0.2140221402214022,0.1978798586572438,0.21768707482993196,0.24199288256227758,0.22826086956521738,0.3184713375796178,0.3006993006993007,0.296875,0.288,0.2468354430379747,0.19636363636363635,0.29721362229102166,0.23826714801444043,0.16,0.25,0.2890625,0.09401709401709402,0.12962962962962962,0.2608695652173913,0.11764705882352941,0.2690909090909091,0.27450980392156865,0.08333333333333333,0.15833333333333333,0.2490272373540856,0.23870967741935484,0.21551724137931033,0.14912280701754385,0.15450643776824036,0.32950191570881227,0.275092936802974,0.21453287197231835,0.2597402597402597,0.20149253731343283,0.19004524886877827,0.2222222222222222,0.1037037037037037,0.1688888888888889,0.19843342036553524,0.23346303501945526,0.1776061776061776,0.18,0.22388059701492538,0.18815331010452963,0.1568627450980392,0.26181818181818184,0.1366223908918406,0.18815331010452963,0.2426470588235294,0.26865671641791045,0.21908127208480566,0.2647058823529412,1.0,0.17834394904458598,0.18974358974358974,0.27205882352941174,0.24691358024691357,0.24087591240875914,0.14645308924485126,0.184,0.2773109243697479,0.33755274261603374,0.07860262008733625,0.21114369501466276,0.2616033755274262,0.23376623376623376,0.2323943661971831,0.19047619047619047,0.2125984251968504,0.14615384615384616,0.2714285714285714,0.24584717607973422,0.19771863117870722,0.18099547511312217,0.2661596958174905,0.24354243542435425,0.22614840989399293,0.2984126984126984,0.19622641509433963,0.2052980132450331,0.24166666666666667,0.3247232472324723,0.22614840989399293,0.23841059602649006,0.23346303501945526,0.2935153583617747,0.29508196721311475,0.20875420875420875,0.2508710801393728,0.24812030075187969,0.2909090909090909,0.2076923076923077,0.2605633802816901,0.19863013698630136,0.27299703264094954,0.22878228782287824,0.1509433962264151,0.2471042471042471,0.24615384615384617,0.22372881355932203,0.11538461538461539,0.19727891156462585,0.23030303030303031,0.152,0.2509505703422053,0.21016949152542372,0.23728813559322035,0.24734982332155478,0.15079365079365079,0.18831168831168832,0.20363636363636364,0.21686746987951808,0.2922077922077922,0.3322475570032573,0.27715355805243447,0.25384615384615383,0.26053639846743293,0.23754789272030652,0.1976284584980237,0.2907801418439716,0.18181818181818182,0.2553191489361702,0.2620689655172414,0.2857142857142857,0.16666666666666666,0.23048327137546468,0.29553264604810997,0.23129251700680273,0.23448275862068965,0.17857142857142858,0.2616822429906542,0.15315315315315314,0.27722772277227725,0.2625,0.25301204819277107,0.29838709677419356,0.21052631578947367,0.2582781456953642,0.13818181818181818,0.264026402640264,0.2733812949640288,0.20666666666666667,0.2625,0.24028268551236748,0.24806201550387597,0.2152777777777778,0.17266187050359713,0.3058823529411765,0.1750841750841751,0.3,0.2364217252396166,0.21671826625386997,0.17123287671232876,0.20567375886524822,0.29683698296836986,0.2690909090909091,0.25165562913907286,0.23940149625935161,0.11952191235059761,0.24,0.28664495114006516,0.17307692307692307,0.24281150159744408,0.19112627986348124,0.23323615160349853,0.2647058823529412,0.16938110749185667,0.18867924528301888,0.18181818181818182,0.21705426356589147,0.23859649122807017,0.21455938697318008,0.26229508196721313,0.18796992481203006,0.1349206349206349,0.16286644951140064,0.23333333333333334,0.2305084745762712,0.2898550724637681,0.2857142857142857,0.22878228782287824,0.3049645390070922,0.35335689045936397,0.27007299270072993,0.16556291390728478,0.18055555555555555,0.25806451612903225,0.16541353383458646,0.23384615384615384,0.24920127795527156,0.299625468164794,0.13333333333333333,0.3779527559055118,0.23948220064724918,0.3106796116504854,0.19682539682539682,0.30976430976430974,0.25806451612903225,0.2183406113537118
6505803,0.18471337579617833,0.14393939393939395,0.1306122448979592,0.09523809523809523,0.1640625,0.13090909090909092,0.11659192825112108,0.19327731092436976,0.14603174603174604,0.10970464135021098,0.11374407582938388,0.23015873015873015,0.13636363636363635,0.09216589861751152,0.24437299035369775,0.20759493670886076,0.20771513353115728,0.08403361344537816,0.11711711711711711,0.15126050420168066,0.10852713178294573,0.1867704280155642,0.15770609318996415,0.14432989690721648,0.152317880794702,0.1522491349480969,0.2127659574468085,0.16149068322981366,0.12244897959183673,0.12878787878787878,0.16279069767441862,0.15432098765432098,0.14840989399293286,0.1148036253776435,0.13333333333333333,0.18025751072961374,0.11363636363636363,0.12121212121212122,0.12396694214876033,0.18674698795180722,0.09195402298850575,0.2222222222222222,0.15547703180212014,0.10646387832699619,0.13,0.20161290322580644,0.11320754716981132,0.1320754716981132,0.10833333333333334,0.13559322033898305,0.12448132780082988,0.11152416356877323,0.15162454873646208,0.16835016835016836,0.14225941422594143,0.18840579710144928,0.14847161572052403,0.1223021582733813,0.18886198547215496,0.1630901287553648,0.20460358056265984,0.13584905660377358,0.18726591760299627,0.16233766233766234,0.2028985507246377,0.1694915254237288,0.07547169811320754,0.15547703180212014,0.16822429906542055,0.15593220338983052,0.1,0.13043478260869565,0.15807560137457044,0.1357142857142857,0.17834394904458598,1.0,0.19597989949748743,0.17857142857142858,0.1593625498007968,0.12056737588652482,0.2696629213483146,0.16279069767441862,0.13008130081300814,0.1306122448979592,0.12658227848101267,0.16045845272206305,0.13877551020408163,0.1506276150627615,0.1780821917808219,0.14615384615384616,0.15267175572519084,0.20149253731343283,0.13194444444444445,0.18122977346278318,0.11808118081180811,0.14847161572052403,0.14022140221402213,0.15053763440860216,0.17869415807560138,0.14860681114551083,0.17582417582417584,0.11612903225806452,0.1532258064516129,0.15053763440860216,0.13058419243986255,0.12903225806451613,0.14339622641509434,0.12624584717607973,0.14696485623003194,0.13114754098360656,0.19661016949152543,0.10218978102189781,0.1625441696113074,0.15671641791044777,0.13013698630136986,0.16666666666666666,0.11594202898550725,0.17921146953405018,0.12883435582822086,0.14232209737827714,0.15671641791044777,0.1716171617161716,0.19402985074626866,0.23178807947019867,0.1893491124260355,0.16279069767441862,0.17712177121771217,0.1188118811881188,0.13861386138613863,0.11683848797250859,0.13846153846153847,0.18354430379746836,0.18374558303886926,0.17898832684824903,0.18354430379746836,0.16507936507936508,0.15272727272727274,0.11194029850746269,0.11152416356877323,0.16356877323420074,0.19157088122605365,0.1310344827586207,0.1413427561837456,0.16551724137931034,0.1476510067114094,0.1288135593220339,0.08450704225352113,0.15162454873646208,0.1605351170568562,0.1986754966887417,0.16778523489932887,0.1388888888888889,0.1884498480243161,0.1391304347826087,0.1157556270096463,0.1524390243902439,0.1411764705882353,0.15625,0.17064846416382254,0.15483870967741936,0.13427561837455831,0.12861736334405144,0.14685314685314685,0.12987012987012986,0.18902439024390244,0.15807560137457044,0.16541353383458646,0.14864864864864866,0.18181818181818182,0.1444866920152091,0.1377049180327869,0.14285714285714285,0.14330218068535824,0.14501510574018128,0.16666666666666666,0.14482758620689656,0.12410501193317422,0.14840989399293286,0.17419354838709677,0.15158924205378974,0.10810810810810811,0.12337662337662338,0.17142857142857143,0.1,0.1557632398753894,0.17275747508305647,0.14814814814814814,0.17142857142857143,0.12698412698412698,0.16117216117216118,0.19081272084805653,0.13533834586466165,0.13651877133105803,0.14869888475836432,0.19047619047619047,0.145985401459854,0.13846153846153847,0.12698412698412698,0.16883116883116883,0.15841584158415842,0.13380281690140844,0.1518987341772152,0.1863799283154122,0.1310344827586207,0.18556701030927836,0.1773049645390071,0.15483870967741936,0.17567567567567569,0.12607449856733524,0.11678832116788321,0.16816816816816818,0.1557632398753894,0.15272727272727274,0.11009174311926606,0.15267175572519084,0.1829652996845426,0.15141955835962145,0.11145510835913312,0.15081967213114755,0.1796875,0.12658227848101267
6710780,0.17435897435897435,0.13529411764705881,0.08722741433021806,0.06037735849056604,0.1566265060240964,0.15954415954415954,0.10033444816053512,0.1337579617834395,0.17902813299232737,0.134185303514377,0.08362369337979095,0.1524390243902439,0.0945945945945946,0.10921501706484642,0.21188630490956073,0.24628450106157113,0.1694915254237288,0.12738853503184713,0.09395973154362416,0.10191082802547771,0.1317365269461078,0.1981981981981982,0.19718309859154928,0.1907356948228883,0.21693121693121692,0.15342465753424658,0.252212389380531,0.22613065326633167,0.15135135135135136,0.14705882352941177,0.19161676646706588,0.205,0.17270194986072424,0.14250614250614252,0.14958448753462603,0.1488673139158576,0.15294117647058825,0.16470588235294117,0.12578616352201258,0.2107843137254902,0.12462908011869436,0.16085790884718498,0.1671309192200557,0.1592920353982301,0.13043478260869565,0.19753086419753085,0.12903225806451613,0.13705583756345177,0.11392405063291139,0.12179487179487179,0.12618296529968454,0.1565217391304348,0.1813031161473088,0.1769436997319035,0.12698412698412698,0.20454545454545456,0.16393442622950818,0.1807909604519774,0.23721881390593047,0.11003236245954692,0.7922912205567452,0.1348973607038123,0.1457725947521866,0.19791666666666666,0.1590909090909091,0.1940700808625337,0.09027777777777778,0.14484679665738162,0.1309328968903437,0.18867924528301888,0.12359550561797752,0.1875,0.16348773841961853,0.16292134831460675,0.18974358974358974,0.19597989949748743,1.0,0.1797752808988764,0.14067278287461774,0.1787709497206704,0.2072936660268714,0.1377245508982036,0.14906832298136646,0.16199376947040497,0.10862619808306709,0.2635294117647059,0.1308411214953271,0.11428571428571428,0.21195652173913043,0.13690476190476192,0.14792899408284024,0.1686046511627907,0.15934065934065933,0.17142857142857143,0.1729106628242075,0.12459016393442623,0.19020172910662825,0.14647887323943662,0.1907356948228883,0.22055137844611528,0.17765042979942694,0.16062176165803108,0.17901234567901234,0.17464788732394365,0.1307901907356948,0.17098445595854922,0.15249266862170088,0.16976127320954906,0.17994858611825193,0.1784776902887139,0.18867924528301888,0.12571428571428572,0.1615598885793872,0.1569767441860465,0.19021739130434784,0.16489361702127658,0.19002375296912113,0.19154929577464788,0.1890547263681592,0.15160349854227406,0.18604651162790697,0.1741424802110818,0.13372093023255813,0.21693121693121692,0.19806763285024154,0.16167664670658682,0.1729106628242075,0.19525065963060687,0.158311345646438,0.18528610354223432,0.14285714285714285,0.23979591836734693,0.15598885793871867,0.1981981981981982,0.20408163265306123,0.18414322250639387,0.15384615384615385,0.1511627906976744,0.1681159420289855,0.17971014492753623,0.18991097922848665,0.15300546448087432,0.15041782729805014,0.21311475409836064,0.1497326203208556,0.1778975741239892,0.16111111111111112,0.15864022662889518,0.17066666666666666,0.19047619047619047,0.1443850267379679,0.16483516483516483,0.2222222222222222,0.1503267973856209,0.165374677002584,0.24752475247524752,0.18269230769230768,0.13253012048192772,0.1842818428184282,0.18134715025906736,0.13370473537604458,0.15503875968992248,0.16574585635359115,0.19791666666666666,0.24257425742574257,0.23978201634877383,0.15789473684210525,0.1774193548387097,0.16574585635359115,0.16519174041297935,0.1784776902887139,0.18229166666666666,0.18639798488664988,0.18181818181818182,0.18617021276595744,0.15300546448087432,0.19797979797979798,0.19498607242339833,0.21243523316062177,0.23917525773195877,0.11343283582089553,0.140625,0.23017902813299232,0.16666666666666666,0.20654911838790932,0.20689655172413793,0.22482435597189696,0.20786516853932585,0.16879795396419436,0.1833810888252149,0.1894150417827298,0.1286549707602339,0.13550135501355012,0.1855072463768116,0.17073170731707318,0.14857142857142858,0.17857142857142858,0.18925831202046037,0.22916666666666666,0.23218997361477572,0.13333333333333333,0.1836734693877551,0.15211267605633802,0.17486338797814208,0.1907356948228883,0.18435754189944134,0.23834196891191708,0.17204301075268819,0.1976470588235294,0.1657142857142857,0.20537897310513448,0.20151133501259447,0.22792022792022792,0.11564625850340136,0.20710059171597633,0.15776081424936386,0.183206106870229,0.21052631578947367,0.15748031496062992,0.20481927710843373,0.1597444089456869
6753378,0.125,0.17117117117117117,0.11822660098522167,0.09523809523809523,0.09345794392523364,0.24892703862660945,0.12154696132596685,0.16326530612244897,0.30036630036630035,0.2564102564102564,0.1301775147928994,0.12380952380952381,0.10112359550561797,0.25142857142857145,0.14869888475836432,0.16997167138810199,0.08813559322033898,0.19387755102040816,0.1,0.09183673469387756,0.2222222222222222,0.16744186046511628,0.1518987341772152,0.1927710843373494,0.2,0.15384615384615385,0.17964071856287425,0.24285714285714285,0.15079365079365079,0.26126126126126126,0.2037037037037037,0.24113475177304963,0.14937759336099585,0.16608996539792387,0.1646090534979424,0.17801047120418848,0.24324324324324326,0.27927927927927926,0.1,0.0896551724137931,0.2100456621004566,0.10980392156862745,0.24066390041493776,0.17194570135746606,0.0759493670886076,0.1941747572815534,0.17937219730941703,0.15217391304347827,0.16161616161616163,0.21649484536082475,0.1507537688442211,0.22026431718061673,0.2553191489361702,0.25098039215686274,0.15228426395939088,0.1794871794871795,0.16042780748663102,0.23728813559322035,0.09703504043126684,0.15706806282722513,0.17765042979942694,0.17040358744394618,0.1511111111111111,0.19548872180451127,0.1623931623931624,0.18972332015810275,0.2,0.16597510373443983,0.06896551724137931,0.2134387351778656,0.23529411764705882,0.23931623931623933,0.1686746987951807,0.21008403361344538,0.27205882352941174,0.17857142857142858,0.1797752808988764,1.0,0.16267942583732056,0.3,0.12903225806451613,0.17592592592592593,0.27450980392156865,0.2561576354679803,0.11282051282051282,0.21498371335504887,0.17733990147783252,0.14213197969543148,0.184,0.1651376146788991,0.12727272727272726,0.1415929203539823,0.1951219512195122,0.1797752808988764,0.19213973799126638,0.1711229946524064,0.2794759825327511,0.1518987341772152,0.15261044176706828,0.26334519572953735,0.17316017316017315,0.208955223880597,0.22330097087378642,0.21940928270042195,0.14457831325301204,0.20149253731343283,0.13452914798206278,0.19305019305019305,0.3025830258302583,0.24334600760456274,0.26877470355731226,0.20689655172413793,0.14937759336099585,0.168141592920354,0.16,0.17829457364341086,0.25742574257425743,0.16877637130801687,0.19014084507042253,0.1688888888888889,0.18584070796460178,0.20689655172413793,0.168141592920354,0.13076923076923078,0.20945945945945946,0.2037037037037037,0.2183406113537118,0.24521072796934865,0.1532567049808429,0.2248995983935743,0.1926605504587156,0.1897810218978102,0.16597510373443983,0.16744186046511628,0.18248175182481752,0.18315018315018314,0.17167381974248927,0.19469026548672566,0.19383259911894274,0.14977973568281938,0.1552511415525114,0.20967741935483872,0.14107883817427386,0.1774193548387097,0.1640625,0.18972332015810275,0.19834710743801653,0.19574468085106383,0.17898832684824903,0.19230769230769232,0.1640625,0.22764227642276422,0.20209059233449478,0.1702127659574468,0.16356877323420074,0.22377622377622378,0.2080536912751678,0.16822429906542055,0.20717131474103587,0.21641791044776118,0.0995850622406639,0.16356877323420074,0.23770491803278687,0.22556390977443608,0.21678321678321677,0.27309236947791166,0.16071428571428573,0.18110236220472442,0.16393442622950818,0.19909502262443438,0.19771863117870722,0.2781954887218045,0.25089605734767023,0.20761245674740483,0.17829457364341086,0.1693548387096774,0.2440318302387268,0.23236514522821577,0.16417910447761194,0.1907356948228883,0.14746543778801843,0.12781954887218044,0.21245421245421245,0.17985611510791366,0.25089605734767023,0.15444015444015444,0.20064724919093851,0.2605042016806723,0.19047619047619047,0.15584415584415584,0.16597510373443983,0.1875,0.15139442231075698,0.14096916299559473,0.17142857142857143,0.13793103448275862,0.1651376146788991,0.15384615384615385,0.22556390977443608,0.23754789272030652,0.17355371900826447,0.17518248175182483,0.12658227848101267,0.21774193548387097,0.24096385542168675,0.175,0.1865671641791045,0.2125984251968504,0.22149837133550487,0.2413793103448276,0.281786941580756,0.27956989247311825,0.27467811158798283,0.13636363636363635,0.33636363636363636,0.15272727272727274,0.23272727272727273,0.25622775800711745,0.19011406844106463,0.21495327102803738,0.2153846153846154
6852167,0.19753086419753085,0.24870466321243523,0.13793103448275862,0.1016949152542373,0.16216216216216217,0.19607843137254902,0.25,0.2275449101796407,0.20491803278688525,0.1927710843373494,0.14285714285714285,0.16574585635359115,0.1476510067114094,0.1232876712328767,0.175,0.13580246913580246,0.10526315789473684,0.1317365269461078,0.1456953642384106,0.11976047904191617,0.13903743315508021,0.20430107526881722,0.20192307692307693,0.18181818181818182,0.13852813852813853,0.21100917431192662,0.1377049180327869,0.19123505976095617,0.17040358744394618,0.20725388601036268,0.1925133689839572,0.12648221343873517,0.16981132075471697,0.2230769230769231,0.2336448598130841,0.1728395061728395,0.16580310880829016,0.19689119170984457,0.11695906432748537,0.11494252873563218,0.15789473684210525,0.1415929203539823,0.16037735849056603,0.125,0.13953488372093023,0.1694915254237288,0.25773195876288657,0.19433198380566802,0.22485207100591717,0.14545454545454545,0.2,0.1414141414141414,0.20388349514563106,0.3008849557522124,0.35714285714285715,0.23414634146341465,0.20253164556962025,0.13526570048309178,0.0935672514619883,0.19753086419753085,0.14375,0.18556701030927836,0.20408163265306123,0.16033755274261605,0.22439024390243903,0.19642857142857142,0.11347517730496454,0.19811320754716982,0.11637931034482758,0.20535714285714285,0.16267942583732056,0.18536585365853658,0.23636363636363636,0.1722488038277512,0.24691358024691357,0.1593625498007968,0.14067278287461774,0.16267942583732056,1.0,0.15165876777251186,0.11229946524064172,0.22459893048128343,0.24,0.20689655172413793,0.0963855421686747,0.17266187050359713,0.19540229885057472,0.25,0.19004524886877827,0.2222222222222222,0.19895287958115182,0.15228426395939088,0.18433179723502305,0.19327731092436976,0.16,0.26582278481012656,0.19,0.25,0.22727272727272727,0.1746031746031746,0.19801980198019803,0.13389121338912133,0.15819209039548024,0.2692307692307692,0.21818181818181817,0.16736401673640167,0.1958762886597938,0.1826086956521739,0.2231404958677686,0.21367521367521367,0.20535714285714285,0.18719211822660098,0.22641509433962265,0.27411167512690354,0.17194570135746606,0.2183406113537118,0.13138686131386862,0.21153846153846154,0.16470588235294117,0.1836734693877551,0.18274111675126903,0.1810344827586207,0.1116751269035533,0.19913419913419914,0.20973782771535582,0.22459893048128343,0.19,0.13793103448275862,0.1810344827586207,0.13636363636363635,0.2222222222222222,0.18775510204081633,0.19811320754716982,0.17204301075268819,0.17142857142857143,0.22131147540983606,0.22549019607843138,0.14213197969543148,0.1717171717171717,0.18181818181818182,0.24210526315789474,0.1552511415525114,0.1792452830188679,0.2191780821917808,0.24669603524229075,0.16071428571428573,0.12206572769953052,0.21359223300970873,0.20175438596491227,0.22510822510822512,0.22026431718061673,0.2119815668202765,0.16279069767441862,0.18867924528301888,0.15,0.21011673151750973,0.16356877323420074,0.2702702702702703,0.17117117117117117,0.22594142259414227,0.1320754716981132,0.2,0.15813953488372093,0.1940928270042194,0.22568093385214008,0.17272727272727273,0.27692307692307694,0.19555555555555557,0.19534883720930232,0.2916666666666667,0.1794871794871795,0.16877637130801687,0.176,0.2153846153846154,0.16593886462882096,0.2465753424657534,0.1839080459770115,0.1792452830188679,0.18410041841004185,0.17751479289940827,0.11702127659574468,0.20253164556962025,0.20491803278688525,0.1285140562248996,0.192,0.1826086956521739,0.16428571428571428,0.22009569377990432,0.1721311475409836,0.2376237623762376,0.16981132075471697,0.17435897435897435,0.22522522522522523,0.15151515151515152,0.2430939226519337,0.1477832512315271,0.13756613756613756,0.13114754098360656,0.16877637130801687,0.15517241379310345,0.2535211267605634,0.19591836734693877,0.2403846153846154,0.1552511415525114,0.19090909090909092,0.24644549763033174,0.13389121338912133,0.19555555555555557,0.1510791366906475,0.16748768472906403,0.17557251908396945,0.184,0.17647058823529413,0.23129251700680273,0.2094240837696335,0.1951219512195122,0.16260162601626016,0.11904761904761904,0.21367521367521367,0.24864864864864866,0.1927710843373494
6914657,0.15328467153284672,0.16071428571428573,0.1073170731707317,0.06711409395973154,0.08333333333333333,0.32340425531914896,0.12021857923497267,0.12121212121212122,0.26181818181818184,0.28426395939086296,0.10526315789473684,0.09433962264150944,0.1111111111111111,0.21468926553672316,0.12546125461254612,0.2084507042253521,0.07407407407407407,0.15151515151515152,0.10989010989010989,0.1111111111111111,0.23853211009174313,0.16589861751152074,0.13389121338912133,0.18326693227091634,0.19083969465648856,0.18473895582329317,0.22023809523809523,0.22695035460992907,0.15748031496062992,0.20535714285714285,0.1834862385321101,0.24647887323943662,0.14814814814814814,0.16494845360824742,0.18775510204081633,0.16580310880829016,0.30357142857142855,0.29464285714285715,0.12871287128712872,0.11643835616438356,0.2171945701357466,0.10894941634241245,0.2222222222222222,0.17937219730941703,0.1125,0.19230769230769232,0.20444444444444446,0.20863309352517986,0.19,0.17346938775510204,0.13930348258706468,0.27074235807860264,0.2616033755274262,0.19455252918287938,0.1407035175879397,0.16101694915254236,0.15873015873015872,0.226890756302521,0.10723860589812333,0.15544041450777202,0.18233618233618235,0.19555555555555557,0.1145374449339207,0.15671641791044777,0.16101694915254236,0.19607843137254902,0.19767441860465115,0.1728395061728395,0.10101010101010101,0.20392156862745098,0.325,0.288135593220339,0.1752988047808765,0.24166666666666667,0.24087591240875914,0.12056737588652482,0.1787709497206704,0.3,0.15165876777251186,1.0,0.12345679012345678,0.1926605504587156,0.34951456310679613,0.28292682926829266,0.10152284263959391,0.23948220064724918,0.1951219512195122,0.1507537688442211,0.1746031746031746,0.14545454545454545,0.12612612612612611,0.11403508771929824,0.20161290322580644,0.20074349442379183,0.2077922077922078,0.17989417989417988,0.2510822510822511,0.18410041841004185,0.15139442231075698,0.28975265017667845,0.1459227467811159,0.2074074074074074,0.23076923076923078,0.27615062761506276,0.15139442231075698,0.23703703703703705,0.14222222222222222,0.19157088122605365,0.26373626373626374,0.2943396226415094,0.20392156862745098,0.26495726495726496,0.15637860082304528,0.14912280701754385,0.18253968253968253,0.19230769230769232,0.22950819672131148,0.19246861924686193,0.16083916083916083,0.18502202643171806,0.16666666666666666,0.18250950570342206,0.14035087719298245,0.13740458015267176,0.19463087248322147,0.21100917431192662,0.22510822510822512,0.22813688212927757,0.1520912547528517,0.22310756972111553,0.22727272727272727,0.1956521739130435,0.1728395061728395,0.15668202764976957,0.18840579710144928,0.1890909090909091,0.1702127659574468,0.21052631578947367,0.2183406113537118,0.14847161572052403,0.13574660633484162,0.216,0.1646090534979424,0.168,0.17054263565891473,0.21176470588235294,0.16393442622950818,0.2109704641350211,0.18532818532818532,0.183206106870229,0.17054263565891473,0.24193548387096775,0.19377162629757785,0.15789473684210525,0.16236162361623616,0.2222222222222222,0.21333333333333335,0.18518518518518517,0.22134387351778656,0.21481481481481482,0.12345679012345678,0.22140221402214022,0.22764227642276422,0.16417910447761194,0.22916666666666666,0.2948207171314741,0.1592920353982301,0.1796875,0.17073170731707318,0.21524663677130046,0.21132075471698114,0.2462686567164179,0.2277580071174377,0.19243986254295534,0.19230769230769232,0.224,0.20052770448548812,0.2716049382716049,0.18518518518518517,0.1951219512195122,0.1735159817351598,0.14925373134328357,0.23272727272727273,0.17142857142857143,0.23487544483985764,0.1532567049808429,0.21864951768488747,0.23333333333333334,0.1890909090909091,0.12875536480686695,0.18106995884773663,0.21238938053097345,0.15810276679841898,0.13973799126637554,0.16037735849056603,0.13675213675213677,0.19090909090909092,0.14545454545454545,0.23880597014925373,0.21292775665399238,0.1721311475409836,0.17391304347826086,0.13389121338912133,0.216,0.26294820717131473,0.18181818181818182,0.15555555555555556,0.2265625,0.21359223300970873,0.1794871794871795,0.22525597269624573,0.21352313167259787,0.23829787234042554,0.1348314606741573,0.2972972972972973,0.18772563176895307,0.21660649819494585,0.31802120141342755,0.1811320754716981,0.19444444444444445,0.2233502538071066
6918289,0.14187643020594964,0.10852713178294573,0.08695652173913043,0.05128205128205128,0.10026385224274406,0.09045226130653267,0.06936416184971098,0.12188365650969529,0.1187214611872146,0.07777777777777778,0.0658682634730539,0.13866666666666666,0.10495626822157435,0.052941176470588235,0.19815668202764977,0.20077220077220076,0.18695652173913044,0.08310249307479224,0.09855072463768116,0.11080332409972299,0.08398950131233596,0.13157894736842105,0.13432835820895522,0.13043478260869565,0.13176470588235295,0.11650485436893204,0.22044088176352705,0.14831460674157304,0.09112709832134293,0.11369509043927649,0.09973753280839895,0.12527964205816555,0.11822660098522167,0.09251101321585903,0.09803921568627451,0.1348314606741573,0.07751937984496124,0.10335917312661498,0.09315068493150686,0.18021978021978022,0.07291666666666667,0.20476190476190476,0.11822660098522167,0.07772020725388601,0.07430340557275542,0.14555256064690028,0.08762886597938144,0.09977324263038549,0.07162534435261708,0.08356545961002786,0.08791208791208792,0.09183673469387756,0.11,0.1380952380952381,0.09392265193370165,0.15037593984962405,0.09659090909090909,0.11471321695760599,0.25,0.08426966292134831,0.20233463035019456,0.08762886597938144,0.11794871794871795,0.1345707656612529,0.12030075187969924,0.1674641148325359,0.041791044776119404,0.10344827586206896,0.1641337386018237,0.14354066985645933,0.07444168734491315,0.10025062656641603,0.10628019323671498,0.08436724565756824,0.14645308924485126,0.2696629213483146,0.2072936660268714,0.12903225806451613,0.11229946524064172,0.12345679012345678,1.0,0.12598425196850394,0.08130081300813008,0.09782608695652174,0.12222222222222222,0.16101694915254236,0.09239130434782608,0.09392265193370165,0.12530120481927712,0.11488250652741515,0.11948051948051948,0.16879795396419436,0.09245742092457421,0.12037037037037036,0.1116751269035533,0.07954545454545454,0.1319796954314721,0.1044776119402985,0.12560386473429952,0.13452914798206278,0.11616161616161616,0.12933025404157045,0.09164420485175202,0.09950248756218906,0.0821256038647343,0.11085450346420324,0.10309278350515463,0.08962264150943396,0.11926605504587157,0.1308411214953271,0.16267942583732056,0.07556675062972293,0.10837438423645321,0.11253196930946291,0.09156626506024096,0.12293144208037825,0.10683760683760683,0.11442786069651742,0.14699331848552338,0.08717948717948718,0.09207161125319693,0.13145539906103287,0.1585677749360614,0.18352941176470589,0.1735357917570499,0.11023622047244094,0.1319796954314721,0.11267605633802817,0.09859154929577464,0.1111111111111111,0.10443864229765012,0.1958997722095672,0.11822660098522167,0.10526315789473684,0.15034168564920272,0.1415525114155251,0.09045226130653267,0.07161125319693094,0.07142857142857142,0.11224489795918367,0.125,0.09200968523002422,0.12315270935960591,0.12106537530266344,0.10451306413301663,0.10047846889952153,0.11302211302211303,0.1,0.12322274881516587,0.15058823529411763,0.10451306413301663,0.12652068126520682,0.1504424778761062,0.0906515580736544,0.0967741935483871,0.15964523281596452,0.12958963282937366,0.12137203166226913,0.13942307692307693,0.15704387990762125,0.1330049261083744,0.0967741935483871,0.11246943765281174,0.12529002320185614,0.15964523281596452,0.1497584541062802,0.10282776349614396,0.11455847255369929,0.16625916870415647,0.09844559585492228,0.13551401869158877,0.1345707656612529,0.12162162162162163,0.14096916299559473,0.13711583924349882,0.12106537530266344,0.15498154981549817,0.1330049261083744,0.12471131639722864,0.15037593984962405,0.11518324607329843,0.08352668213457076,0.1506849315068493,0.11286681715575621,0.13513513513513514,0.1650943396226415,0.14767932489451477,0.15384615384615385,0.1141552511415525,0.12626262626262627,0.1477832512315271,0.08226221079691516,0.09615384615384616,0.10204081632653061,0.13333333333333333,0.09571788413098237,0.13577023498694518,0.1963470319634703,0.14849187935034802,0.13145539906103287,0.11302211302211303,0.10933940774487472,0.13930348258706468,0.1016949152542373,0.1111111111111111,0.12839506172839507,0.15242494226327943,0.1288782816229117,0.11440677966101695,0.10579345088161209,0.13596491228070176,0.13063063063063063,0.12562814070351758,0.06451612903225806,0.11948051948051948,0.16363636363636364,0.11363636363636363,0.16591928251121077,0.11214953271028037,0.11609498680738786,0.1
6918454,0.16,0.23,0.08839779005524862,0.128,0.16666666666666666,0.21800947867298578,0.2138364779874214,0.1724137931034483,0.22310756972111553,0.16184971098265896,0.09523809523809523,0.14893617021276595,0.10256410256410256,0.13071895424836602,0.16194331983805668,0.14501510574018128,0.12454212454212454,0.12643678160919541,0.12658227848101267,0.11494252873563218,0.16494845360824742,0.22797927461139897,0.16744186046511628,0.24669603524229075,0.17647058823529413,0.19555555555555557,0.14102564102564102,0.21705426356589147,0.17391304347826086,0.15,0.21649484536082475,0.17692307692307693,0.1735159817351598,0.20973782771535582,0.26244343891402716,0.1893491124260355,0.17,0.16,0.07865168539325842,0.07462686567164178,0.16243654822335024,0.0944206008583691,0.136986301369863,0.16080402010050251,0.08823529411764706,0.17391304347826086,0.21890547263681592,0.2125984251968504,0.19318181818181818,0.1744186046511628,0.21468926553672316,0.15609756097560976,0.22535211267605634,0.24892703862660945,0.26285714285714284,0.24528301886792453,0.24242424242424243,0.18691588785046728,0.07449856733524356,0.17751479289940827,0.14067278287461774,0.23880597014925373,0.18719211822660098,0.21311475409836064,0.19811320754716982,0.19913419913419914,0.13513513513513514,0.1735159817351598,0.08492569002123142,0.24242424242424243,0.18518518518518517,0.1792452830188679,0.28193832599118945,0.21296296296296297,0.184,0.16279069767441862,0.1377245508982036,0.17592592592592593,0.22459893048128343,0.1926605504587156,0.12598425196850394,1.0,0.1978021978021978,0.19889502762430938,0.10404624277456648,0.21052631578947367,0.22099447513812154,0.17142857142857143,0.19298245614035087,0.6428571428571429,0.18181818181818182,0.16666666666666666,0.24107142857142858,0.20408163265306123,0.17391304347826086,0.26666666666666666,0.17391304347826086,0.17674418604651163,0.24669603524229075,0.21621621621621623,0.22966507177033493,0.18699186991869918,0.17391304347826086,0.21395348837209302,0.2026431718061674,0.1951219512195122,0.1691542288557214,0.20253164556962025,0.2248995983935743,0.22406639004149378,0.2077922077922078,0.1619047619047619,0.182648401826484,0.43137254901960786,0.16666666666666666,0.2966101694915254,0.1708185053380783,0.21395348837209302,0.21374045801526717,0.2660098522167488,0.20588235294117646,0.18410041841004185,0.22549019607843138,0.18487394957983194,0.20437956204379562,0.26804123711340205,0.1642512077294686,0.18410041841004185,0.18410041841004185,0.1762114537444934,0.2653061224489796,0.23809523809523808,0.2648401826484018,0.16580310880829016,0.20634920634920634,0.19123505976095617,0.2559241706161137,0.1568627450980392,0.18536585365853658,0.18536585365853658,0.20304568527918782,0.19469026548672566,0.2557077625570776,0.1592920353982301,0.2905982905982906,0.17316017316017315,0.14545454545454545,0.2347417840375587,0.2127659574468085,0.3277310924369748,0.20512820512820512,0.20535714285714285,0.18867924528301888,0.18072289156626506,0.145748987854251,0.24242424242424243,0.18840579710144928,0.21875,0.19213973799126638,0.2032520325203252,0.1461187214611872,0.21862348178137653,0.13513513513513514,0.1557377049180328,0.21212121212121213,0.27312775330396477,0.31683168316831684,0.19827586206896552,0.24324324324324326,0.271356783919598,0.24066390041493776,0.21311475409836064,0.21011673151750973,0.1947565543071161,0.16101694915254236,0.19469026548672566,0.18028169014084508,0.2465753424657534,0.21951219512195122,0.22608695652173913,0.1641025641025641,0.21311475409836064,0.23107569721115537,0.1796875,0.1867704280155642,0.18565400843881857,0.21602787456445993,0.21296296296296297,0.2549800796812749,0.37320574162679426,0.2100456621004566,0.19801980198019803,0.2183406113537118,0.14634146341463414,0.2553191489361702,0.21904761904761905,0.1326530612244898,0.13545816733067728,0.23770491803278687,0.20920502092050208,0.23636363636363636,0.1746031746031746,0.21395348837209302,0.17699115044247787,0.19383259911894274,0.23853211009174313,0.17886178861788618,0.22413793103448276,0.17543859649122806,0.18095238095238095,0.20817843866171004,0.2178988326848249,0.23696682464454977,0.18181818181818182,0.21212121212121213,0.17391304347826086,0.2450592885375494,0.2084942084942085,0.1825726141078838,0.20833333333333334,0.15028901734104047
6918638,0.11764705882352941,0.2872340425531915,0.08284023668639054,0.10619469026548672,0.13333333333333333,0.271356783919598,0.14965986394557823,0.16049382716049382,0.200836820083682,0.34782608695652173,0.11851851851851852,0.09090909090909091,0.09722222222222222,0.22695035460992907,0.13617021276595745,0.19435736677115986,0.07662835249042145,0.09876543209876543,0.0958904109589041,0.09876543209876543,0.3076923076923077,0.19889502762430938,0.12807881773399016,0.13023255813953488,0.20353982300884957,0.1784037558685446,0.20666666666666667,0.21138211382113822,0.1834862385321101,0.22340425531914893,0.24175824175824176,0.1935483870967742,0.17391304347826086,0.21176470588235294,0.22966507177033493,0.16560509554140126,0.30851063829787234,0.2765957446808511,0.12048192771084337,0.078125,0.33513513513513515,0.08144796380090498,0.2222222222222222,0.24598930481283424,0.0967741935483871,0.20930232558139536,0.25396825396825395,0.19834710743801653,0.2682926829268293,0.2,0.14545454545454545,0.25906735751295334,0.29850746268656714,0.17194570135746606,0.2822085889570552,0.16,0.1568627450980392,0.2376237623762376,0.0830860534124629,0.1910828025477707,0.15873015873015872,0.25396825396825395,0.13612565445026178,0.08620689655172414,0.15,0.1278538812785388,0.25,0.27053140096618356,0.06535947712418301,0.182648401826484,0.38235294117647056,0.39,0.20465116279069767,0.29411764705882354,0.2773109243697479,0.13008130081300814,0.14906832298136646,0.27450980392156865,0.24,0.34951456310679613,0.08130081300813008,0.1978021978021978,1.0,0.3905325443786982,0.062111801242236024,0.19047619047619047,0.22485207100591717,0.13496932515337423,0.19444444444444445,0.20652173913043478,0.17204301075268819,0.13541666666666666,0.24528301886792453,0.24034334763948498,0.18461538461538463,0.23529411764705882,0.27692307692307694,0.24630541871921183,0.18604651162790697,0.242914979757085,0.18274111675126903,0.1282051282051282,0.2441860465116279,0.2955665024630542,0.16744186046511628,0.2222222222222222,0.19047619047619047,0.2311111111111111,0.20253164556962025,0.23580786026200873,0.1735159817351598,0.2222222222222222,0.2222222222222222,0.17708333333333334,0.19444444444444445,0.19642857142857142,0.19330855018587362,0.20689655172413793,0.096,0.23036649214659685,0.23958333333333334,0.16740088105726872,0.08333333333333333,0.17699115044247787,0.1984732824427481,0.2087912087912088,0.18461538461538463,0.19383259911894274,0.15859030837004406,0.23255813953488372,0.18478260869565216,0.13333333333333333,0.1932367149758454,0.19889502762430938,0.175,0.2928870292887029,0.25125628140703515,0.25,0.23834196891191708,0.16580310880829016,0.15135135135135136,0.2523364485981308,0.11594202898550725,0.21495327102803738,0.22522522522522523,0.228310502283105,0.125,0.23880597014925373,0.23318385650224216,0.23008849557522124,0.21621621621621623,0.2169811320754717,0.18972332015810275,0.16883116883116883,0.18723404255319148,0.21428571428571427,0.1893939393939394,0.17777777777777778,0.22119815668202766,0.28205128205128205,0.04830917874396135,0.2297872340425532,0.21904761904761905,0.15517241379310345,0.1746031746031746,0.22325581395348837,0.22105263157894736,0.22727272727272727,0.14285714285714285,0.3315508021390374,0.18340611353711792,0.2413793103448276,0.18775510204081633,0.1803921568627451,0.16964285714285715,0.22429906542056074,0.21574344023323616,0.27053140096618356,0.20512820512820512,0.1921921921921922,0.09836065573770492,0.21551724137931033,0.24267782426778242,0.1557377049180328,0.19591836734693877,0.12444444444444444,0.17454545454545456,0.22549019607843138,0.13389121338912133,0.19289340101522842,0.15458937198067632,0.24210526315789474,0.23963133640552994,0.15544041450777202,0.20454545454545456,0.16161616161616163,0.08695652173913043,0.058577405857740586,0.19827586206896552,0.19383259911894274,0.2403846153846154,0.2,0.13793103448275862,0.2336448598130841,0.30697674418604654,0.18446601941747573,0.10256410256410256,0.18181818181818182,0.18315018315018314,0.1111111111111111,0.19455252918287938,0.17959183673469387,0.2613065326633166,0.19718309859154928,0.3333333333333333,0.16597510373443983,0.2572614107883817,0.2591093117408907,0.28820960698689957,0.3333333333333333,0.2111801242236025
6918848,0.1350210970464135,0.27807486631016043,0.09523809523809523,0.10714285714285714,0.1452513966480447,0.37373737373737376,0.1643835616438356,0.18633540372670807,0.2857142857142857,0.3625,0.13432835820895522,0.10285714285714286,0.0979020979020979,0.24285714285714285,0.13675213675213677,0.27672955974842767,0.08461538461538462,0.11180124223602485,0.09655172413793103,0.09937888198757763,0.3314917127071823,0.25555555555555554,0.13861386138613863,0.14018691588785046,0.20444444444444446,0.25471698113207547,0.26755852842809363,0.24489795918367346,0.20276497695852536,0.2887700534759358,0.2430939226519337,0.20242914979757085,0.1650485436893204,0.2047244094488189,0.3173076923076923,0.14102564102564102,0.35294117647058826,0.3850267379679144,0.10909090909090909,0.09411764705882353,0.30434782608695654,0.09090909090909091,0.2912621359223301,0.25806451612903225,0.14634146341463414,0.15204678362573099,0.22340425531914893,0.24066390041493776,0.24539877300613497,0.1761006289308176,0.14634146341463414,0.3333333333333333,0.37,0.19090909090909092,0.20987654320987653,0.21105527638190955,0.14473684210526316,0.21890547263681592,0.09523809523809523,0.15384615384615385,0.17197452229299362,0.2872340425531915,0.14736842105263157,0.09523809523809523,0.16080402010050251,0.14678899082568808,0.2518518518518518,0.23300970873786409,0.10480349344978165,0.22935779816513763,0.31527093596059114,0.2914572864321608,0.19626168224299065,0.27586206896551724,0.33755274261603374,0.1306122448979592,0.16199376947040497,0.2561576354679803,0.20689655172413793,0.28292682926829266,0.09782608695652174,0.19889502762430938,0.3905325443786982,1.0,0.0875,0.22794117647058823,0.36904761904761907,0.14814814814814814,0.20465116279069767,0.2185792349726776,0.17297297297297298,0.14659685863874344,0.3127962085308057,0.23275862068965517,0.16494845360824742,0.2631578947368421,0.27835051546391754,0.22772277227722773,0.205607476635514,0.3170731707317073,0.1836734693877551,0.12017167381974249,0.24561403508771928,0.33663366336633666,0.16822429906542055,0.24034334763948498,0.19148936170212766,0.2767857142857143,0.288135593220339,0.23684210526315788,0.22935779816513763,0.233502538071066,0.22330097087378642,0.18848167539267016,0.20465116279069767,0.18834080717488788,0.19402985074626866,0.21782178217821782,0.0963855421686747,0.25263157894736843,0.23036649214659685,0.18584070796460178,0.08376963350785341,0.19555555555555557,0.1532567049808429,0.23204419889502761,0.20618556701030927,0.18584070796460178,0.18584070796460178,0.22429906542056074,0.2185792349726776,0.16736401673640167,0.21359223300970873,0.2,0.22594142259414227,0.33613445378151263,0.30303030303030304,0.23036649214659685,0.28125,0.19791666666666666,0.17391304347826086,0.2535211267605634,0.13592233009708737,0.19718309859154928,0.25339366515837103,0.24770642201834864,0.13526570048309178,0.29,0.2972972972972973,0.2222222222222222,0.19909502262443438,0.1895734597156398,0.2222222222222222,0.16993464052287582,0.21367521367521367,0.22310756972111553,0.23574144486692014,0.18994413407821228,0.19444444444444445,0.24034334763948498,0.06796116504854369,0.26495726495726496,0.28708133971291866,0.12121212121212122,0.2788844621513944,0.22429906542056074,0.1693121693121693,0.2100456621004566,0.15311004784688995,0.3225806451612903,0.20175438596491227,0.2597402597402597,0.2459016393442623,0.23622047244094488,0.17040358744394618,0.29107981220657275,0.22807017543859648,0.2621359223300971,0.2832618025751073,0.1927710843373494,0.10989010989010989,0.19047619047619047,0.2605042016806723,0.1728395061728395,0.22131147540983606,0.13392857142857142,0.23357664233576642,0.2561576354679803,0.14285714285714285,0.16326530612244897,0.1553398058252427,0.21164021164021163,0.21296296296296297,0.16666666666666666,0.2742857142857143,0.16243654822335024,0.17486338797814208,0.09243697478991597,0.2077922077922078,0.20353982300884957,0.21256038647342995,0.2510460251046025,0.15841584158415842,0.24413145539906103,0.34579439252336447,0.2146341463414634,0.11158798283261803,0.228310502283105,0.19852941176470587,0.1116751269035533,0.2265625,0.2459016393442623,0.3838383838383838,0.22695035460992907,0.34594594594594597,0.24166666666666667,0.3,0.2601626016260163,0.2719298245614035,0.27932960893854747,0.2375
7251185,0.0611353711790393,0.0670391061452514,0.0875,0.11538461538461539,0.07017543859649122,0.05263157894736842,0.07246376811594203,0.10457516339869281,0.10434782608695652,0.039473684210526314,0.1111111111111111,0.15568862275449102,0.13333333333333333,0.030303030303030304,0.1415929203539823,0.11612903225806452,0.1349206349206349,0.1437908496732026,0.145985401459854,0.10457516339869281,0.057803468208092484,0.16279069767441862,0.12371134020618557,0.0970873786407767,0.12903225806451613,0.058823529411764705,0.12371134020618557,0.10970464135021098,0.07655502392344497,0.0670391061452514,0.08092485549132948,0.1087866108786611,0.06060606060606061,0.056910569105691054,0.06,0.16216216216216217,0.0670391061452514,0.0670391061452514,0.16560509554140126,0.12955465587044535,0.056818181818181816,0.2358490566037736,0.050505050505050504,0.0449438202247191,0.05217391304347826,0.13496932515337423,0.044444444444444446,0.06866952789699571,0.07741935483870968,0.11920529801324503,0.1282051282051282,0.06521739130434782,0.07291666666666667,0.11320754716981132,0.09090909090909091,0.11518324607329843,0.1527777777777778,0.12435233160621761,0.12804878048780488,0.08108108108108109,0.10457516339869281,0.05555555555555555,0.14285714285714285,0.08968609865470852,0.09424083769633508,0.14285714285714285,0.031496062992125984,0.06060606060606061,0.057777777777777775,0.13333333333333333,0.05128205128205128,0.05235602094240838,0.06796116504854369,0.06153846153846154,0.07860262008733625,0.12658227848101267,0.10862619808306709,0.11282051282051282,0.0963855421686747,0.10152284263959391,0.12222222222222222,0.10404624277456648,0.062111801242236024,0.0875,1.0,0.10606060606060606,0.075,0.09090909090909091,0.06763285024154589,0.05714285714285714,0.11299435028248588,0.17486338797814208,0.04926108374384237,0.07142857142857142,0.10752688172043011,0.06944444444444445,0.15053763440860216,0.09278350515463918,0.08737864077669903,0.09243697478991597,0.10638297872340426,0.10666666666666667,0.08588957055214724,0.08247422680412371,0.05825242718446602,0.09777777777777778,0.07777777777777778,0.046296296296296294,0.10526315789473684,0.08181818181818182,0.13333333333333333,0.042328042328042326,0.08080808080808081,0.06557377049180328,0.057971014492753624,0.12093023255813953,0.09230769230769231,0.07216494845360824,0.1078838174273859,0.054945054945054944,0.06557377049180328,0.11926605504587157,0.14207650273224043,0.11981566820276497,0.11857707509881422,0.12716763005780346,0.0967741935483871,0.09174311926605505,0.09174311926605505,0.11650485436893204,0.12571428571428572,0.13852813852813853,0.10101010101010101,0.08139534883720931,0.11255411255411256,0.06086956521739131,0.07368421052631578,0.04371584699453552,0.043478260869565216,0.06521739130434782,0.07954545454545454,0.06829268292682927,0.1111111111111111,0.06829268292682927,0.06572769953051644,0.09523809523809523,0.10050251256281408,0.10416666666666667,0.08411214953271028,0.11981566820276497,0.08450704225352113,0.08866995073891626,0.09836065573770492,0.16551724137931034,0.07079646017699115,0.10699588477366255,0.09411764705882353,0.08187134502923976,0.1346153846153846,0.10666666666666667,0.13131313131313133,0.07079646017699115,0.04975124378109453,0.09865470852017937,0.09876543209876543,0.11650485436893204,0.06629834254143646,0.05687203791469194,0.1691542288557214,0.06741573033707865,0.13636363636363635,0.10762331838565023,0.1016949152542373,0.10569105691056911,0.13953488372093023,0.07804878048780488,0.09580838323353294,0.1111111111111111,0.09777777777777778,0.08024691358024691,0.11494252873563218,0.053811659192825115,0.11304347826086956,0.0851063829787234,0.11016949152542373,0.12962962962962962,0.09774436090225563,0.14358974358974358,0.09565217391304348,0.10638297872340426,0.13131313131313133,0.06629834254143646,0.0673076923076923,0.06521739130434782,0.09580838323353294,0.09523809523809523,0.16,0.11304347826086956,0.12556053811659193,0.11009174311926606,0.06030150753768844,0.06060606060606061,0.09278350515463918,0.1073170731707317,0.07766990291262135,0.09137055837563451,0.1511111111111111,0.13270142180094788,0.08333333333333333,0.09523809523809523,0.0967741935483871,0.1016949152542373,0.10526315789473684,0.09022556390977443,0.06779661016949153,0.09482758620689655,0.05172413793103448,0.10084033613445378,0.08181818181818182,0.10526315789473684,0.14473684210526316
9549184,0.187683284457478,0.16494845360824742,0.0661764705882353,0.05555555555555555,0.21201413427561838,0.24503311258278146,0.176,0.13584905660377358,0.2807017543859649,0.15151515151515152,0.15126050420168066,0.14336917562724014,0.09716599190283401,0.12295081967213115,0.1952662721893491,0.1943127962085308,0.15934065934065933,0.1660377358490566,0.0963855421686747,0.11320754716981132,0.16842105263157894,0.19014084507042253,0.17647058823529413,0.2389937106918239,0.22492401215805471,0.20253164556962025,0.1935483870967742,0.27507163323782235,0.23052959501557632,0.18556701030927836,0.24561403508771928,0.2792022792022792,0.2,0.22346368715083798,0.22435897435897437,0.16923076923076924,0.19243986254295534,0.19931271477663232,0.09665427509293681,0.0947075208913649,0.1527777777777778,0.12962962962962962,0.14838709677419354,0.19310344827586207,0.09691629955947137,0.19636363636363635,0.19863013698630136,0.24347826086956523,0.18726591760299627,0.13688212927756654,0.15671641791044777,0.18243243243243243,0.23026315789473684,0.24074074074074073,0.18045112781954886,0.2376237623762376,0.15625,0.22950819672131148,0.12272727272727273,0.15384615384615385,0.2679425837320574,0.23972602739726026,0.17006802721088435,0.23880597014925373,0.15841584158415842,0.2732919254658385,0.11715481171548117,0.2064516129032258,0.11743772241992882,0.2795031055900621,0.20846905537459284,0.1716171617161716,0.20125786163522014,0.22149837133550487,0.21114369501466276,0.16045845272206305,0.2635294117647059,0.21498371335504887,0.17266187050359713,0.23948220064724918,0.16101694915254236,0.21052631578947367,0.19047619047619047,0.22794117647058823,0.10606060606060606,1.0,0.21323529411764705,0.17293233082706766,0.2507836990595611,0.17421602787456447,0.20761245674740483,0.1694915254237288,0.21587301587301588,0.24404761904761904,0.2214765100671141,0.203125,0.24161073825503357,0.24836601307189543,0.2578616352201258,0.29714285714285715,0.2,0.18397626112759644,0.23272727272727273,0.2679738562091503,0.1949685534591195,0.2789317507418398,0.2328767123287671,0.25609756097560976,0.27058823529411763,0.24096385542168675,0.22981366459627328,0.18604651162790697,0.23870967741935484,0.21016949152542372,0.219435736677116,0.23853211009174313,0.27956989247311825,0.2875816993464052,0.26628895184135976,0.21768707482993196,0.21016949152542372,0.20606060606060606,0.18305084745762712,0.22492401215805471,0.23013698630136986,0.23157894736842105,0.2080536912751678,0.28484848484848485,0.2,0.22641509433962265,0.21602787456445993,0.3206997084548105,0.23225806451612904,0.2323943661971831,0.2565597667638484,0.2222222222222222,0.25165562913907286,0.2440677966101695,0.16891891891891891,0.22972972972972974,0.2152777777777778,0.23974763406940064,0.23870967741935484,0.24605678233438485,0.24,0.2732919254658385,0.2379421221864952,0.21710526315789475,0.24539877300613497,0.2978723404255319,0.19692307692307692,0.21587301587301588,0.28651685393258425,0.14785992217898833,0.2781065088757396,0.38309859154929576,0.2779291553133515,0.2756183745583039,0.25625,0.2314540059347181,0.18064516129032257,0.25443786982248523,0.14696485623003194,0.22686567164179106,0.3267605633802817,0.3018867924528302,0.17747440273037543,0.21671826625386997,0.2364217252396166,0.2413793103448276,0.25903614457831325,0.2626865671641791,0.27011494252873564,0.2569832402234637,0.15902140672782875,0.1892744479495268,0.24663677130044842,0.2645161290322581,0.2551928783382789,0.3623853211009174,0.1888111888111888,0.23880597014925373,0.30994152046783624,0.26512968299711814,0.3218390804597701,0.2621951219512195,0.26455026455026454,0.26058631921824105,0.22807017543859648,0.19333333333333333,0.2645161290322581,0.20477815699658702,0.2375,0.2635135135135135,0.17921146953405018,0.21926910299003322,0.1951219512195122,0.23976608187134502,0.3044776119402985,0.3333333333333333,0.1864951768488746,0.24489795918367346,0.20261437908496732,0.24605678233438485,0.23270440251572327,0.23948220064724918,0.26112759643916916,0.22910216718266255,0.30319148936170215,0.19933554817275748,0.2722222222222222,0.26436781609195403,0.2582781456953642,0.1469387755102041,0.2422145328719723,0.25,0.21511627906976744,0.32571428571428573,0.25903614457831325,0.24734982332155478,0.14393939393939395
9810884,0.1518987341772152,0.25668449197860965,0.09523809523809523,0.125,0.16759776536312848,0.37373737373737376,0.2191780821917808,0.17391304347826086,0.31092436974789917,0.1625,0.16417910447761194,0.12571428571428572,0.11188811188811189,0.14285714285714285,0.1282051282051282,0.18238993710691823,0.08461538461538462,0.13664596273291926,0.1103448275862069,0.11180124223602485,0.2541436464088398,0.24444444444444444,0.1485148514851485,0.16822429906542055,0.18666666666666668,0.2641509433962264,0.16722408026755853,0.23673469387755103,0.22119815668202766,0.20320855614973263,0.23204419889502761,0.20242914979757085,0.18446601941747573,0.1968503937007874,0.28846153846153844,0.16666666666666666,0.21390374331550802,0.24598930481283424,0.07272727272727272,0.054901960784313725,0.1956521739130435,0.08181818181818182,0.14563106796116504,0.21505376344086022,0.08130081300813008,0.15204678362573099,0.23404255319148937,0.26556016597510373,0.25766871165644173,0.1761006289308176,0.1951219512195122,0.23958333333333334,0.25,0.19090909090909092,0.2345679012345679,0.21105527638190955,0.21052631578947367,0.1791044776119403,0.06547619047619048,0.21794871794871795,0.1337579617834395,0.2872340425531915,0.15789473684210525,0.13852813852813853,0.1708542713567839,0.1834862385321101,0.14814814814814814,0.22330097087378642,0.09606986899563319,0.21100917431192662,0.2660098522167488,0.2613065326633166,0.21495327102803738,0.2857142857142857,0.2616033755274262,0.13877551020408163,0.1308411214953271,0.17733990147783252,0.19540229885057472,0.1951219512195122,0.09239130434782608,0.22099447513812154,0.22485207100591717,0.36904761904761907,0.075,0.21323529411764705,1.0,0.19753086419753085,0.20465116279069767,0.22950819672131148,0.1945945945945946,0.13612565445026178,0.2938388625592417,0.23275862068965517,0.1958762886597938,0.2631578947368421,0.21649484536082475,0.2376237623762376,0.2616822429906542,0.2601626016260163,0.19387755102040816,0.18025751072961374,0.26900584795321636,0.31683168316831684,0.205607476635514,0.27467811158798283,0.23404255319148937,0.24107142857142858,0.2966101694915254,0.21052631578947367,0.22018348623853212,0.233502538071066,0.2621359223300971,0.2198952879581152,0.23255813953488372,0.2062780269058296,0.1791044776119403,0.24752475247524752,0.1285140562248996,0.25263157894736843,0.2094240837696335,0.19469026548672566,0.1256544502617801,0.1688888888888889,0.1532567049808429,0.23204419889502761,0.1958762886597938,0.19469026548672566,0.20353982300884957,0.19626168224299065,0.22950819672131148,0.18410041841004185,0.2621359223300971,0.18888888888888888,0.22594142259414227,0.23529411764705882,0.29292929292929293,0.2094240837696335,0.2604166666666667,0.23958333333333334,0.20652173913043478,0.2347417840375587,0.1941747572815534,0.1784037558685446,0.27149321266968324,0.22018348623853212,0.12560386473429952,0.29,0.2882882882882883,0.20444444444444446,0.19909502262443438,0.21800947867298578,0.2222222222222222,0.20915032679738563,0.20512820512820512,0.199203187250996,0.2661596958174905,0.2346368715083799,0.19444444444444445,0.20600858369098712,0.10679611650485436,0.27350427350427353,0.14354066985645933,0.1471861471861472,0.26294820717131473,0.205607476635514,0.26455026455026454,0.2009132420091324,0.1722488038277512,0.3010752688172043,0.21052631578947367,0.18181818181818182,0.2540983606557377,0.2047244094488189,0.14349775784753363,0.19718309859154928,0.18128654970760233,0.2621359223300971,0.2575107296137339,0.18674698795180722,0.26373626373626374,0.24242424242424243,0.3025210084033613,0.18930041152263374,0.21311475409836064,0.15178571428571427,0.21897810218978103,0.22660098522167488,0.15966386554621848,0.16326530612244897,0.18446601941747573,0.2328042328042328,0.25,0.19791666666666666,0.2857142857142857,0.2131979695431472,0.14207650273224043,0.1092436974789916,0.19913419913419914,0.20353982300884957,0.25120772946859904,0.27615062761506276,0.1782178217821782,0.22535211267605634,0.2616822429906542,0.23414634146341465,0.13733905579399142,0.2100456621004566,0.19117647058823528,0.16243654822335024,0.3203125,0.3770491803278688,0.30303030303030304,0.2127659574468085,0.24864864864864866,0.21666666666666667,0.225,0.18699186991869918,0.21929824561403508,0.22346368715083798,0.1625
9813758,0.2077922077922078,0.16574585635359115,0.1111111111111111,0.07547169811320754,0.21965317919075145,0.17708333333333334,0.2571428571428571,0.18064516129032257,0.20689655172413793,0.12987012987012986,0.171875,0.14201183431952663,0.145985401459854,0.14925373134328357,0.13157894736842105,0.10256410256410256,0.10236220472440945,0.14193548387096774,0.14388489208633093,0.1032258064516129,0.12571428571428572,0.1839080459770115,0.22448979591836735,0.22115384615384615,0.1461187214611872,0.21359223300970873,0.10238907849829351,0.19246861924686193,0.1895734597156398,0.26519337016574585,0.18285714285714286,0.14937759336099585,0.23,0.1935483870967742,0.16831683168316833,0.17333333333333334,0.13259668508287292,0.1878453038674033,0.06289308176100629,0.0642570281124498,0.11235955056179775,0.09345794392523364,0.12,0.13333333333333333,0.06837606837606838,0.15757575757575756,0.24175824175824176,0.20425531914893616,0.25477707006369427,0.1437908496732026,0.17721518987341772,0.15053763440860216,0.18556701030927836,0.24299065420560748,0.20512820512820512,0.17616580310880828,0.1643835616438356,0.14358974358974358,0.05454545454545454,0.24,0.11688311688311688,0.1978021978021978,0.18478260869565216,0.18666666666666668,0.20725388601036268,0.2169811320754717,0.12403100775193798,0.16,0.09734513274336283,0.19811320754716982,0.1319796954314721,0.14507772020725387,0.21153846153846154,0.18274111675126903,0.23376623376623376,0.1506276150627615,0.11428571428571428,0.14213197969543148,0.25,0.1507537688442211,0.09392265193370165,0.17142857142857143,0.13496932515337423,0.14814814814814814,0.09090909090909091,0.17293233082706766,0.19753086419753085,1.0,0.21052631578947367,0.1807909604519774,0.2122905027932961,0.14054054054054055,0.17560975609756097,0.23893805309734514,0.19148936170212766,0.1917808219178082,0.23404255319148937,0.22448979591836735,0.20192307692307693,0.19166666666666668,0.16842105263157894,0.16740088105726872,0.20606060606060606,0.24489795918367346,0.2403846153846154,0.18502202643171806,0.24175824175824176,0.1743119266055046,0.2,0.23423423423423423,0.16981132075471697,0.24083769633507854,0.25,0.22702702702702704,0.22009569377990432,0.20276497695852536,0.16030534351145037,0.23469387755102042,0.18930041152263374,0.17391304347826086,0.14054054054054055,0.18181818181818182,0.12972972972972974,0.136986301369863,0.1568627450980392,0.16,0.23404255319148937,0.17272727272727273,0.17272727272727273,0.1346153846153846,0.15819209039548024,0.19742489270386265,0.18,0.20689655172413793,0.1459227467811159,0.14655172413793102,0.21875,0.1945945945945946,0.1935483870967742,0.24731182795698925,0.23595505617977527,0.21256038647342995,0.2,0.2028985507246377,0.20465116279069767,0.19811320754716982,0.1890547263681592,0.2268041237113402,0.2037037037037037,0.1643835616438356,0.22325581395348837,0.25365853658536586,0.18699186991869918,0.17687074829931973,0.20175438596491227,0.18775510204081633,0.20233463035019456,0.2774566473988439,0.19047619047619047,0.2290748898678414,0.18,0.21052631578947367,0.11822660098522167,0.18666666666666668,0.17959183673469387,0.15384615384615385,0.2185792349726776,0.20657276995305165,0.17733990147783252,0.18888888888888888,0.2072072072072072,0.20444444444444446,0.19327731092436976,0.18548387096774194,0.1382488479262673,0.17391304347826086,0.1130952380952381,0.16,0.16740088105726872,0.13496932515337423,0.17045454545454544,0.18666666666666668,0.16379310344827586,0.16033755274261605,0.2184873949579832,0.1834862385321101,0.15671641791044777,0.2233502538071066,0.19827586206896552,0.17894736842105263,0.18,0.22950819672131148,0.19047619047619047,0.22580645161290322,0.16568047337278108,0.18848167539267016,0.11299435028248588,0.1724137931034483,0.20444444444444446,0.2,0.1890547263681592,0.1888412017167382,0.20408163265306123,0.1932367149758454,0.16346153846153846,0.22110552763819097,0.14977973568281938,0.20657276995305165,0.16541353383458646,0.2513089005235602,0.184,0.18487394957983194,0.17708333333333334,0.16296296296296298,0.18994413407821228,0.20512820512820512,0.1452991452991453,0.10833333333333334,0.1891891891891892,0.19653179190751446,0.18181818181818182
9826308,0.21830985915492956,0.2564102564102564,0.08372093023255814,0.07547169811320754,0.3185840707964602,0.22040816326530613,0.16580310880829016,0.16346153846153846,0.20350877192982456,0.15458937198067632,0.16574585635359115,0.16216216216216217,0.10526315789473684,0.1711229946524064,0.199288256227758,0.15342465753424658,0.19543973941368079,0.11538461538461539,0.125,0.14423076923076922,0.20175438596491227,0.18502202643171806,0.1927710843373494,0.27586206896551724,0.20588235294117646,0.16988416988416988,0.16184971098265896,0.23972602739726026,0.24242424242424243,0.20512820512820512,0.24561403508771928,0.20408163265306123,0.2766798418972332,0.23255813953488372,0.2823529411764706,0.1477832512315271,0.18803418803418803,0.20512820512820512,0.0660377358490566,0.07947019867549669,0.22510822510822512,0.08239700374531835,0.15810276679841898,0.1888412017167382,0.11764705882352941,0.25688073394495414,0.18723404255319148,0.2777777777777778,0.19047619047619047,0.1650485436893204,0.21800947867298578,0.200836820083682,0.22672064777327935,0.20973782771535582,0.1722488038277512,0.2845528455284553,0.16080402010050251,0.21774193548387097,0.0835509138381201,0.18719211822660098,0.22160664819944598,0.2978723404255319,0.17721518987341772,0.2805755395683453,0.17886178861788618,0.1660377358490566,0.14285714285714285,0.1976284584980237,0.10297029702970296,0.1811320754716981,0.192,0.1951219512195122,0.26053639846743293,0.224,0.2323943661971831,0.1780821917808219,0.21195652173913043,0.184,0.19004524886877827,0.1746031746031746,0.12530120481927712,0.19298245614035087,0.19444444444444445,0.20465116279069767,0.06763285024154589,0.2507836990595611,0.20465116279069767,0.21052631578947367,1.0,0.2,0.1896551724137931,0.16806722689075632,0.3023255813953488,0.24372759856630824,0.1908713692946058,0.22110552763819097,0.22406639004149378,0.21686746987951808,0.3524904214559387,0.2935153583617747,0.18930041152263374,0.25,0.24770642201834864,0.27309236947791166,0.1839080459770115,0.20714285714285716,0.22127659574468084,0.2952029520295203,0.2049469964664311,0.19636363636363635,0.1811320754716981,0.21311475409836064,0.22924901185770752,0.24369747899159663,0.25190839694656486,0.23703703703703705,0.20317460317460317,0.3453815261044177,0.1891891891891892,0.2616033755274262,0.2184873949579832,0.20512820512820512,0.13445378151260504,0.19852941176470587,0.16883116883116883,0.21052631578947367,0.24896265560165975,0.20512820512820512,0.1978021978021978,0.21455938697318008,0.1391304347826087,0.1958041958041958,0.2608695652173913,0.28193832599118945,0.22377622377622378,0.2596491228070175,0.22857142857142856,0.226890756302521,0.19246861924686193,0.33472803347280333,0.2943722943722944,0.23846153846153847,0.1976284584980237,0.6692307692307692,0.23134328358208955,0.22641509433962265,0.1732283464566929,0.21052631578947367,0.26022304832713755,0.20588235294117646,0.2835820895522388,0.18604651162790697,0.25418060200668896,0.18,0.24199288256227758,0.22818791946308725,0.23225806451612904,0.20353982300884957,0.19011406844106463,0.20714285714285716,0.15019762845849802,0.2704626334519573,0.15625,0.17985611510791366,0.2348993288590604,0.21455938697318008,0.211864406779661,0.2857142857142857,0.2421875,0.24034334763948498,0.19636363636363635,0.2014388489208633,0.281786941580756,0.23255813953488372,0.14074074074074075,0.16153846153846155,0.1953727506426735,0.22924901185770752,0.32857142857142857,0.24802110817941952,0.1222707423580786,0.2302158273381295,0.24561403508771928,0.1793103448275862,0.24054982817869416,0.1992619926199262,0.2803738317757009,0.232,0.18947368421052632,0.2222222222222222,0.22134387351778656,0.22033898305084745,0.2509505703422053,0.3514644351464435,0.2072072072072072,0.22131147540983606,0.09565217391304348,0.1824561403508772,0.2446043165467626,0.2564102564102564,0.25984251968503935,0.21678321678321677,0.21686746987951808,0.2230769230769231,0.22988505747126436,0.23015873015873015,0.17857142857142858,0.16541353383458646,0.28213166144200624,0.23770491803278687,0.29042904290429045,0.3024054982817869,0.23673469387755103,0.13829787234042554,0.22413793103448276,0.17421602787456447,0.23693379790940766,0.15699658703071673,0.23272727272727273,0.25663716814159293,0.1932367149758454
9826528,0.16666666666666666,0.24752475247524752,0.12021857923497267,0.12598425196850394,0.17525773195876287,0.22535211267605634,0.18633540372670807,0.2159090909090909,0.20553359683794467,0.18285714285714286,0.09395973154362416,0.11578947368421053,0.12658227848101267,0.14193548387096774,0.1606425702811245,0.15015015015015015,0.11636363636363636,0.10227272727272728,0.15,0.11363636363636363,0.1836734693877551,0.2153846153846154,0.17511520737327188,0.2096069868995633,0.175,0.2290748898678414,0.1464968152866242,0.2076923076923077,0.15517241379310345,0.19801980198019803,0.1836734693877551,0.13740458015267176,0.18099547511312217,0.19330855018587362,0.242152466367713,0.14035087719298245,0.16831683168316833,0.19801980198019803,0.06666666666666667,0.08148148148148149,0.18090452261306533,0.07659574468085106,0.15384615384615385,0.1791044776119403,0.08695652173913043,0.15053763440860216,0.22660098522167488,0.21875,0.19101123595505617,0.14942528735632185,0.2011173184357542,0.1642512077294686,0.24186046511627907,0.2297872340425532,0.22598870056497175,0.205607476635514,0.16766467065868262,0.16666666666666666,0.08547008547008547,0.17543859649122806,0.1337386018237082,0.24630541871921183,0.17560975609756097,0.17073170731707318,0.205607476635514,0.15450643776824036,0.13333333333333333,0.19004524886877827,0.10570824524312897,0.19742489270386265,0.1834862385321101,0.21495327102803738,0.26200873362445415,0.21100917431192662,0.19047619047619047,0.14615384615384616,0.13690476190476192,0.1651376146788991,0.2222222222222222,0.14545454545454545,0.11488250652741515,0.6428571428571429,0.20652173913043478,0.2185792349726776,0.05714285714285714,0.17421602787456447,0.22950819672131148,0.1807909604519774,0.2,1.0,0.17,0.1553398058252427,0.24778761061946902,0.21052631578947367,0.16267942583732056,0.2634730538922156,0.16267942583732056,0.17511520737327188,0.2096069868995633,0.20689655172413793,0.22748815165876776,0.18548387096774194,0.17204301075268819,0.2119815668202765,0.18340611353711792,0.1774193548387097,0.16748768472906403,0.20920502092050208,0.20717131474103587,0.2139917695473251,0.2145922746781116,0.1792452830188679,0.18099547511312217,0.3883495145631068,0.19130434782608696,0.23529411764705882,0.13427561837455831,0.2119815668202765,0.1590909090909091,0.2926829268292683,0.18446601941747573,0.17427385892116182,0.13592233009708737,0.19166666666666668,0.15942028985507245,0.22448979591836735,0.1722488038277512,0.16597510373443983,0.17427385892116182,0.1572052401746725,0.18181818181818182,0.1968503937007874,0.26244343891402716,0.1641025641025641,0.1732283464566929,0.2134387351778656,0.2535211267605634,0.1553398058252427,0.1932367149758454,0.1932367149758454,0.21105527638190955,0.20175438596491227,0.19004524886877827,0.15789473684210525,0.2796610169491525,0.15450643776824036,0.13513513513513514,0.22325581395348837,0.2109704641350211,0.3333333333333333,0.2033898305084746,0.19469026548672566,0.17228464419475656,0.15476190476190477,0.14457831325301204,0.18796992481203006,0.17985611510791366,0.23711340206185566,0.15584415584415584,0.1935483870967742,0.1085972850678733,0.2248995983935743,0.15178571428571427,0.13821138211382114,0.20300751879699247,0.22707423580786026,0.30392156862745096,0.21367521367521367,0.21428571428571427,0.23880597014925373,0.19753086419753085,0.18699186991869918,0.20077220077220076,0.18587360594795538,0.15126050420168066,0.21052631578947367,0.17366946778711484,0.2081447963800905,0.20161290322580644,0.2017291066282421,0.1218274111675127,0.21138211382113822,0.20553359683794467,0.16279069767441862,0.16988416988416988,0.17573221757322174,0.20761245674740483,0.21100917431192662,0.1976284584980237,0.5402843601895735,0.17194570135746606,0.19607843137254902,0.24242424242424243,0.14492753623188406,0.23157894736842105,0.20754716981132076,0.09090909090909091,0.11067193675889328,0.2032520325203252,0.1908713692946058,0.24324324324324326,0.18110236220472442,0.18433179723502305,0.15789473684210525,0.19213973799126638,0.21818181818181817,0.13709677419354838,0.18803418803418803,0.1672473867595819,0.1792452830188679,0.2066420664206642,0.21621621621621623,0.2347417840375587,0.19230769230769232,0.24,0.19607843137254902,0.27450980392156865,0.1685823754789272,0.18106995884773663,0.1958762886597938,0.17142857142857143
9858940,0.2125984251968504,0.18627450980392157,0.07567567567567568,0.09302325581395349,0.1836734693877551,0.15813953488372093,0.25766871165644173,0.15730337078651685,0.22745098039215686,0.1016949152542373,0.09271523178807947,0.11458333333333333,0.1,0.11464968152866242,0.15139442231075698,0.14328358208955225,0.21660649819494585,0.1348314606741573,0.09876543209876543,0.056179775280898875,0.15151515151515152,0.233502538071066,0.2100456621004566,0.19047619047619047,0.19008264462809918,0.18340611353711792,0.17088607594936708,0.25190839694656486,0.2222222222222222,0.20588235294117646,0.2222222222222222,0.17424242424242425,0.19730941704035873,0.1992619926199262,0.18666666666666668,0.17341040462427745,0.14705882352941177,0.14705882352941177,0.08791208791208792,0.07352941176470588,0.14925373134328357,0.12658227848101267,0.11659192825112108,0.18719211822660098,0.02857142857142857,0.14893617021276595,0.23414634146341465,0.23255813953488372,0.2777777777777778,0.17045454545454544,0.2430939226519337,0.1722488038277512,0.17511520737327188,0.21940928270042195,0.2122905027932961,0.17592592592592593,0.16568047337278108,0.22018348623853212,0.0679886685552408,0.19653179190751446,0.1510574018126888,0.23414634146341465,0.3285024154589372,0.1532258064516129,0.19444444444444445,0.18723404255319148,0.11842105263157894,0.19730941704035873,0.10526315789473684,0.2297872340425532,0.16363636363636364,0.1574074074074074,0.18181818181818182,0.20909090909090908,0.2125984251968504,0.15267175572519084,0.14792899408284024,0.12727272727272726,0.19895287958115182,0.12612612612612611,0.11948051948051948,0.18181818181818182,0.17204301075268819,0.17297297297297298,0.11299435028248588,0.20761245674740483,0.1945945945945946,0.2122905027932961,0.1896551724137931,0.17,1.0,0.16346153846153846,0.17543859649122806,0.20883534136546184,0.26540284360189575,0.20118343195266272,0.21800947867298578,0.273972602739726,0.21645021645021645,0.19011406844106463,0.24413145539906103,0.176,0.22340425531914893,0.273972602739726,0.23376623376623376,0.232,0.6926829268292682,0.1991701244813278,0.22924901185770752,0.17959183673469387,0.2297872340425532,0.19626168224299065,0.242152466367713,0.17307692307692307,0.23275862068965517,0.19166666666666668,0.21052631578947367,0.2465753424657534,0.21804511278195488,0.2318840579710145,0.21153846153846154,0.205761316872428,0.125,0.21487603305785125,0.19424460431654678,0.18181818181818182,0.20853080568720378,0.3374485596707819,0.23045267489711935,0.2077922077922078,0.16,0.171875,0.2242152466367713,0.25380710659898476,0.1953125,0.22745098039215686,0.25116279069767444,0.2403846153846154,0.18181818181818182,0.22966507177033493,0.1890547263681592,0.21739130434782608,0.2062780269058296,0.19130434782608696,0.24369747899159663,0.26382978723404255,0.17857142857142858,0.22119815668202766,0.2510460251046025,0.21487603305785125,0.226890756302521,0.19298245614035087,0.22304832713754646,0.2,0.23904382470119523,0.208955223880597,0.20714285714285716,0.22448979591836735,0.15450643776824036,0.264,0.18834080717488788,0.23904382470119523,0.11504424778761062,0.20967741935483872,0.19402985074626866,0.19047619047619047,0.18446601941747573,0.17796610169491525,0.1592920353982301,0.22660098522167488,0.19591836734693877,0.20161290322580644,0.20689655172413793,0.2656826568265683,0.15,0.21739130434782608,0.15041782729805014,0.2242152466367713,0.184,0.20057306590257878,0.16080402010050251,0.1935483870967742,0.21176470588235294,0.2076923076923077,0.20689655172413793,0.2572614107883817,0.15807560137457044,0.21818181818181817,0.16470588235294117,0.1596244131455399,0.2062780269058296,0.20388349514563106,0.2918454935622318,0.22966507177033493,0.19791666666666666,0.21495327102803738,0.1,0.13333333333333333,0.21774193548387097,0.23045267489711935,0.20535714285714285,0.25,0.2648401826484018,0.24347826086956523,0.22510822510822512,0.24324324324324326,0.184,0.19491525423728814,0.18685121107266436,0.205607476635514,0.1978021978021978,0.19923371647509577,0.17674418604651163,0.12658227848101267,0.16831683168316833,0.2178988326848249,0.17120622568093385,0.12927756653992395,0.22857142857142856,0.22448979591836735,0.13559322033898305
9863776,0.16923076923076924,0.1523809523809524,0.14659685863874344,0.11851851851851852,0.19801980198019803,0.12669683257918551,0.14201183431952663,0.22826086956521738,0.13793103448275862,0.09836065573770492,0.10191082802547771,0.18181818181818182,0.18072289156626506,0.0736196319018405,0.24124513618677043,0.16422287390029325,0.22614840989399293,0.11956521739130435,0.15476190476190477,0.16304347826086957,0.10784313725490197,0.19704433497536947,0.21333333333333335,0.17721518987341772,0.1774193548387097,0.13617021276595745,0.17391304347826086,0.14925373134328357,0.15,0.13333333333333333,0.17647058823529413,0.14814814814814814,0.1572052401746725,0.1371841155234657,0.1645021645021645,0.1787709497206704,0.11428571428571428,0.13333333333333333,0.0851063829787234,0.1223021582733813,0.11594202898550725,0.18930041152263374,0.09606986899563319,0.15311004784688995,0.0821917808219178,0.23711340206185566,0.14218009478672985,0.12878787878787878,0.13978494623655913,0.16483516483516483,0.1497326203208556,0.13023255813953488,0.15246636771300448,0.14814814814814814,0.1837837837837838,0.1981981981981982,0.14857142857142858,0.16964285714285715,0.12813370473537605,0.1787709497206704,0.1661721068249258,0.16113744075829384,0.19718309859154928,0.15748031496062992,0.13513513513513514,0.14937759336099585,0.0759493670886076,0.16593886462882096,0.0997920997920998,0.16597510373443983,0.09734513274336283,0.12612612612612611,0.1518987341772152,0.13274336283185842,0.14615384615384616,0.20149253731343283,0.1686046511627907,0.1415929203539823,0.15228426395939088,0.11403508771929824,0.16879795396419436,0.16666666666666666,0.13541666666666666,0.14659685863874344,0.17486338797814208,0.1694915254237288,0.13612565445026178,0.14054054054054055,0.16806722689075632,0.1553398058252427,0.16346153846153846,1.0,0.1282051282051282,0.1568627450980392,0.16589861751152074,0.14857142857142858,0.1935483870967742,0.17777777777777778,0.18565400843881857,0.16356877323420074,0.2100456621004566,0.15625,0.15463917525773196,0.1511111111111111,0.11814345991561181,0.1328125,0.14218009478672985,0.1214574898785425,0.138996138996139,0.13545816733067728,0.1825726141078838,0.10909090909090909,0.1572052401746725,0.1588785046728972,0.14285714285714285,0.17886178861788618,0.13058419243986255,0.17777777777777778,0.14705882352941177,0.14084507042253522,0.19626168224299065,0.1686746987951807,0.16822429906542055,0.25,0.14788732394366197,0.16666666666666666,0.18433179723502305,0.1285140562248996,0.17670682730923695,0.1518987341772152,0.13592233009708737,0.183206106870229,0.17467248908296942,0.18719211822660098,0.20610687022900764,0.16091954022988506,0.13574660633484162,0.1308411214953271,0.11162790697674418,0.18604651162790697,0.1932367149758454,0.1271186440677966,0.1572052401746725,0.17796610169491525,0.13934426229508196,0.14937759336099585,0.11304347826086956,0.15246636771300448,0.15510204081632653,0.18548387096774194,0.1557377049180328,0.13675213675213677,0.16727272727272727,0.125,0.14007782101167315,0.1678832116788321,0.14685314685314685,0.1485148514851485,0.18410041841004185,0.1640625,0.13100436681222707,0.13229571984435798,0.09482758620689655,0.14173228346456693,0.1678832116788321,0.16033755274261605,0.14150943396226415,0.1652892561983471,0.1896551724137931,0.16267942583732056,0.14342629482071714,0.16535433070866143,0.14232209737827714,0.1588447653429603,0.13008130081300814,0.1440677966101695,0.1095890410958904,0.16593886462882096,0.1875,0.1352112676056338,0.11707317073170732,0.15748031496062992,0.19923371647509577,0.12781954887218044,0.14232209737827714,0.19433198380566802,0.15488215488215487,0.20353982300884957,0.13793103448275862,0.2009132420091324,0.18340611353711792,0.14150943396226415,0.13389121338912133,0.17674418604651163,0.2222222222222222,0.17272727272727273,0.0970873786407767,0.14559386973180077,0.18110236220472442,0.17670682730923695,0.1391304347826087,0.1297709923664122,0.14222222222222222,0.1440677966101695,0.16033755274261605,0.19298245614035087,0.171875,0.1487603305785124,0.13559322033898305,0.13636363636363635,0.15770609318996415,0.149812734082397,0.17194570135746606,0.12195121951219512,0.17307692307692307,0.17490494296577946,0.1520912547528517,0.12639405204460966,0.1593625498007968,0.21782178217821782,0.12021857923497267
9868037,0.17857142857142858,0.28695652173913044,0.07582938388625593,0.07741935483870968,0.17117117117117117,0.34024896265560167,0.1693121693121693,0.14705882352941177,0.31316725978647686,0.20689655172413793,0.1016949152542373,0.10091743119266056,0.08602150537634409,0.15300546448087432,0.1299638989169675,0.1883656509695291,0.0858085808580858,0.09803921568627451,0.10638297872340426,0.09803921568627451,0.26785714285714285,0.17040358744394618,0.1469387755102041,0.19455252918287938,0.208955223880597,0.18823529411764706,0.1695906432748538,0.3055555555555556,0.24615384615384617,0.20869565217391303,0.24107142857142858,0.2482758620689655,0.20080321285140562,0.2828282828282828,0.4063745019920319,0.1306532663316583,0.22608695652173913,0.22608695652173913,0.04807692307692308,0.053691275167785234,0.27312775330396477,0.07604562737642585,0.15261044176706828,0.29694323144104806,0.07228915662650602,0.12149532710280374,0.2510822510822511,0.31690140845070425,0.24271844660194175,0.18811881188118812,0.2318840579710145,0.28936170212765955,0.2551440329218107,0.19771863117870722,0.18536585365853658,0.17355371900826447,0.14358974358974358,0.21311475409836064,0.052770448548812667,0.20100502512562815,0.16806722689075632,0.45021645021645024,0.13733905579399142,0.145985401459854,0.15702479338842976,0.1532567049808429,0.15730337078651685,0.24096385542168675,0.08782435129740519,0.21455938697318008,0.2845528455284553,0.2727272727272727,0.24124513618677043,0.2926829268292683,0.2714285714285714,0.13194444444444445,0.15934065934065933,0.1951219512195122,0.18433179723502305,0.20161290322580644,0.09245742092457421,0.24107142857142858,0.24528301886792453,0.3127962085308057,0.04926108374384237,0.21587301587301588,0.2938388625592417,0.17560975609756097,0.3023255813953488,0.24778761061946902,0.17543859649122806,0.1282051282051282,1.0,0.28363636363636363,0.20253164556962025,0.2153846153846154,0.20253164556962025,0.22857142857142856,0.2723735408560311,0.33217993079584773,0.18410041841004185,0.2463768115942029,0.27102803738317754,0.32653061224489793,0.19455252918287938,0.26811594202898553,0.22510822510822512,0.3895131086142322,0.30824372759856633,0.25092250922509224,0.17624521072796934,0.2916666666666667,0.24096385542168675,0.2222222222222222,0.2713178294573643,0.23308270676691728,0.2315112540192926,0.22857142857142856,0.14383561643835616,0.24892703862660945,0.21367521367521367,0.17100371747211895,0.11965811965811966,0.15671641791044777,0.14473684210526316,0.21428571428571427,0.21940928270042195,0.2379182156133829,0.23048327137546468,0.25680933852140075,0.18584070796460178,0.1702127659574468,0.26506024096385544,0.19730941704035873,0.23404255319148937,0.3274021352313167,0.3236514522821577,0.2222222222222222,0.3659574468085106,0.24680851063829787,0.21145374449339208,0.2578125,0.15261044176706828,0.2265625,0.25,0.25287356321839083,0.176,0.31275720164609055,0.32452830188679244,0.208955223880597,0.2878787878787879,0.2125984251968504,0.2847457627118644,0.14285714285714285,0.2888086642599278,0.20408163265306123,0.26143790849673204,0.1981981981981982,0.20077220077220076,0.26811594202898553,0.10441767068273092,0.33212996389891697,0.15079365079365079,0.15328467153284672,0.2108843537414966,0.24124513618677043,0.21551724137931033,0.22137404580152673,0.1984126984126984,0.3231441048034934,0.2140221402214022,0.24817518248175183,0.30662020905923343,0.26262626262626265,0.15037593984962405,0.21875,0.23896103896103896,0.2570281124497992,0.36231884057971014,0.24,0.12444444444444444,0.291970802919708,0.23487544483985764,0.21678321678321677,0.23693379790940766,0.15730337078651685,0.2902208201892745,0.21138211382113822,0.19217081850533807,0.18410041841004185,0.1606425702811245,0.3017241379310345,0.2625482625482625,0.20425531914893616,0.24770642201834864,0.19166666666666668,0.08849557522123894,0.099644128113879,0.21897810218978103,0.21561338289962825,0.272,0.2978723404255319,0.18775510204081633,0.265625,0.2801556420233463,0.23387096774193547,0.13043478260869565,0.1984732824427481,0.3111111111111111,0.20833333333333334,0.28762541806020064,0.32752613240418116,0.29045643153526973,0.15217391304347827,0.2807017543859649,0.21201413427561838,0.28975265017667845,0.17993079584775087,0.2730627306273063,0.23423423423423423,0.16748768472906403
9874913,0.23255813953488372,0.2151394422310757,0.08620689655172414,0.056818181818181816,0.345679012345679,0.24427480916030533,0.17142857142857143,0.16,0.2847682119205298,0.15178571428571427,0.12121212121212122,0.13389121338912133,0.07729468599033816,0.10784313725490197,0.1610738255033557,0.16753926701570682,0.1419753086419753,0.09777777777777778,0.07655502392344497,0.08888888888888889,0.18775510204081633,0.21311475409836064,0.19548872180451127,0.34532374100719426,0.17301038062283736,0.2028985507246377,0.15977961432506887,0.26537216828478966,0.23487544483985764,0.199203187250996,0.20408163265306123,0.19292604501607716,0.362962962962963,0.4025157232704403,0.2867647058823529,0.10909090909090909,0.199203187250996,0.199203187250996,0.10480349344978165,0.09404388714733543,0.16129032258064516,0.09154929577464789,0.14814814814814814,0.2,0.11764705882352941,0.2127659574468085,0.2619047619047619,0.28852459016393445,0.23788546255506607,0.14349775784753363,0.14035087719298245,0.2265625,0.22727272727272727,0.23943661971830985,0.20353982300884957,0.20532319391634982,0.1388888888888889,0.1811320754716981,0.095,0.21818181818181817,0.18518518518518517,0.31746031746031744,0.1732283464566929,0.21694915254237288,0.21292775665399238,0.20567375886524822,0.10050251256281408,0.23703703703703705,0.11877394636015326,0.23404255319148937,0.2247191011235955,0.24334600760456274,0.30935251798561153,0.26217228464419473,0.24584717607973422,0.18122977346278318,0.17142857142857143,0.1797752808988764,0.19327731092436976,0.20074349442379183,0.12037037037037036,0.20408163265306123,0.24034334763948498,0.23275862068965517,0.07142857142857142,0.24404761904761904,0.23275862068965517,0.23893805309734514,0.24372759856630824,0.21052631578947367,0.20883534136546184,0.1568627450980392,0.28363636363636363,1.0,0.18604651162790697,0.17592592592592593,0.1937984496124031,0.2781954887218045,0.31654676258992803,0.3741935483870968,0.19230769230769232,0.18855218855218855,0.20425531914893616,0.2706766917293233,0.2517985611510791,0.24915824915824916,0.2619047619047619,0.2569444444444444,0.2733333333333333,0.2328767123287671,0.20567375886524822,0.2222222222222222,0.3111111111111111,0.22745098039215686,0.26523297491039427,0.3693379790940767,0.20481927710843373,0.3007518796992481,0.24281150159744408,0.2204724409448819,0.19607843137254902,0.19310344827586207,0.10980392156862745,0.20069204152249134,0.18461538461538463,0.15510204081632653,0.23255813953488372,0.2206896551724138,0.2413793103448276,0.2014388489208633,0.145748987854251,0.20462046204620463,0.2222222222222222,0.2540983606557377,0.25742574257425743,0.23841059602649006,0.2748091603053435,0.20392156862745098,0.2421875,0.296875,0.2661290322580645,0.2743682310469314,0.17777777777777778,0.23826714801444043,0.2736842105263158,0.22695035460992907,0.11808118081180811,0.2727272727272727,0.32867132867132864,0.22837370242214533,0.2596491228070175,0.23272727272727273,0.3037974683544304,0.12903225806451613,0.2684563758389262,0.22857142857142856,0.28134556574923547,0.23868312757201646,0.2,0.30976430976430974,0.14814814814814814,0.28859060402684567,0.14652014652014653,0.1694915254237288,0.24126984126984127,0.17985611510791366,0.2134387351778656,0.3674911660777385,0.14652014652014653,0.264,0.22602739726027396,0.23728813559322035,0.2597402597402597,0.27044025157232704,0.1951219512195122,0.21660649819494585,0.1724137931034483,0.22962962962962963,0.32323232323232326,0.23232323232323232,0.16260162601626016,0.2847457627118644,0.25165562913907286,0.22149837133550487,0.2532467532467532,0.20833333333333334,0.2781065088757396,0.1947565543071161,0.23178807947019867,0.2,0.18518518518518517,0.25296442687747034,0.22142857142857142,0.2734375,0.23430962343096234,0.2222222222222222,0.11336032388663968,0.17218543046357615,0.23728813559322035,0.2413793103448276,0.2140221402214022,0.27722772277227725,0.22556390977443608,0.22382671480144403,0.2517985611510791,0.3048327137546468,0.16161616161616163,0.22614840989399293,0.24404761904761904,0.19157088122605365,0.29375,0.2922077922077922,0.21374045801526717,0.13658536585365855,0.21686746987951808,0.23026315789473684,0.23684210526315788,0.14838709677419354,0.3013698630136986,0.2222222222222222,0.14285714285714285
9884685,0.1596958174904943,0.1596244131455399,0.08247422680412371,0.057971014492753624,0.1951219512195122,0.17857142857142858,0.20930232558139536,0.1497326203208556,0.2727272727272727,0.11827956989247312,0.1125,0.07960199004975124,0.11834319526627218,0.12048192771084337,0.16153846153846155,0.13372093023255813,0.13986013986013987,0.20320855614973263,0.11695906432748537,0.0855614973262032,0.15458937198067632,0.18446601941747573,0.22807017543859648,0.3,0.2151394422310757,0.19327731092436976,0.13538461538461538,0.2878228782287823,0.2139917695473251,0.22535211267605634,0.2318840579710145,0.24175824175824176,0.19827586206896552,0.2,0.1794871794871795,0.18681318681318682,0.13145539906103287,0.16901408450704225,0.06282722513089005,0.042704626334519574,0.1523809523809524,0.11382113821138211,0.08620689655172414,0.22641509433962265,0.0,0.14213197969543148,0.2523364485981308,0.2247191011235955,0.24338624338624337,0.1837837837837838,0.2,0.14678899082568808,0.168141592920354,0.2682926829268293,0.1702127659574468,0.17777777777777778,0.16853932584269662,0.3788546255506608,0.06629834254143646,0.1978021978021978,0.17058823529411765,0.22429906542056074,0.23148148148148148,0.1867704280155642,0.12444444444444444,0.22950819672131148,0.12422360248447205,0.22413793103448276,0.08264462809917356,0.2459016393442623,0.20087336244541484,0.17777777777777778,0.16666666666666666,0.22707423580786026,0.19771863117870722,0.11808118081180811,0.1729106628242075,0.19213973799126638,0.16,0.2077922077922078,0.1116751269035533,0.17391304347826086,0.18461538461538463,0.16494845360824742,0.10752688172043011,0.2214765100671141,0.1958762886597938,0.19148936170212766,0.1908713692946058,0.16267942583732056,0.26540284360189575,0.16589861751152074,0.20253164556962025,0.18604651162790697,1.0,0.16853932584269662,0.35454545454545455,0.2543859649122807,0.20833333333333334,0.29411764705882354,0.1981981981981982,0.29343629343629346,0.27411167512690354,0.2543859649122807,0.2,0.7567567567567568,0.27102803738317754,0.208,0.2595419847328244,0.2440944881889764,0.29508196721311475,0.23318385650224216,0.23275862068965517,0.1935483870967742,0.2157676348547718,0.21686746987951808,0.24489795918367346,0.2631578947368421,0.23272727272727273,0.21296296296296297,0.23963133640552994,0.3253968253968254,0.1382488479262673,0.199203187250996,0.18815331010452963,0.2028985507246377,0.21818181818181817,0.3333333333333333,0.19047619047619047,0.38333333333333336,0.1722488038277512,0.19622641509433963,0.1810344827586207,0.20388349514563106,0.18867924528301888,0.17424242424242425,0.20535714285714285,0.25806451612903225,0.2018348623853211,0.21100917431192662,0.1523809523809524,0.22594142259414227,0.22413793103448276,0.19246861924686193,0.21862348178137653,0.2786885245901639,0.33476394849785407,0.22123893805309736,0.20161290322580644,0.19123505976095617,0.23481781376518218,0.25316455696202533,0.2446043165467626,0.18994413407821228,0.2076923076923077,0.23826714801444043,0.2906574394463668,0.2048780487804878,0.2231404958677686,0.23938223938223938,0.1810344827586207,0.2692307692307692,0.0851063829787234,0.3735408560311284,0.20216606498194944,0.25,0.17674418604651163,0.19591836734693877,0.1702127659574468,0.22641509433962265,0.23622047244094488,0.23346303501945526,0.23703703703703705,0.2785714285714286,0.11244979919678715,0.14225941422594143,0.20652173913043478,0.2672413793103448,0.19305019305019305,0.2122905027932961,0.20192307692307693,0.20233463035019456,0.25,0.3420074349442379,0.2518518518518518,0.32,0.25333333333333335,0.35807860262008734,0.23484848484848486,0.16216216216216217,0.23275862068965517,0.24186046511627907,0.23140495867768596,0.27522935779816515,0.1691542288557214,0.21524663677130046,0.10526315789473684,0.1590909090909091,0.2723735408560311,0.2698412698412698,0.20600858369098712,0.2188679245283019,0.17543859649122806,0.2594142259414226,0.18333333333333332,0.2077922077922078,0.2548262548262548,0.21224489795918366,0.22818791946308725,0.2600896860986547,0.20567375886524822,0.2222222222222222,0.23214285714285715,0.11976047904191617,0.21800947867298578,0.15789473684210525,0.16541353383458646,0.17647058823529413,0.2204724409448819,0.2048780487804878,0.13978494623655913
9903786,0.15384615384615385,0.32748538011695905,0.10526315789473684,0.16666666666666666,0.147239263803681,0.25274725274725274,0.27692307692307694,0.1793103448275862,0.1891891891891892,0.2222222222222222,0.1864406779661017,0.1509433962264151,0.11023622047244094,0.22580645161290322,0.13761467889908258,0.1390728476821192,0.09016393442622951,0.12413793103448276,0.12403100775193798,0.15172413793103448,0.19393939393939394,0.24390243902439024,0.15053763440860216,0.16161616161616163,0.14354066985645933,0.23469387755102042,0.14840989399293286,0.17467248908296942,0.1791044776119403,0.15204678362573099,0.20606060606060606,0.13852813852813853,0.14736842105263157,0.19327731092436976,0.25,0.18571428571428572,0.21052631578947367,0.1871345029239766,0.08053691275167785,0.07531380753138076,0.17857142857142858,0.08823529411764706,0.15789473684210525,0.16470588235294117,0.1308411214953271,0.18064516129032257,0.19767441860465115,0.19555555555555557,0.24489795918367346,0.1958041958041958,0.25675675675675674,0.17045454545454544,0.2608695652173913,0.19607843137254902,0.2465753424657534,0.20765027322404372,0.23529411764705882,0.1837837837837838,0.06875,0.22857142857142856,0.12751677852348994,0.27906976744186046,0.1839080459770115,0.11162790697674418,0.2185792349726776,0.15841584158415842,0.16806722689075632,0.18947368421052632,0.09502262443438914,0.19801980198019803,0.20320855614973263,0.19672131147540983,0.20202020202020202,0.21390374331550802,0.18099547511312217,0.14847161572052403,0.12459016393442623,0.1711229946524064,0.26582278481012656,0.17989417989417988,0.07954545454545454,0.26666666666666666,0.23529411764705882,0.2631578947368421,0.06944444444444445,0.203125,0.2631578947368421,0.1917808219178082,0.22110552763819097,0.2634730538922156,0.20118343195266272,0.14857142857142858,0.2153846153846154,0.17592592592592593,0.16853932584269662,1.0,0.16853932584269662,0.21505376344086022,0.1919191919191919,0.17391304347826086,0.26666666666666666,0.14746543778801843,0.18064516129032257,0.24731182795698925,0.16161616161616163,0.20276497695852536,0.19767441860465115,0.23076923076923078,0.2,0.2169811320754717,0.21782178217821782,0.1878453038674033,0.2,0.22857142857142856,0.18090452261306533,0.1932367149758454,0.15079365079365079,0.26881720430107525,0.12017167381974249,0.367816091954023,0.19428571428571428,0.14285714285714285,0.12571428571428572,0.22966507177033493,0.15510204081632653,0.4,0.15730337078651685,0.1619047619047619,0.18095238095238095,0.18181818181818182,0.2275449101796407,0.15246636771300448,0.24210526315789474,0.15853658536585366,0.17040358744394618,0.1981981981981982,0.2857142857142857,0.18285714285714286,0.17045454545454544,0.19318181818181818,0.21428571428571427,0.18274111675126903,0.17894736842105263,0.17258883248730963,0.23414634146341465,0.1782178217821782,0.1256544502617801,0.22826086956521738,0.20388349514563106,0.22009569377990432,0.17560975609756097,0.18461538461538463,0.16101694915254236,0.24817518248175183,0.1651376146788991,0.15319148936170213,0.1700404858299595,0.25766871165644173,0.17,0.16589861751152074,0.07368421052631578,0.2018348623853211,0.15544041450777202,0.15813953488372093,0.22127659574468084,0.24242424242424243,0.24277456647398843,0.16748768472906403,0.22797927461139897,0.25882352941176473,0.19811320754716982,0.14883720930232558,0.18421052631578946,0.21008403361344538,0.17391304347826086,0.25380710659898476,0.147239263803681,0.22105263157894736,0.2764976958525346,0.16455696202531644,0.13253012048192772,0.22325581395348837,0.16216216216216217,0.1762114537444934,0.18421052631578946,0.16346153846153846,0.23255813953488372,0.20320855614973263,0.14414414414414414,0.18888888888888888,0.16842105263157894,0.20809248554913296,0.22,0.14772727272727273,0.22641509433962265,0.2541436464088398,0.1317365269461078,0.08108108108108109,0.15813953488372093,0.1619047619047619,0.2617801047120419,0.2062780269058296,0.22580645161290322,0.20304568527918782,0.2222222222222222,0.2328042328042328,0.12903225806451613,0.20689655172413793,0.171875,0.15469613259668508,0.175,0.18421052631578946,0.2087912087912088,0.24,0.2485207100591716,0.17857142857142858,0.20535714285714285,0.19130434782608696,0.1792452830188679,0.22085889570552147,0.16666666666666666
9907093,0.1444866920152091,0.1784037558685446,0.09278350515463918,0.08695652173913043,0.17560975609756097,0.20535714285714285,0.1744186046511628,0.1711229946524064,0.25757575757575757,0.22580645161290322,0.15,0.12935323383084577,0.1301775147928994,0.18072289156626506,0.15384615384615385,0.19767441860465115,0.13986013986013987,0.22459893048128343,0.1286549707602339,0.0748663101604278,0.21256038647342995,0.21359223300970873,0.21052631578947367,0.2916666666666667,0.23107569721115537,0.15966386554621848,0.20307692307692307,0.3247232472324723,0.2222222222222222,0.28169014084507044,0.25120772946859904,0.2490842490842491,0.20689655172413793,0.17857142857142858,0.19658119658119658,0.1978021978021978,0.215962441314554,0.24413145539906103,0.09424083769633508,0.0711743772241993,0.2,0.13821138211382114,0.1810344827586207,0.19811320754716982,0.053691275167785234,0.19289340101522842,0.22429906542056074,0.21722846441947566,0.26455026455026454,0.20540540540540542,0.2,0.21100917431192662,0.24778761061946902,0.2764227642276423,0.2127659574468085,0.2311111111111111,0.16853932584269662,0.3876651982378855,0.08839779005524862,0.18681318681318682,0.18823529411764706,0.21495327102803738,0.2222222222222222,0.19455252918287938,0.16,0.2459016393442623,0.19875776397515527,0.20689655172413793,0.08264462809917356,0.29508196721311475,0.2183406113537118,0.18666666666666668,0.18333333333333332,0.22707423580786026,0.2661596958174905,0.14022140221402213,0.19020172910662825,0.2794759825327511,0.19,0.2510822510822511,0.1319796954314721,0.17391304347826086,0.27692307692307694,0.27835051546391754,0.15053763440860216,0.24161073825503357,0.21649484536082475,0.23404255319148937,0.22406639004149378,0.16267942583732056,0.21800947867298578,0.1935483870967742,0.20253164556962025,0.1937984496124031,0.35454545454545455,0.16853932584269662,1.0,0.21929824561403508,0.20833333333333334,0.33088235294117646,0.1981981981981982,0.2702702702702703,0.27411167512690354,0.2894736842105263,0.18333333333333332,0.33976833976833976,0.21495327102803738,0.216,0.2595419847328244,0.25984251968503935,0.29508196721311475,0.2242152466367713,0.23275862068965517,0.18433179723502305,0.2157676348547718,0.2248995983935743,0.25170068027210885,0.23684210526315788,0.22545454545454546,0.19444444444444445,0.22119815668202766,0.35714285714285715,0.14746543778801843,0.16733067729083664,0.20209059233449478,0.2028985507246377,0.23636363636363636,0.2619047619047619,0.19047619047619047,0.35833333333333334,0.18181818181818182,0.21132075471698114,0.20689655172413793,0.24271844660194175,0.22641509433962265,0.22727272727272727,0.22321428571428573,0.23963133640552994,0.21100917431192662,0.1926605504587156,0.19047619047619047,0.26778242677824265,0.21551724137931033,0.22594142259414227,0.21052631578947367,0.2540983606557377,0.33476394849785407,0.22123893805309736,0.22580645161290322,0.23904382470119523,0.21052631578947367,0.2616033755274262,0.2517985611510791,0.18994413407821228,0.2230769230769231,0.2743682310469314,0.2906574394463668,0.1951219512195122,0.2231404958677686,0.2625482625482625,0.14655172413793102,0.23846153846153847,0.17872340425531916,0.3035019455252918,0.23826714801444043,0.25833333333333336,0.16744186046511628,0.19591836734693877,0.19574468085106383,0.24528301886792453,0.23622047244094488,0.2723735408560311,0.2518518518518518,0.30714285714285716,0.13654618473895583,0.1589958158995816,0.2554347826086957,0.2672413793103448,0.20077220077220076,0.2122905027932961,0.17307692307692307,0.17120622568093385,0.2878787878787879,0.31226765799256506,0.3037037037037037,0.256,0.25333333333333335,0.8034934497816594,0.22727272727272727,0.18018018018018017,0.19827586206896552,0.21395348837209302,0.19834710743801653,0.22018348623853212,0.1691542288557214,0.19730941704035873,0.1722488038277512,0.1893939393939394,0.28793774319066145,0.29365079365079366,0.18025751072961374,0.2037735849056604,0.15789473684210525,0.28451882845188287,0.26666666666666666,0.19913419913419914,0.277992277992278,0.21224489795918366,0.24161073825503357,0.23318385650224216,0.23404255319148937,0.24444444444444444,0.25892857142857145,0.1437125748502994,0.2559241706161137,0.19548872180451127,0.22556390977443608,0.2647058823529412,0.25196850393700787,0.2731707317073171,0.1827956989247312
9910224,0.2066420664206642,0.2171945701357466,0.0891089108910891,0.0821917808219178,0.22535211267605634,0.2413793103448276,0.23333333333333334,0.1641025641025641,0.27205882352941174,0.12371134020618557,0.14285714285714285,0.12440191387559808,0.1016949152542373,0.10344827586206896,0.16417910447761194,0.16477272727272727,0.1292517006802721,0.12307692307692308,0.1005586592178771,0.09230769230769231,0.17674418604651163,0.18691588785046728,0.1864406779661017,0.21774193548387097,0.18532818532818532,0.21951219512195122,0.16216216216216217,0.2222222222222222,0.23107569721115537,0.2081447963800905,0.22325581395348837,0.21352313167259787,0.225,0.2708333333333333,0.2396694214876033,0.14736842105263157,0.19004524886877827,0.2081447963800905,0.06030150753768844,0.06920415224913495,0.21100917431192662,0.10236220472440945,0.125,0.20909090909090908,0.08917197452229299,0.15609756097560976,0.26126126126126126,0.28363636363636363,0.27411167512690354,0.15544041450777202,0.20202020202020202,0.19469026548672566,0.21367521367521367,0.2125984251968504,0.2857142857142857,0.1888412017167382,0.11827956989247312,0.20425531914893616,0.06486486486486487,0.21052631578947367,0.15517241379310345,0.26126126126126126,0.19642857142857142,0.1660377358490566,0.1630901287553648,0.21428571428571427,0.11834319526627218,0.30833333333333335,0.10975609756097561,0.20634920634920634,0.21940928270042195,0.1888412017167382,0.1935483870967742,0.25316455696202533,0.24354243542435425,0.15053763440860216,0.14647887323943662,0.1518987341772152,0.25,0.18410041841004185,0.1044776119402985,0.17674418604651163,0.24630541871921183,0.22772277227722773,0.09278350515463918,0.24836601307189543,0.2376237623762376,0.22448979591836735,0.21686746987951808,0.17511520737327188,0.273972602739726,0.17777777777777778,0.22857142857142856,0.2781954887218045,0.2543859649122807,0.21505376344086022,0.21929824561403508,1.0,0.25806451612903225,0.25,0.21739130434782608,0.1797752808988764,0.28292682926829266,0.3050847457627119,0.25806451612903225,0.2846441947565543,0.32432432432432434,0.21705426356589147,0.25925925925925924,0.20610687022900764,0.21428571428571427,0.2597402597402597,0.30833333333333335,0.18666666666666668,0.24899598393574296,0.21011673151750973,0.23178807947019867,0.3389830508474576,0.1696113074204947,0.24107142857142858,0.20444444444444446,0.19230769230769232,0.11555555555555555,0.2084942084942085,0.18305084745762712,0.15813953488372093,0.2631578947368421,0.2076923076923077,0.23846153846153847,0.20161290322580644,0.15668202764976957,0.19047619047619047,0.21666666666666667,0.2336448598130841,0.21978021978021978,0.2426470588235294,0.2672413793103448,0.2577777777777778,0.21238938053097345,0.2743362831858407,0.21100917431192662,0.26720647773279355,0.2,0.26720647773279355,0.25882352941176473,0.2698412698412698,0.15767634854771784,0.27350427350427353,0.2421875,0.20077220077220076,0.2980392156862745,0.20408163265306123,0.2517482517482518,0.1497326203208556,0.2537313432835821,0.2807017543859649,0.24242424242424243,0.24413145539906103,0.224,0.29213483146067415,0.16666666666666666,0.2835820895522388,0.12345679012345678,0.21132075471698114,0.21754385964912282,0.1774193548387097,0.23318385650224216,0.22134387351778656,0.14814814814814814,0.3,0.22137404580152673,0.2037735849056604,0.2446043165467626,0.2361111111111111,0.14007782101167315,0.19433198380566802,0.19680851063829788,0.24166666666666667,0.24719101123595505,0.23497267759562843,0.16666666666666666,0.37735849056603776,0.27941176470588236,0.23826714801444043,0.2589928057553957,0.2248062015503876,0.21428571428571427,0.21940928270042195,0.18382352941176472,0.21739130434782608,0.20833333333333334,0.2600896860986547,0.312,0.2831858407079646,0.22966507177033493,0.21645021645021645,0.09216589861751152,0.1323529411764706,0.2339622641509434,0.25384615384615383,0.2572614107883817,0.27106227106227104,0.23728813559322035,0.26720647773279355,0.22580645161290322,0.2928870292887029,0.14232209737827714,0.20553359683794467,0.2222222222222222,0.17316017316017315,0.22758620689655173,0.22302158273381295,0.20689655172413793,0.12571428571428572,0.2100456621004566,0.18248175182481752,0.19708029197080293,0.14285714285714285,0.2900763358778626,0.3192488262910798,0.13402061855670103
9911830,0.26148409893992935,0.1888412017167382,0.07476635514018691,0.06329113924050633,0.4,0.21311475409836064,0.1875,0.15458937198067632,0.24647887323943662,0.13592233009708737,0.12222222222222222,0.13574660633484162,0.08465608465608465,0.0967741935483871,0.19285714285714287,0.15934065934065933,0.21568627450980393,0.12560386473429952,0.08376963350785341,0.0966183574879227,0.14977973568281938,0.21238938053097345,0.20161290322580644,0.3230769230769231,0.18450184501845018,0.17829457364341086,0.16231884057971013,0.281786941580756,0.23574144486692014,0.18025751072961374,0.24669603524229075,0.18430034129692832,0.29365079365079366,0.26,0.33070866141732286,0.1188118811881188,0.17167381974248927,0.19742489270386265,0.08530805687203792,0.09302325581395349,0.13043478260869565,0.09774436090225563,0.1349206349206349,0.1724137931034483,0.11834319526627218,0.25806451612903225,0.24786324786324787,0.2787456445993031,0.22009569377990432,0.13658536585365855,0.14285714285714285,0.18487394957983194,0.2032520325203252,0.24060150375939848,0.25,0.3346938775510204,0.1717171717171717,0.1862348178137652,0.08900523560209424,0.2079207920792079,0.2,0.2564102564102564,0.19491525423728814,0.34657039711191334,0.18775510204081633,0.19696969696969696,0.11049723756906077,0.21428571428571427,0.1111111111111111,0.22727272727272727,0.20883534136546184,0.17142857142857143,0.3153846153846154,0.23293172690763053,0.22614840989399293,0.17869415807560138,0.1907356948228883,0.15261044176706828,0.22727272727272727,0.15139442231075698,0.12560386473429952,0.24669603524229075,0.18604651162790697,0.205607476635514,0.08737864077669903,0.2578616352201258,0.2616822429906542,0.20192307692307693,0.3524904214559387,0.2096069868995633,0.21645021645021645,0.18565400843881857,0.2723735408560311,0.31654676258992803,0.20833333333333334,0.1919191919191919,0.20833333333333334,0.25806451612903225,1.0,0.3082191780821918,0.19008264462809918,0.22939068100358423,0.22119815668202766,0.28225806451612906,0.25384615384615383,0.23655913978494625,0.2564102564102564,0.21481481481481482,0.23404255319148937,0.19708029197080293,0.19696969696969696,0.19753086419753085,0.2777777777777778,0.270042194092827,0.22988505747126436,0.3048327137546468,0.17834394904458598,0.3387096774193548,0.21694915254237288,0.211864406779661,0.23628691983122363,0.22794117647058823,0.10970464135021098,0.22140221402214022,0.18892508143322476,0.18502202643171806,0.225,0.19852941176470587,0.21323529411764705,0.19230769230769232,0.19213973799126638,0.22456140350877193,0.23809523809523808,0.26548672566371684,0.2596491228070175,0.2112676056338028,0.28688524590163933,0.1940928270042194,0.18487394957983194,0.31932773109243695,0.3130434782608696,0.2084942084942085,0.20634920634920634,0.3474903474903475,0.299625468164794,0.20454545454545456,0.12648221343873517,0.24390243902439024,0.2835820895522388,0.25092250922509224,0.21722846441947566,0.19455252918287938,0.3087248322147651,0.1407035175879397,0.22857142857142856,0.26262626262626265,0.26537216828478966,0.21333333333333335,0.16793893129770993,0.22939068100358423,0.14285714285714285,0.2642857142857143,0.13333333333333333,0.16606498194945848,0.24915824915824916,0.17692307692307693,0.23829787234042554,0.3169811320754717,0.16470588235294117,0.27586206896551724,0.2116788321167883,0.18772563176895307,0.22758620689655173,0.31333333333333335,0.16356877323420074,0.2084942084942085,0.17525773195876287,0.21428571428571427,0.5663082437275986,0.25925925925925924,0.12280701754385964,0.2815884476534296,0.2676056338028169,0.20069204152249134,0.2206896551724138,0.21481481481481482,0.4,0.2248995983935743,0.22535211267605634,0.2231404958677686,0.20634920634920634,0.2297872340425532,0.24427480916030533,0.37815126050420167,0.25339366515837103,0.2139917695473251,0.10480349344978165,0.19718309859154928,0.23826714801444043,0.2647058823529412,0.22134387351778656,0.2596491228070175,0.22580645161290322,0.20077220077220076,0.2230769230769231,0.2868525896414343,0.1863799283154122,0.1811320754716981,0.20754716981132076,0.15637860082304528,0.25165562913907286,0.2896551724137931,0.19672131147540983,0.1711229946524064,0.19047619047619047,0.20279720279720279,0.2097902097902098,0.14383561643835616,0.25547445255474455,0.2311111111111111,0.13592233009708737
9914412,0.21587301587301588,0.21132075471698114,0.0975609756097561,0.05263157894736842,0.41245136186770426,0.30434782608695654,0.16071428571428573,0.13389121338912133,0.35443037974683544,0.226890756302521,0.11320754716981132,0.12648221343873517,0.09049773755656108,0.1651376146788991,0.1858974358974359,0.2474747474747475,0.15976331360946747,0.1589958158995816,0.08968609865470852,0.100418410041841,0.2471042471042471,0.1937984496124031,0.19285714285714287,0.6643835616438356,0.21782178217821782,0.20689655172413793,0.21750663129973474,0.42105263157894735,0.2305084745762712,0.2339622641509434,0.22393822393822393,0.27076923076923076,0.4295774647887324,0.3614457831325301,0.2937062937062937,0.1452991452991453,0.25660377358490566,0.2339622641509434,0.07407407407407407,0.09009009009009009,0.20610687022900764,0.09395973154362416,0.176056338028169,0.24242424242424243,0.08955223880597014,0.20883534136546184,0.2556390977443609,0.28213166144200624,0.2157676348547718,0.1518987341772152,0.15702479338842976,0.3037037037037037,0.2733812949640288,0.2751677852348993,0.175,0.2527075812274368,0.1565217391304348,0.3154121863799283,0.09178743961352658,0.17094017094017094,0.22448979591836735,0.3233082706766917,0.1791044776119403,0.42071197411003236,0.16606498194945848,0.21621621621621623,0.1596244131455399,0.22535211267605634,0.1044776119402985,0.2702702702702703,0.2491103202846975,0.23104693140794225,0.2671232876712329,0.2775800711743772,0.2984126984126984,0.14860681114551083,0.22055137844611528,0.26334519572953735,0.1746031746031746,0.28975265017667845,0.13452914798206278,0.21621621621621623,0.242914979757085,0.3170731707317073,0.09243697478991597,0.29714285714285715,0.2601626016260163,0.19166666666666668,0.2935153583617747,0.20689655172413793,0.19011406844106463,0.16356877323420074,0.33217993079584773,0.3741935483870968,0.29411764705882354,0.17391304347826086,0.33088235294117646,0.25,0.3082191780821918,1.0,0.1897810218978102,0.34726688102893893,0.23293172690763053,0.37857142857142856,0.2054794520547945,0.36012861736334406,0.21052631578947367,0.2980132450331126,0.3503184713375796,0.29411764705882354,0.30405405405405406,0.23272727272727273,0.24647887323943662,0.2379182156133829,0.2593856655290102,0.3920265780730897,0.2832369942196532,0.30714285714285716,0.3241590214067278,0.208955223880597,0.20817843866171004,0.26973684210526316,0.1412639405204461,0.1782178217821782,0.20058997050147492,0.20077220077220076,0.25,0.28289473684210525,0.23684210526315788,0.3287671232876712,0.1839080459770115,0.24605678233438485,0.2112676056338028,0.23255813953488372,0.2586750788643533,0.2911392405063291,0.2753623188405797,0.24535315985130113,0.31851851851851853,0.2814814814814815,0.2366412213740458,0.29553264604810997,0.19718309859154928,0.281786941580756,0.24749163879598662,0.28378378378378377,0.23859649122807017,0.28776978417266186,0.3333333333333333,0.22442244224422442,0.22742474916387959,0.2698961937716263,0.32727272727272727,0.15584415584415584,0.26282051282051283,0.2796352583586626,0.4281524926686217,0.2490272373540856,0.25170068027210885,0.34726688102893893,0.1619718309859155,0.30128205128205127,0.18118466898954705,0.2588996763754045,0.2857142857142857,0.2465753424657534,0.1947565543071161,0.46464646464646464,0.1672473867595819,0.29545454545454547,0.2549019607843137,0.3042071197411003,0.3105590062111801,0.39156626506024095,0.15946843853820597,0.2268041237113402,0.3238095238095238,0.29577464788732394,0.37942122186495175,0.28780487804878047,0.17692307692307693,0.2588996763754045,0.3037974683544304,0.3115264797507788,0.2670807453416149,0.271523178807947,0.5795454545454546,0.30604982206405695,0.25316455696202533,0.21897810218978103,0.22535211267605634,0.2247191011235955,0.19727891156462585,0.32592592592592595,0.22134387351778656,0.20363636363636364,0.14559386973180077,0.379746835443038,0.2783171521035599,0.2894736842105263,0.21754385964912282,0.2902208201892745,0.17857142857142858,0.29553264604810997,0.3219178082191781,0.24734982332155478,0.2315112540192926,0.24915824915824916,0.2857142857142857,0.21818181818181817,0.31137724550898205,0.33540372670807456,0.2898550724637681,0.136986301369863,0.2661596958174905,0.24528301886792453,0.2830188679245283,0.24074074074074073,0.30718954248366015,0.26459143968871596,0.19327731092436976
9931953,0.15849056603773584,0.23255813953488372,0.1326530612244898,0.17142857142857143,0.18357487922705315,0.21238938053097345,0.21839080459770116,0.21164021164021163,0.21804511278195488,0.13829787234042554,0.09876543209876543,0.12807881773399016,0.1286549707602339,0.11904761904761904,0.1984732824427481,0.15028901734104047,0.1597222222222222,0.12698412698412698,0.12716763005780346,0.13756613756613756,0.15311004784688995,0.22115384615384615,0.23478260869565218,0.2066115702479339,0.25296442687747034,0.19166666666666668,0.1529051987767584,0.18315018315018314,0.21224489795918366,0.18604651162790697,0.2583732057416268,0.2109090909090909,0.17094017094017094,0.23404255319148937,0.211864406779661,0.21739130434782608,0.15813953488372093,0.16744186046511628,0.08290155440414508,0.07773851590106007,0.16981132075471697,0.10483870967741936,0.11965811965811966,0.18691588785046728,0.06622516556291391,0.1708542713567839,0.2037037037037037,0.19330855018587362,0.19895287958115182,0.1925133689839572,0.2708333333333333,0.14545454545454545,0.19298245614035087,0.18548387096774194,0.23157894736842105,0.2026431718061674,0.2111111111111111,0.2183406113537118,0.08241758241758242,0.20652173913043478,0.17543859649122806,0.2037037037037037,0.25688073394495414,0.16216216216216217,0.2643171806167401,0.18699186991869918,0.11042944785276074,0.23931623931623933,0.09053497942386832,0.2032520325203252,0.13852813852813853,0.22026431718061673,0.2066115702479339,0.2077922077922078,0.19622641509433963,0.17582417582417584,0.17765042979942694,0.17316017316017315,0.19801980198019803,0.1459227467811159,0.11616161616161616,0.22966507177033493,0.18274111675126903,0.1836734693877551,0.10638297872340426,0.2,0.19387755102040816,0.16842105263157894,0.18930041152263374,0.22748815165876776,0.24413145539906103,0.2100456621004566,0.18410041841004185,0.19230769230769232,0.1981981981981982,0.26666666666666666,0.1981981981981982,0.21739130434782608,0.19008264462809918,0.1897810218978102,1.0,0.1839080459770115,0.21105527638190955,0.21739130434782608,0.21487603305785125,0.19157088122605365,0.23148148148148148,0.21428571428571427,0.2196969696969697,0.171875,0.2845528455284553,0.1688888888888889,0.21367521367521367,0.2191780821917808,0.23045267489711935,0.20717131474103587,0.24324324324324326,0.20869565217391303,0.17328519855595667,0.23853211009174313,0.3013698630136986,0.2283464566929134,0.1735159817351598,0.25296442687747034,0.22145328719723184,0.23923444976076555,0.1981981981981982,0.2047244094488189,0.25196850393700787,0.2066115702479339,0.18009478672985782,0.1647940074906367,0.27350427350427353,0.22115384615384615,0.2247191011235955,0.21052631578947367,0.2831858407079646,0.182648401826484,0.18181818181818182,0.21818181818181817,0.1792452830188679,0.23236514522821577,0.21367521367521367,0.1908713692946058,0.24899598393574296,0.21138211382113822,0.1276595744680851,0.23684210526315788,0.208,0.2450592885375494,0.23293172690763053,0.17573221757322174,0.17857142857142858,0.19889502762430938,0.1984732824427481,0.17921146953405018,0.18556701030927836,0.2318840579710145,0.18032786885245902,0.19157088122605365,0.1282051282051282,0.1984732824427481,0.11814345991561181,0.19305019305019305,0.22939068100358423,0.2396694214876033,0.22119815668202766,0.17813765182186234,0.18565400843881857,0.22429906542056074,0.1953125,0.20077220077220076,0.19852941176470587,0.2127659574468085,0.1752988047808765,0.1908713692946058,0.17297297297297298,0.23931623931623933,0.22988505747126436,0.17777777777777778,0.14285714285714285,0.23938223938223938,0.21804511278195488,0.2066420664206642,0.20588235294117646,0.1984126984126984,0.2052980132450331,0.21645021645021645,0.20300751879699247,0.24107142857142858,0.1794871794871795,0.2119815668202765,0.21311475409836064,0.16363636363636364,0.23645320197044334,0.29333333333333333,0.11374407582938388,0.11278195488721804,0.22393822393822393,0.2125984251968504,0.20425531914893616,0.2397003745318352,0.2,0.24066390041493776,0.24793388429752067,0.2317596566523605,0.21455938697318008,0.1862348178137652,0.20666666666666667,0.19555555555555557,0.20422535211267606,0.21323529411764705,0.26548672566371684,0.15384615384615385,0.22535211267605634,0.17164179104477612,0.2537313432835821,0.145985401459854,0.21875,0.2318840579710145,0.13829787234042554
9938202,0.17880794701986755,0.20634920634920634,0.15450643776824036,0.07909604519774012,0.1721311475409836,0.1596958174904943,0.14218009478672985,0.13274336283185842,0.22442244224422442,0.1688888888888889,0.09045226130653267,0.1,0.10576923076923077,0.0975609756097561,0.14046822742474915,0.12010443864229765,0.13538461538461538,0.1592920353982301,0.12380952380952381,0.08849557522123894,0.14634146341463414,0.16326530612244897,0.1947565543071161,0.3727598566308244,0.1724137931034483,0.15162454873646208,0.12637362637362637,0.3096774193548387,0.19148936170212766,0.15079365079365079,0.17886178861788618,0.21794871794871795,0.23616236162361623,0.21316614420062696,0.24175824175824176,0.15384615384615385,0.1111111111111111,0.1349206349206349,0.05217391304347826,0.1125,0.1927710843373494,0.09824561403508772,0.1033210332103321,0.15139442231075698,0.031914893617021274,0.16101694915254236,0.20553359683794467,0.22875816993464052,0.15789473684210525,0.15178571428571427,0.26200873362445415,0.1556420233463035,0.17358490566037735,0.19649122807017544,0.15859030837004406,0.18181818181818182,0.14746543778801843,0.2781954887218045,0.0798004987531172,0.19004524886877827,0.158311345646438,0.22924901185770752,0.18823529411764706,0.25,0.15151515151515152,0.17667844522968199,0.08,0.17712177121771217,0.08795411089866156,0.1978798586572438,0.1417910447761194,0.16666666666666666,0.2078853046594982,0.19402985074626866,0.2052980132450331,0.11612903225806452,0.16062176165803108,0.208955223880597,0.13389121338912133,0.2074074074074074,0.12933025404157045,0.18699186991869918,0.1282051282051282,0.12017167381974249,0.10666666666666667,0.18397626112759644,0.18025751072961374,0.16740088105726872,0.25,0.18548387096774194,0.176,0.15625,0.2463768115942029,0.18855218855218855,0.29343629343629346,0.14746543778801843,0.2702702702702703,0.1797752808988764,0.22939068100358423,0.34726688102893893,0.1839080459770115,1.0,0.2033898305084746,0.18726591760299627,0.15770609318996415,0.26174496644295303,0.18972332015810275,0.22837370242214533,0.21262458471760798,0.21160409556313994,0.303886925795053,0.17557251908396945,0.2066420664206642,0.1953125,0.18571428571428572,0.22916666666666666,0.21021021021021022,0.1947565543071161,0.2484076433121019,0.1803921568627451,0.171875,0.2542955326460481,0.15625,0.15862068965517243,0.17791411042944785,0.16260162601626016,0.2084942084942085,0.21305841924398625,0.18556701030927836,0.2724014336917563,0.13709677419354838,0.18421052631578946,0.25092250922509224,0.17142857142857143,0.18421052631578946,0.13861386138613863,0.1596958174904943,0.1640625,0.16342412451361868,0.19455252918287938,0.17670682730923695,0.17985611510791366,0.1918819188191882,0.19424460431654678,0.16783216783216784,0.17667844522968199,0.23529411764705882,0.17358490566037735,0.1951219512195122,0.1724137931034483,0.23076923076923078,0.2028985507246377,0.20189274447949526,0.12844036697247707,0.1939799331103679,0.189873417721519,0.29878048780487804,0.19672131147540983,0.18505338078291814,0.2348993288590604,0.16236162361623616,0.23411371237458195,0.12408759124087591,0.25675675675675674,0.21518987341772153,0.2222222222222222,0.18110236220472442,0.3028169014084507,0.2116788321167883,0.18326693227091634,0.19112627986348124,0.1891891891891892,0.27184466019417475,0.2946708463949843,0.13194444444444445,0.2014388489208633,0.26044226044226043,0.1992619926199262,0.22818791946308725,0.181360201511335,0.15384615384615385,0.20270270270270271,0.20462046204620463,0.2597402597402597,0.20064724919093851,0.2491349480968858,0.35398230088495575,0.26865671641791045,0.21122112211221122,0.19157088122605365,0.16974169741697417,0.2047244094488189,0.18505338078291814,0.20233463035019456,0.16666666666666666,0.1984732824427481,0.10483870967741936,0.20462046204620463,0.22297297297297297,0.21305841924398625,0.22794117647058823,0.18421052631578946,0.149812734082397,0.20863309352517986,0.15770609318996415,0.17777777777777778,0.24161073825503357,0.16901408450704225,0.2433234421364985,0.31297709923664124,0.27414330218068533,0.3042071197411003,0.20532319391634982,0.0970873786407767,0.184,0.18360655737704917,0.1901639344262295,0.14790996784565916,0.16382252559726962,0.1885245901639344,0.17777777777777778
9943465,0.13333333333333333,0.17894736842105263,0.10526315789473684,0.12173913043478261,0.17582417582417584,0.24875621890547264,0.20134228187919462,0.1951219512195122,0.22406639004149378,0.17177914110429449,0.16058394160583941,0.12359550561797752,0.1232876712328767,0.18181818181818182,0.1350210970464135,0.1557632398753894,0.10646387832699619,0.15853658536585366,0.12162162162162163,0.08536585365853659,0.21739130434782608,0.18579234972677597,0.1951219512195122,0.18433179723502305,0.30701754385964913,0.17674418604651163,0.15894039735099338,0.23387096774193547,0.2545454545454545,0.23157894736842105,0.44565217391304346,0.368,0.20095693779904306,0.1867704280155642,0.21800947867298578,0.2138364779874214,0.21052631578947367,0.23157894736842105,0.05952380952380952,0.05426356589147287,0.21390374331550802,0.08968609865470852,0.15311004784688995,0.2751322751322751,0.031746031746031744,0.16091954022988506,0.2198952879581152,0.22131147540983606,0.24096385542168675,0.2345679012345679,0.20359281437125748,0.2153846153846154,0.21674876847290642,0.17937219730941703,0.20606060606060606,0.16831683168316833,0.16774193548387098,0.2549019607843137,0.05309734513274336,0.2893081761006289,0.1829652996845426,0.2198952879581152,0.18652849740932642,0.15384615384615385,0.2376237623762376,0.19004524886877827,0.18840579710144928,0.27751196172248804,0.0650759219088937,0.19909502262443438,0.2621359223300971,0.25742574257425743,0.1935483870967742,0.3106796116504854,0.24166666666666667,0.1532258064516129,0.17901234567901234,0.22330097087378642,0.15819209039548024,0.23076923076923078,0.09164420485175202,0.17391304347826086,0.2441860465116279,0.24561403508771928,0.08588957055214724,0.23272727272727273,0.26900584795321636,0.20606060606060606,0.24770642201834864,0.17204301075268819,0.22340425531914893,0.15463917525773196,0.27102803738317754,0.20425531914893616,0.27411167512690354,0.18064516129032257,0.27411167512690354,0.28292682926829266,0.22119815668202766,0.23293172690763053,0.21105527638190955,0.2033898305084746,1.0,0.28292682926829266,0.2119815668202765,0.2457627118644068,0.2617801047120419,0.24669603524229075,0.2175732217573222,0.19913419913419914,0.19004524886877827,0.26,0.24880382775119617,0.2268041237113402,0.25688073394495414,0.18584070796460178,0.24354243542435425,0.2634146341463415,0.15079365079365079,0.22797927461139897,0.28865979381443296,0.22707423580786026,0.15463917525773196,0.16666666666666666,0.22727272727272727,0.16304347826086957,0.27411167512690354,0.2445414847161572,0.19213973799126638,0.2672811059907834,0.16129032258064516,0.1652892561983471,0.22009569377990432,0.273224043715847,0.19834710743801653,0.2074688796680498,0.22885572139303484,0.30927835051546393,0.27692307692307694,0.2153846153846154,0.1711229946524064,0.2777777777777778,0.20095693779904306,0.25,0.22321428571428573,0.26244343891402716,0.2,0.2660098522167488,0.24888888888888888,0.20175438596491227,0.25892857142857145,0.19626168224299065,0.20392156862745098,0.1794871794871795,0.2616033755274262,0.2204724409448819,0.19548872180451127,0.21978021978021978,0.2191780821917808,0.2033898305084746,0.1339712918660287,0.23628691983122363,0.1509433962264151,0.1794871794871795,0.1732283464566929,0.2672811059907834,0.20833333333333334,0.1981981981981982,0.16037735849056603,0.2857142857142857,0.22510822510822512,0.23076923076923078,0.21862348178137653,0.1867704280155642,0.12389380530973451,0.1388888888888889,0.15072463768115943,0.2679425837320574,0.2033898305084746,0.17313432835820897,0.1837837837837838,0.20512820512820512,0.23236514522821577,0.17886178861788618,0.26720647773279355,0.16740088105726872,0.18050541516245489,0.2524271844660194,0.1825726141078838,0.1507537688442211,0.19138755980861244,0.3020833333333333,0.2374429223744292,0.2564102564102564,0.23595505617977527,0.26,0.0967741935483871,0.0995850622406639,0.24786324786324787,0.25327510917030566,0.19047619047619047,0.2396694214876033,0.17560975609756097,0.2777777777777778,0.2857142857142857,0.20192307692307693,0.1694915254237288,0.1891891891891892,0.2109090909090909,0.18,0.2084942084942085,0.21052631578947367,0.30845771144278605,0.1388888888888889,0.32978723404255317,0.1728395061728395,0.2222222222222222,0.17670682730923695,0.2510822510822511,0.3076923076923077,0.19631901840490798
9952773,0.2140221402214022,0.22624434389140272,0.09900990099009901,0.0684931506849315,0.19718309859154928,0.33620689655172414,0.24444444444444444,0.17435897435897435,0.35294117647058826,0.21649484536082475,0.13095238095238096,0.12440191387559808,0.1016949152542373,0.19540229885057472,0.15671641791044777,0.2556818181818182,0.11564625850340136,0.11282051282051282,0.1005586592178771,0.09230769230769231,0.29767441860465116,0.2336448598130841,0.211864406779661,0.1935483870967742,0.22393822393822393,0.23577235772357724,0.22822822822822822,0.2867383512544803,0.2788844621513944,0.26244343891402716,0.25116279069767444,0.26334519572953735,0.225,0.2569444444444444,0.2892561983471074,0.14736842105263157,0.3167420814479638,0.28054298642533937,0.08040201005025126,0.07612456747404844,0.23853211009174313,0.10236220472440945,0.18333333333333332,0.2818181818181818,0.08917197452229299,0.15609756097560976,0.3333333333333333,0.33454545454545453,0.3553299492385787,0.17616580310880828,0.1919191919191919,0.336283185840708,0.2905982905982906,0.2755905511811024,0.22448979591836735,0.19742489270386265,0.15053763440860216,0.26382978723404255,0.06486486486486487,0.21052631578947367,0.1896551724137931,0.3333333333333333,0.21428571428571427,0.15849056603773584,0.20600858369098712,0.20634920634920634,0.20118343195266272,0.26666666666666666,0.10569105691056911,0.24603174603174602,0.31223628691983124,0.24034334763948498,0.23387096774193547,0.33755274261603374,0.3247232472324723,0.15053763440860216,0.17464788732394365,0.21940928270042195,0.2692307692307692,0.27615062761506276,0.09950248756218906,0.21395348837209302,0.2955665024630542,0.33663366336633666,0.08247422680412371,0.2679738562091503,0.31683168316831684,0.24489795918367346,0.27309236947791166,0.2119815668202765,0.273972602739726,0.1511111111111111,0.32653061224489793,0.2706766917293233,0.2543859649122807,0.24731182795698925,0.2894736842105263,0.3050847457627119,0.28225806451612906,0.37857142857142856,0.21739130434782608,0.18726591760299627,0.28292682926829266,1.0,0.25,0.3146067415730337,0.3063063063063063,0.3023255813953488,0.34814814814814815,0.25190839694656486,0.2222222222222222,0.30303030303030304,0.2833333333333333,0.2311111111111111,0.2891566265060241,0.22568093385214008,0.2980132450331126,0.2966101694915254,0.1625441696113074,0.26785714285714285,0.24,0.2153846153846154,0.11555555555555555,0.20077220077220076,0.18983050847457628,0.24186046511627907,0.2631578947368421,0.23846153846153847,0.24615384615384617,0.28225806451612906,0.18433179723502305,0.20512820512820512,0.25,0.2523364485981308,0.2271062271062271,0.3014705882352941,0.31896551724137934,0.3111111111111111,0.2743362831858407,0.25663716814159293,0.24770642201834864,0.32388663967611336,0.19166666666666668,0.2591093117408907,0.3137254901960784,0.3492063492063492,0.15767634854771784,0.3076923076923077,0.328125,0.23938223938223938,0.23529411764705882,0.22857142857142856,0.2867132867132867,0.18181818181818182,0.291044776119403,0.23157894736842105,0.2962962962962963,0.2535211267605634,0.2,0.2546816479400749,0.14166666666666666,0.35074626865671643,0.18930041152263374,0.19622641509433963,0.26666666666666666,0.22580645161290322,0.2242152466367713,0.22924901185770752,0.1646090534979424,0.33636363636363636,0.22900763358778625,0.3018867924528302,0.302158273381295,0.2708333333333333,0.1556420233463035,0.20242914979757085,0.23404255319148937,0.3333333333333333,0.2846441947565543,0.28415300546448086,0.14814814814814814,0.28679245283018867,0.2647058823529412,0.23826714801444043,0.2805755395683453,0.1937984496124031,0.24025974025974026,0.270042194092827,0.19117647058823528,0.17391304347826086,0.2,0.27802690582959644,0.304,0.24778761061946902,0.22966507177033493,0.22510822510822512,0.11059907834101383,0.125,0.2641509433962264,0.25384615384615383,0.23236514522821577,0.3443223443223443,0.23728813559322035,0.3319838056680162,0.3870967741935484,0.27615062761506276,0.17228464419475656,0.2134387351778656,0.27450980392156865,0.19047619047619047,0.2689655172413793,0.302158273381295,0.27586206896551724,0.17142857142857143,0.3013698630136986,0.19708029197080293,0.29927007299270075,0.20714285714285716,0.33587786259541985,0.24413145539906103,0.1958762886597938
9956119,0.22614840989399293,0.20600858369098712,0.08411214953271028,0.0759493670886076,0.18666666666666668,0.1885245901639344,0.23958333333333334,0.13526570048309178,0.2323943661971831,0.11650485436893204,0.1,0.09049773755656108,0.08465608465608465,0.10752688172043011,0.12857142857142856,0.11538461538461539,0.09803921568627451,0.0966183574879227,0.08376963350785341,0.057971014492753624,0.14096916299559473,0.168141592920354,0.18548387096774194,0.2153846153846154,0.18450184501845018,0.20930232558139536,0.11594202898550725,0.19243986254295534,0.2585551330798479,0.2145922746781116,0.36123348017621143,0.19795221843003413,0.21428571428571427,0.24,0.2204724409448819,0.12871287128712872,0.15450643776824036,0.18025751072961374,0.037914691943127965,0.046511627906976744,0.1391304347826087,0.06766917293233082,0.10317460317460317,0.1724137931034483,0.03550295857988166,0.10138248847926268,0.3247863247863248,0.2508710801393728,0.22966507177033493,0.12682926829268293,0.18095238095238095,0.15966386554621848,0.1951219512195122,0.24060150375939848,0.2692307692307692,0.16326530612244897,0.18181818181818182,0.17813765182186234,0.041884816753926704,0.18811881188118812,0.1388888888888889,0.21367521367521367,0.1864406779661017,0.23104693140794225,0.19591836734693877,0.23484848484848486,0.13259668508287292,0.21428571428571427,0.1111111111111111,0.2196969696969697,0.17670682730923695,0.17142857142857143,0.25384615384615383,0.20883534136546184,0.22614840989399293,0.13058419243986255,0.1307901907356948,0.14457831325301204,0.21818181818181817,0.15139442231075698,0.0821256038647343,0.2026431718061674,0.16744186046511628,0.16822429906542055,0.05825242718446602,0.1949685534591195,0.205607476635514,0.2403846153846154,0.1839080459770115,0.18340611353711792,0.23376623376623376,0.11814345991561181,0.19455252918287938,0.2517985611510791,0.2,0.16161616161616163,0.18333333333333332,0.25806451612903225,0.25384615384615383,0.2054794520547945,0.21487603305785125,0.15770609318996415,0.2119815668202765,0.25,1.0,0.22939068100358423,0.28205128205128205,0.18518518518518517,0.2127659574468085,0.23357664233576642,0.18181818181818182,0.2962962962962963,0.24603174603174602,0.21940928270042195,0.23754789272030652,0.20817843866171004,0.20382165605095542,0.22580645161290322,0.18983050847457628,0.2288135593220339,0.25316455696202533,0.23529411764705882,0.14345991561181434,0.15498154981549817,0.21498371335504887,0.14096916299559473,0.225,0.19852941176470587,0.22794117647058823,0.19230769230769232,0.18340611353711792,0.17543859649122806,0.21428571428571427,0.22123893805309736,0.23157894736842105,0.18309859154929578,0.23770491803278687,0.21940928270042195,0.2184873949579832,0.24369747899159663,0.21739130434782608,0.2548262548262548,0.23015873015873015,0.21621621621621623,0.33707865168539325,0.2196969696969697,0.13438735177865613,0.22764227642276422,0.23134328358208955,0.1918819188191882,0.26217228464419473,0.2490272373540856,0.2080536912751678,0.1407035175879397,0.2357142857142857,0.22895622895622897,0.22653721682847897,0.2222222222222222,0.16030534351145037,0.23655913978494625,0.16666666666666666,0.24285714285714285,0.10196078431372549,0.18050541516245489,0.18855218855218855,0.16923076923076924,0.2297872340425532,0.21132075471698114,0.12549019607843137,0.25862068965517243,0.21897810218978103,0.22382671480144403,0.20689655172413793,0.20666666666666667,0.11895910780669144,0.16216216216216217,0.16494845360824742,0.20634920634920634,0.1935483870967742,0.17989417989417988,0.19298245614035087,0.24548736462093862,0.20422535211267606,0.20761245674740483,0.23448275862068965,0.17777777777777778,0.1875,0.17670682730923695,0.28169014084507044,0.1652892561983471,0.16666666666666666,0.22127659574468084,0.2366412213740458,0.2184873949579832,0.22624434389140272,0.23045267489711935,0.06986899563318777,0.11267605633802817,0.23826714801444043,0.23529411764705882,0.22134387351778656,0.24561403508771928,0.21774193548387097,0.21621621621621623,0.2076923076923077,0.26294820717131473,0.21505376344086022,0.19622641509433963,0.1949685534591195,0.205761316872428,0.2119205298013245,0.20689655172413793,0.18032786885245902,0.1497326203208556,0.18181818181818182,0.18181818181818182,0.1958041958041958,0.1232876712328767,0.24817518248175183,0.18666666666666668,0.11650485436893204
9956222,0.17880794701986755,0.1984126984126984,0.060085836909871244,0.05649717514124294,0.18032786885245902,0.2813688212927757,0.1990521327014218,0.12389380530973451,0.36303630363036304,0.1511111111111111,0.1306532663316583,0.10833333333333334,0.125,0.11707317073170732,0.16722408026755853,0.17232375979112272,0.12307692307692308,0.17699115044247787,0.12380952380952381,0.10619469026548672,0.1951219512195122,0.19591836734693877,0.18726591760299627,0.27956989247311825,0.21379310344827587,0.24548736462093862,0.16483516483516483,0.3161290322580645,0.2553191489361702,0.19047619047619047,0.23577235772357724,0.26282051282051283,0.1992619926199262,0.2445141065830721,0.2490842490842491,0.18099547511312217,0.18253968253968253,0.19047619047619047,0.06956521739130435,0.05,0.1606425702811245,0.10526315789473684,0.1033210332103321,0.2151394422310757,0.0425531914893617,0.1440677966101695,0.2608695652173913,0.32679738562091504,0.2543859649122807,0.16071428571428573,0.18340611353711792,0.1867704280155642,0.21132075471698114,0.2736842105263158,0.16740088105726872,0.1893939393939394,0.17511520737327188,0.3533834586466165,0.06982543640897755,0.18099547511312217,0.17941952506596306,0.2924901185770751,0.20392156862745098,0.1891891891891892,0.15151515151515152,0.24028268551236748,0.12,0.25092250922509224,0.11089866156787763,0.26148409893992935,0.2462686567164179,0.20454545454545456,0.2007168458781362,0.26865671641791045,0.23841059602649006,0.12903225806451613,0.17098445595854922,0.20149253731343283,0.16736401673640167,0.23703703703703705,0.11085450346420324,0.1951219512195122,0.2222222222222222,0.24034334763948498,0.09777777777777778,0.2789317507418398,0.27467811158798283,0.18502202643171806,0.20714285714285716,0.1774193548387097,0.232,0.1328125,0.26811594202898553,0.24915824915824916,0.7567567567567568,0.20276497695852536,0.33976833976833976,0.2846441947565543,0.23655913978494625,0.36012861736334406,0.19157088122605365,0.26174496644295303,0.2457627118644068,0.3146067415730337,0.22939068100358423,1.0,0.2608695652173913,0.2698961937716263,0.3521594684385382,0.2935153583617747,0.28975265017667845,0.25190839694656486,0.25830258302583026,0.1953125,0.2357142857142857,0.2361111111111111,0.26426426426426425,0.2846441947565543,0.2229299363057325,0.24313725490196078,0.2109375,0.30927835051546393,0.140625,0.18620689655172415,0.20245398773006135,0.22764227642276422,0.20077220077220076,0.3230240549828179,0.21993127147766323,0.3870967741935484,0.20161290322580644,0.2236842105263158,0.22140221402214022,0.17959183673469387,0.2236842105263158,0.2376237623762376,0.2813688212927757,0.265625,0.22568093385214008,0.22568093385214008,0.18473895582329317,0.2589928057553957,0.2140221402214022,0.18705035971223022,0.26573426573426573,0.28975265017667845,0.29411764705882354,0.2943396226415094,0.29965156794425085,0.2482758620689655,0.24475524475524477,0.2898550724637681,0.2902208201892745,0.1926605504587156,0.24749163879598662,0.24050632911392406,0.4146341463414634,0.22131147540983606,0.21352313167259787,0.2684563758389262,0.17712177121771217,0.39464882943143814,0.10218978102189781,0.33783783783783783,0.2468354430379747,0.24372759856630824,0.1889763779527559,0.2112676056338028,0.17518248175182483,0.30278884462151395,0.2593856655290102,0.24324324324324326,0.3300970873786408,0.31347962382445144,0.125,0.17266187050359713,0.25552825552825553,0.28044280442804426,0.2483221476510067,0.25692695214105793,0.1862348178137652,0.25675675675675674,0.264026402640264,0.35714285714285715,0.2912621359223301,0.2768166089965398,0.30678466076696165,0.3283582089552239,0.2376237623762376,0.14559386973180077,0.22878228782287824,0.2440944881889764,0.26334519572953735,0.26459143968871596,0.19166666666666668,0.20610687022900764,0.12903225806451613,0.14521452145214522,0.2702702702702703,0.27491408934707906,0.22794117647058823,0.27631578947368424,0.18726591760299627,0.2805755395683453,0.2724014336917563,0.2222222222222222,0.24161073825503357,0.22535211267605634,0.27299703264094954,0.22900763358778625,0.3052959501557632,0.31715210355987056,0.2661596958174905,0.13592233009708737,0.232,0.19672131147540983,0.22295081967213115,0.21864951768488747,0.26621160409556316,0.20491803278688525,0.13333333333333333
9967941,0.22568093385214008,0.1932367149758454,0.07446808510638298,0.09090909090909091,0.21105527638190955,0.1834862385321101,0.25301204819277107,0.15469613259668508,0.26356589147286824,0.1,0.11688311688311688,0.10256410256410256,0.08588957055214724,0.1125,0.13385826771653545,0.14201183431952663,0.11428571428571428,0.11049723756906077,0.08484848484848485,0.055248618784530384,0.1691542288557214,0.22,0.1981981981981982,0.19658119658119658,0.18775510204081633,0.20689655172413793,0.16927899686520376,0.2490566037735849,0.23628691983122363,0.2222222222222222,0.23880597014925373,0.1947565543071161,0.23008849557522124,0.23357664233576642,0.21929824561403508,0.1590909090909091,0.1642512077294686,0.2028985507246377,0.07567567567567568,0.05818181818181818,0.16666666666666666,0.1,0.11504424778761062,0.20388349514563106,0.027972027972027972,0.13612565445026178,0.2980769230769231,0.29118773946360155,0.31693989071038253,0.1564245810055866,0.22826086956521738,0.18867924528301888,0.19090909090909092,0.225,0.2087912087912088,0.1643835616438356,0.1511627906976744,0.2081447963800905,0.05056179775280899,0.3977272727272727,0.15568862275449102,0.2692307692307692,0.20952380952380953,0.1593625498007968,0.1917808219178082,0.20168067226890757,0.11612903225806452,0.23008849557522124,0.10460251046025104,0.226890756302521,0.19730941704035873,0.1735159817351598,0.19658119658119658,0.242152466367713,0.23346303501945526,0.14339622641509434,0.15249266862170088,0.13452914798206278,0.1958762886597938,0.14222222222222222,0.10309278350515463,0.1691542288557214,0.19047619047619047,0.19148936170212766,0.07777777777777778,0.2328767123287671,0.23404255319148937,0.24175824175824176,0.22127659574468084,0.16748768472906403,0.6926829268292682,0.14218009478672985,0.22510822510822512,0.2619047619047619,0.27102803738317754,0.19767441860465115,0.21495327102803738,0.32432432432432434,0.2564102564102564,0.21052631578947367,0.23148148148148148,0.18972332015810275,0.2617801047120419,0.3063063063063063,0.28205128205128205,0.2608695652173913,1.0,0.21311475409836064,0.2421875,0.1935483870967742,0.20168067226890757,0.2672811059907834,0.2920353982300885,0.18009478672985782,0.26382978723404255,0.19753086419753085,0.24305555555555555,0.3063063063063063,0.16356877323420074,0.24761904761904763,0.22748815165876776,0.2032520325203252,0.11374407582938388,0.19591836734693877,0.18505338078291814,0.1691542288557214,0.2523364485981308,0.21138211382113822,0.23577235772357724,0.19658119658119658,0.1477832512315271,0.16988416988416988,0.22123893805309736,0.26,0.20077220077220076,0.24031007751937986,0.26605504587155965,0.27488151658767773,0.2169811320754717,0.25471698113207547,0.18627450980392157,0.27467811158798283,0.20353982300884957,0.22317596566523606,0.26556016597510373,0.31092436974789917,0.1762114537444934,0.2545454545454545,0.2892561983471074,0.21224489795918366,0.2572614107883817,0.2077922077922078,0.2426470588235294,0.18497109826589594,0.29133858267716534,0.22140221402214022,0.22614840989399293,0.24120603015075376,0.1694915254237288,0.2766798418972332,0.19469026548672566,0.2755905511811024,0.11353711790393013,0.20717131474103587,0.1992619926199262,0.18803418803418803,0.19138755980861244,0.20920502092050208,0.14847161572052403,0.2621359223300971,0.21774193548387097,0.20717131474103587,0.22727272727272727,0.25547445255474455,0.13991769547325103,0.20600858369098712,0.14917127071823205,0.23893805309734514,0.22134387351778656,0.2215909090909091,0.1782178217821782,0.2788844621513944,0.21705426356589147,0.23574144486692014,0.23484848484848486,0.23770491803278687,0.1836734693877551,0.2062780269058296,0.17829457364341086,0.14814814814814814,0.20353982300884957,0.2679425837320574,0.3305084745762712,0.29245283018867924,0.19487179487179487,0.23963133640552994,0.08866995073891626,0.13178294573643412,0.23107569721115537,0.24390243902439024,0.22026431718061673,0.277992277992278,0.2702702702702703,0.2575107296137339,0.23931623931623933,0.2577777777777778,0.16600790513833993,0.200836820083682,0.22602739726027396,0.2304147465437788,0.21014492753623187,0.2196969696969697,0.1834862385321101,0.12422360248447205,0.18536585365853658,0.2230769230769231,0.18461538461538463,0.13533834586466165,0.25806451612903225,0.22110552763819097,0.13333333333333333
10027278,0.17064846416382254,0.2880658436213992,0.07142857142857142,0.07142857142857142,0.1702127659574468,0.28346456692913385,0.18811881188118812,0.1382488479262673,0.2857142857142857,0.2037037037037037,0.10526315789473684,0.1038961038961039,0.10050251256281408,0.15306122448979592,0.13793103448275862,0.18181818181818182,0.10126582278481013,0.10138248847926268,0.11940298507462686,0.09216589861751152,0.27848101265822783,0.17796610169491525,0.17829457364341086,0.1925925925925926,0.2277580071174377,0.17164179104477612,0.15774647887323945,0.3521594684385382,0.30036630036630035,0.1728395061728395,0.2616033755274262,0.264026402640264,0.183206106870229,0.27741935483870966,0.3333333333333333,0.14150943396226415,0.2139917695473251,0.18106995884773663,0.04524886877828054,0.04501607717041801,0.25833333333333336,0.057971014492753624,0.1297709923664122,0.36363636363636365,0.055865921787709494,0.13215859030837004,0.22131147540983606,0.32323232323232326,0.2191780821917808,0.14883720930232558,0.23636363636363636,0.25806451612903225,0.234375,0.18115942028985507,0.1834862385321101,0.17254901960784313,0.15384615384615385,0.22568093385214008,0.04591836734693878,0.1509433962264151,0.1837837837837838,0.3442622950819672,0.17073170731707318,0.14634146341463414,0.16470588235294117,0.1678832116788321,0.14659685863874344,0.2748091603053435,0.07782101167315175,0.21897810218978103,0.2548262548262548,0.25098039215686274,0.2222222222222222,0.2702702702702703,0.2935153583617747,0.12624584717607973,0.16976127320954906,0.19305019305019305,0.1826086956521739,0.19157088122605365,0.08962264150943396,0.20253164556962025,0.2311111111111111,0.2767857142857143,0.046296296296296294,0.25609756097560976,0.24107142857142858,0.1743119266055046,0.2952029520295203,0.20920502092050208,0.1991701244813278,0.1214574898785425,0.3895131086142322,0.2569444444444444,0.208,0.23076923076923078,0.216,0.21705426356589147,0.21481481481481482,0.2980132450331126,0.21428571428571427,0.22837370242214533,0.24669603524229075,0.3023255813953488,0.18518518518518517,0.2698961937716263,0.21311475409836064,1.0,0.273972602739726,0.20422535211267606,0.19708029197080293,0.2134387351778656,0.2595419847328244,0.20242914979757085,0.2878228782287823,0.2078853046594982,0.2654320987654321,0.24806201550387597,0.14426229508196722,0.2682926829268293,0.23481781376518218,0.19858156028368795,0.11336032388663968,0.18505338078291814,0.1640378548895899,0.1940928270042194,0.2,0.23404255319148937,0.22695035460992907,0.2740740740740741,0.1506276150627615,0.1423728813559322,0.2824427480916031,0.211864406779661,0.2440677966101695,0.3129251700680272,0.33858267716535434,0.2591093117408907,0.3225806451612903,0.20967741935483872,0.2,0.2527881040892193,0.16793893129770993,0.21561338289962825,0.24548736462093862,0.291970802919708,0.1520912547528517,0.25,0.2949640287769784,0.2277580071174377,0.2527075812274368,0.1947565543071161,0.2857142857142857,0.14354066985645933,0.35172413793103446,0.20195439739413681,0.23824451410658307,0.2127659574468085,0.19117647058823528,0.22837370242214533,0.09923664122137404,0.3310344827586207,0.12830188679245283,0.15331010452961671,0.18892508143322476,0.2518518518518518,0.20408163265306123,0.20363636363636364,0.24150943396226415,0.2892561983471074,0.2112676056338028,0.2508710801393728,0.29333333333333333,0.2645161290322581,0.11469534050179211,0.21561338289962825,0.2814070351758794,0.2748091603053435,0.3044982698961938,0.23711340206185566,0.12605042016806722,0.26480836236933797,0.25170068027210885,0.24749163879598662,0.22666666666666666,0.17857142857142858,0.26666666666666666,0.21621621621621623,0.19047619047619047,0.1746031746031746,0.16793893129770993,0.23673469387755103,0.23529411764705882,0.21774193548387097,0.19913419913419914,0.2134387351778656,0.100418410041841,0.10204081632653061,0.22996515679442509,0.22695035460992907,0.2737642585551331,0.31864406779661014,0.20155038759689922,0.29739776951672864,0.28888888888888886,0.24521072796934865,0.15916955017301038,0.18181818181818182,0.3780487804878049,0.1976284584980237,0.28205128205128205,0.30666666666666664,0.2677165354330709,0.14213197969543148,0.26556016597510373,0.20270270270270271,0.2972972972972973,0.17880794701986755,0.29577464788732394,0.2297872340425532,0.16666666666666666
10074640,0.18360655737704917,0.22745098039215686,0.07627118644067797,0.05555555555555555,0.1700404858299595,0.39097744360902253,0.18691588785046728,0.14847161572052403,0.8169934640522876,0.14912280701754385,0.12871287128712872,0.12345679012345678,0.0947867298578199,0.11538461538461539,0.152317880794702,0.19689119170984457,0.11585365853658537,0.23580786026200873,0.09389671361502347,0.07860262008733625,0.20883534136546184,0.23387096774193547,0.17777777777777778,0.23404255319148937,0.19112627986348124,0.22142857142857142,0.16893732970027248,0.31309904153354634,0.2807017543859649,0.18823529411764706,0.20883534136546184,0.273015873015873,0.1897810218978102,0.2546583850931677,0.2753623188405797,0.15178571428571427,0.20392156862745098,0.22745098039215686,0.0944206008583691,0.06811145510835913,0.16666666666666666,0.13194444444444445,0.13138686131386862,0.2204724409448819,0.07329842931937172,0.1589958158995816,0.25,0.42718446601941745,0.38095238095238093,0.16740088105726872,0.1896551724137931,0.23846153846153847,0.23134328358208955,0.3402777777777778,0.2,0.20973782771535582,0.15454545454545454,0.2379182156133829,0.07425742574257425,0.16964285714285715,0.18324607329842932,0.2890625,0.18604651162790697,0.2809364548494983,0.17228464419475656,0.23776223776223776,0.10837438423645321,0.23357664233576642,0.12167300380228137,0.34265734265734266,0.22878228782287824,0.21722846441947566,0.22695035460992907,0.25092250922509224,0.29508196721311475,0.14696485623003194,0.17994858611825193,0.3025830258302583,0.2231404958677686,0.26373626373626374,0.11926605504587157,0.2248995983935743,0.20253164556962025,0.288135593220339,0.10526315789473684,0.27058823529411763,0.2966101694915254,0.2,0.2049469964664311,0.20717131474103587,0.22924901185770752,0.138996138996139,0.30824372759856633,0.2733333333333333,0.2595419847328244,0.2,0.2595419847328244,0.25925925925925924,0.23404255319148937,0.3503184713375796,0.2196969696969697,0.21262458471760798,0.2175732217573222,0.34814814814814815,0.2127659574468085,0.3521594684385382,0.2421875,0.273972602739726,1.0,0.2905405405405405,0.3076923076923077,0.2641509433962264,0.2773722627737226,0.22393822393822393,0.24028268551236748,0.24054982817869416,0.32142857142857145,0.2740740740740741,0.26498422712933756,0.2248062015503876,0.1776061776061776,0.23129251700680273,0.13127413127413126,0.17064846416382254,0.22492401215805471,0.23293172690763053,0.22900763358778625,0.2653061224489796,0.23809523809523808,0.2553191489361702,0.20717131474103587,0.2736156351791531,0.23357664233576642,0.1935483870967742,0.254071661237785,0.2679738562091503,0.3007518796992481,0.22393822393822393,0.2692307692307692,0.25384615384615383,0.19047619047619047,0.2206405693950178,0.19708029197080293,0.19217081850533807,0.2837370242214533,0.2727272727272727,0.1890909090909091,0.3283582089552239,0.4206896551724138,0.26621160409556316,0.2491349480968858,0.27956989247311825,0.375,0.17194570135746606,0.2582781456953642,0.3072100313479624,0.3564954682779456,0.21052631578947367,0.18309859154929578,0.3122923588039867,0.145985401459854,0.44370860927152317,0.1299638989169675,0.26755852842809363,0.3510971786833856,0.2624113475177305,0.19455252918287938,0.20209059233449478,0.18772563176895307,0.2992125984251969,0.2702702702702703,0.28762541806020064,0.46794871794871795,0.3105590062111801,0.1718213058419244,0.199288256227758,0.28780487804878047,0.26277372262773724,0.27906976744186046,0.28,0.16,0.2408026755852843,0.2679738562091503,0.2829581993569132,0.3141025641025641,0.2328767123287671,0.2807017543859649,0.2656826568265683,0.24183006535947713,0.18181818181818182,0.20437956204379562,0.24124513618677043,0.2323943661971831,0.2,0.2222222222222222,0.19622641509433963,0.18326693227091634,0.17647058823529413,0.2809364548494983,0.32653061224489793,0.20363636363636364,0.2996742671009772,0.2074074074074074,0.2775800711743772,0.2907801418439716,0.2490842490842491,0.19933554817275748,0.24390243902439024,0.2823529411764706,0.27169811320754716,0.37037037037037035,0.3974358974358974,0.3533834586466165,0.15311004784688995,0.23715415019762845,0.19480519480519481,0.2532467532467532,0.2356687898089172,0.3310810810810811,0.22672064777327935,0.14912280701754385
10077147,0.22895622895622897,0.20242914979757085,0.10526315789473684,0.06976744186046512,0.1589958158995816,0.2558139534883721,0.1650485436893204,0.13574660633484162,0.2953020134228188,0.23636363636363636,0.12371134020618557,0.11063829787234042,0.09852216748768473,0.14,0.14285714285714285,0.15873015873015872,0.09375,0.15384615384615385,0.0975609756097561,0.09954751131221719,0.16597510373443983,0.18333333333333332,0.16793893129770993,0.24817518248175183,0.16842105263157894,0.22058823529411764,0.15598885793871867,0.2360655737704918,0.17328519855595667,0.23481781376518218,0.1908713692946058,0.20195439739413681,0.23308270676691728,0.2229299363057325,0.2537313432835821,0.17592592592592593,0.19433198380566802,0.23481781376518218,0.08888888888888889,0.08888888888888889,0.1557377049180328,0.12142857142857143,0.16541353383458646,0.15447154471544716,0.09836065573770492,0.15584415584415584,0.3387096774193548,0.23920265780730898,0.26905829596412556,0.2100456621004566,0.17857142857142858,0.1746031746031746,0.24615384615384617,0.2857142857142857,0.17117117117117117,0.19305019305019305,0.16981132075471697,0.22988505747126436,0.08585858585858586,0.18518518518518517,0.17647058823529413,0.23387096774193547,0.144,0.19243986254295534,0.18532818532818532,0.2517985611510791,0.12307692307692308,0.18796992481203006,0.138996138996139,0.2446043165467626,0.21292775665399238,0.19305019305019305,0.2116788321167883,0.21292775665399238,0.20875420875420875,0.13114754098360656,0.1784776902887139,0.24334600760456274,0.21367521367521367,0.2943396226415094,0.1308411214953271,0.22406639004149378,0.23580786026200873,0.23684210526315788,0.08181818181818182,0.24096385542168675,0.21052631578947367,0.23423423423423423,0.19636363636363635,0.2139917695473251,0.17959183673469387,0.13545816733067728,0.25092250922509224,0.2328767123287671,0.2440944881889764,0.2169811320754717,0.25984251968503935,0.20610687022900764,0.19708029197080293,0.29411764705882354,0.171875,0.21160409556313994,0.19913419913419914,0.25190839694656486,0.23357664233576642,0.2935153583617747,0.1935483870967742,0.20422535211267606,0.2905405405405405,1.0,0.22302158273381295,0.24124513618677043,0.24812030075187969,0.20717131474103587,0.18181818181818182,0.22614840989399293,0.20121951219512196,0.22900763358778625,0.18770226537216828,0.224,0.1752988047808765,0.21678321678321677,0.12749003984063745,0.1543859649122807,0.21806853582554517,0.2572614107883817,0.2125984251968504,0.24475524475524477,0.17482517482517482,0.21897810218978103,0.23868312757201646,0.2608695652173913,0.20300751879699247,0.15833333333333333,0.1939799331103679,0.19463087248322147,0.21705426356589147,0.18326693227091634,0.23015873015873015,0.1984126984126984,0.18032786885245902,0.21245421245421245,0.18045112781954886,0.19047619047619047,0.25622775800711745,0.19424460431654678,0.1797752808988764,0.2692307692307692,0.2553191489361702,0.25263157894736843,0.2918149466192171,0.6420664206642066,0.2564102564102564,0.18779342723004694,0.17687074829931973,0.27009646302250806,0.2786377708978328,0.20920502092050208,0.21739130434782608,0.3822525597269625,0.15037593984962405,0.2653061224489796,0.17100371747211895,0.21305841924398625,0.2572347266881029,0.25547445255474455,0.1927710843373494,0.25806451612903225,0.17100371747211895,0.25203252032520324,0.2708333333333333,0.26804123711340205,0.2565789473684211,0.24203821656050956,0.1696113074204947,0.2490842490842491,0.18407960199004975,0.24060150375939848,0.22525597269624573,0.22448979591836735,0.18181818181818182,0.1718213058419244,0.22818791946308725,0.23102310231023102,0.26973684210526316,0.18309859154929578,0.25748502994011974,0.24334600760456274,0.24161073825503357,0.1875,0.19548872180451127,0.2570281124497992,0.2028985507246377,0.1746031746031746,0.1702127659574468,0.17120622568093385,0.1728395061728395,0.19463087248322147,0.26804123711340205,0.26573426573426573,0.20973782771535582,0.2140468227424749,0.16030534351145037,0.21245421245421245,0.24087591240875914,0.2037735849056604,0.15699658703071673,0.3010752688172043,0.22289156626506024,0.2178988326848249,0.24050632911392406,0.24342105263157895,0.23255813953488372,0.14925373134328357,0.2530612244897959,0.22,0.19333333333333333,0.2679738562091503,0.2222222222222222,0.20920502092050208,0.17272727272727273
10096043,0.1672473867595819,0.1940928270042194,0.1743119266055046,0.09876543209876543,0.16593886462882096,0.21774193548387097,0.20408163265306123,0.23696682464454977,0.3055555555555556,0.1523809523809524,0.11956521739130435,0.1511111111111111,0.11398963730569948,0.12631578947368421,0.19718309859154928,0.17391304347826086,0.16129032258064516,0.17061611374407584,0.11282051282051282,0.10426540284360189,0.1645021645021645,0.21739130434782608,0.23015873015873015,0.29545454545454547,0.2109090909090909,0.20610687022900764,0.17191977077363896,0.31186440677966104,0.18726591760299627,0.21940928270042195,0.22510822510822512,0.24242424242424243,0.15625,0.19078947368421054,0.18604651162790697,0.18446601941747573,0.16877637130801687,0.2109704641350211,0.11162790697674418,0.11147540983606558,0.1452991452991453,0.14074074074074075,0.171875,0.1694915254237288,0.10404624277456648,0.19004524886877827,0.17647058823529413,0.19243986254295534,0.16901408450704225,0.16267942583732056,0.21495327102803738,0.17355371900826447,0.208,0.24444444444444444,0.18867924528301888,0.23293172690763053,0.16831683168316833,0.2868525896414343,0.12953367875647667,0.1650485436893204,0.19230769230769232,0.17647058823529413,0.3416666666666667,0.199288256227758,0.23293172690763053,0.22388059701492538,0.10810810810810811,0.1953125,0.12598425196850394,0.23134328358208955,0.15019762845849802,0.20883534136546184,0.20454545454545456,0.18972332015810275,0.2508710801393728,0.19661016949152543,0.18867924528301888,0.26877470355731226,0.20535714285714285,0.20392156862745098,0.16267942583732056,0.2077922077922078,0.1735159817351598,0.22935779816513763,0.13333333333333333,0.22981366459627328,0.22018348623853212,0.16981132075471697,0.1811320754716981,0.2145922746781116,0.2297872340425532,0.1825726141078838,0.17624521072796934,0.20567375886524822,0.29508196721311475,0.21782178217821782,0.29508196721311475,0.21428571428571427,0.19696969696969696,0.30405405405405406,0.2845528455284553,0.303886925795053,0.19004524886877827,0.2222222222222222,0.18181818181818182,0.28975265017667845,0.20168067226890757,0.19708029197080293,0.3076923076923077,0.22302158273381295,1.0,0.1700404858299595,0.203125,0.2074688796680498,0.19622641509433963,0.21245421245421245,0.2830188679245283,0.20634920634920634,0.22742474916387959,0.19166666666666668,0.2074688796680498,0.2971014492753623,0.1825726141078838,0.24727272727272728,0.2379421221864952,0.2077922077922078,0.19672131147540983,0.2391304347826087,0.21739130434782608,0.2803030303030303,0.1888412017167382,0.22145328719723184,0.2265625,0.19130434782608696,0.2491349480968858,0.24305555555555555,0.22580645161290322,0.16597510373443983,0.1652892561983471,0.2066115702479339,0.19658119658119658,0.21292775665399238,0.203125,0.18250950570342206,0.22140221402214022,0.19402985074626866,0.22568093385214008,0.216,0.22058823529411764,0.22545454545454546,0.1992619926199262,0.21455938697318008,0.2185430463576159,0.16748768472906403,0.19014084507042253,0.22591362126245848,0.30670926517571884,0.23580786026200873,0.18045112781954886,0.2332155477031802,0.171875,0.19718309859154928,0.1776061776061776,0.2704626334519573,0.2724252491694352,0.25,0.20920502092050208,0.17100371747211895,0.20077220077220076,0.2033898305084746,0.2014388489208633,0.2277580071174377,0.24489795918367346,0.3355263157894737,0.20512820512820512,0.22813688212927757,0.2755102040816326,0.2265625,0.1978798586572438,0.20418848167539266,0.16379310344827586,0.17793594306049823,0.2569444444444444,0.24573378839590443,0.25170068027210885,0.2773722627737226,0.2839506172839506,0.3241106719367589,0.20833333333333334,0.1951219512195122,0.2109375,0.17573221757322174,0.18796992481203006,0.1487603305785124,0.2311111111111111,0.19433198380566802,0.19742489270386265,0.1736111111111111,0.2491103202846975,0.2318840579710145,0.20233463035019456,0.2422145328719723,0.2222222222222222,0.22053231939163498,0.22727272727272727,0.27450980392156865,0.2756183745583039,0.23048327137546468,0.2236024844720497,0.22672064777327935,0.2679738562091503,0.272108843537415,0.27419354838709675,0.14659685863874344,0.2723404255319149,0.2206896551724138,0.23448275862068965,0.17567567567567569,0.19424460431654678,0.2183406113537118,0.17142857142857143
10109823,0.19548872180451127,0.19444444444444445,0.09137055837563451,0.05673758865248227,0.15384615384615385,0.3436123348017621,0.21714285714285714,0.1368421052631579,0.299625468164794,0.1693121693121693,0.09815950920245399,0.06862745098039216,0.09302325581395349,0.21301775147928995,0.09885931558935361,0.15561959654178675,0.06920415224913495,0.09473684210526316,0.09195402298850575,0.06315789473684211,0.22857142857142856,0.15311004784688995,0.1471861471861472,0.1728395061728395,0.1889763779527559,0.22406639004149378,0.15853658536585366,0.20437956204379562,0.1951219512195122,0.2962962962962963,0.20952380952380953,0.21014492753623187,0.20425531914893616,0.21908127208480566,0.2109704641350211,0.12972972972972974,0.21296296296296297,0.28703703703703703,0.020618556701030927,0.035211267605633804,0.20657276995305165,0.0642570281124498,0.16170212765957448,0.23255813953488372,0.02631578947368421,0.09,0.3225806451612903,0.28888888888888886,0.28125,0.1702127659574468,0.17616580310880828,0.22624434389140272,0.22707423580786026,0.20883534136546184,0.17801047120418848,0.13157894736842105,0.11049723756906077,0.21739130434782608,0.043835616438356165,0.21621621621621623,0.13411078717201166,0.2304147465437788,0.1278538812785388,0.16153846153846155,0.13157894736842105,0.16194331983805668,0.2073170731707317,0.22127659574468084,0.1026694045174538,0.17813765182186234,0.25,0.23684210526315788,0.19753086419753085,0.25862068965517243,0.24812030075187969,0.10218978102189781,0.12571428571428572,0.20689655172413793,0.18719211822660098,0.26495726495726496,0.07556675062972293,0.1619047619047619,0.2222222222222222,0.233502538071066,0.042328042328042326,0.18604651162790697,0.233502538071066,0.24083769633507854,0.21311475409836064,0.1792452830188679,0.19626168224299065,0.10909090909090909,0.2916666666666667,0.2222222222222222,0.23318385650224216,0.1878453038674033,0.2242152466367713,0.2597402597402597,0.19753086419753085,0.23272727272727273,0.1688888888888889,0.17557251908396945,0.26,0.30303030303030304,0.2962962962962963,0.25190839694656486,0.2672811059907834,0.2134387351778656,0.2641509433962264,0.24124513618677043,0.1700404858299595,1.0,0.24680851063829787,0.16363636363636364,0.26229508196721313,0.15873015873015872,0.22895622895622897,0.24242424242424243,0.14388489208633093,0.1917808219178082,0.2,0.17254901960784313,0.12727272727272726,0.12598425196850394,0.1310344827586207,0.1523809523809524,0.2600896860986547,0.2196078431372549,0.18823529411764706,0.24691358024691357,0.14150943396226415,0.14925373134328357,0.1702127659574468,0.19138755980861244,0.16417910447761194,0.20973782771535582,0.2026431718061674,0.2545454545454545,0.3167420814479638,0.23529411764705882,0.18779342723004694,0.2975206611570248,0.16170212765957448,0.2396694214876033,0.24,0.26720647773279355,0.22033898305084745,0.2794759825327511,0.22310756972111553,0.14960629921259844,0.232,0.25833333333333336,0.21352313167259787,0.13186813186813187,0.2585551330798479,0.21428571428571427,0.2191780821917808,0.19230769230769232,0.19591836734693877,0.22137404580152673,0.14468085106382977,0.2737642585551331,0.15966386554621848,0.18461538461538463,0.18571428571428572,0.19753086419753085,0.1743119266055046,0.1935483870967742,0.1092436974789916,0.25116279069767444,0.19455252918287938,0.27692307692307694,0.21978021978021978,0.1978798586572438,0.11904761904761904,0.1487603305785124,0.15633423180592992,0.23829787234042554,0.1984732824427481,0.1994459833795014,0.1895734597156398,0.23846153846153847,0.20973782771535582,0.22794117647058823,0.2564102564102564,0.16600790513833993,0.1848184818481848,0.19827586206896552,0.20224719101123595,0.14222222222222222,0.15319148936170213,0.28440366972477066,0.2530612244897959,0.22624434389140272,0.16666666666666666,0.18584070796460178,0.0660377358490566,0.12734082397003746,0.23076923076923078,0.22745098039215686,0.2033898305084746,0.23134328358208955,0.17316017316017315,0.2396694214876033,0.23868312757201646,0.19658119658119658,0.1297709923664122,0.1935483870967742,0.21262458471760798,0.20353982300884957,0.17543859649122806,0.1978021978021978,0.2290748898678414,0.1411764705882353,0.27102803738317754,0.17843866171003717,0.22304832713754646,0.16,0.22568093385214008,0.21153846153846154,0.15873015873015872
10113978,0.20363636363636364,0.24,0.08737864077669903,0.08,0.23963133640552994,0.2033898305084746,0.20652173913043478,0.16080402010050251,0.32608695652173914,0.12121212121212122,0.1744186046511628,0.12206572769953052,0.11049723756906077,0.10112359550561797,0.13970588235294118,0.15168539325842698,0.12751677852348994,0.1306532663316583,0.1092896174863388,0.09045226130653267,0.1643835616438356,0.22935779816513763,0.21666666666666667,0.23809523809523808,0.19011406844106463,0.24,0.14836795252225518,0.2332155477031802,0.25098039215686274,0.21333333333333335,0.2557077625570776,0.21754385964912282,0.23770491803278687,0.273972602739726,0.2601626016260163,0.15463917525773196,0.18666666666666668,0.18666666666666668,0.07881773399014778,0.06825938566552901,0.21621621621621623,0.10852713178294573,0.12295081967213115,0.19642857142857142,0.062111801242236024,0.16267942583732056,0.3274336283185841,0.3225806451612903,0.27860696517412936,0.14213197969543148,0.16831683168316833,0.19130434782608696,0.21008403361344538,0.23255813953488372,0.28,0.1940928270042194,0.14736842105263157,0.200836820083682,0.058823529411764705,0.21649484536082475,0.17045454545454544,0.26548672566371684,0.18421052631578946,0.20074349442379183,0.2109704641350211,0.234375,0.10404624277456648,0.28688524590163933,0.10483870967741936,0.2578125,0.1825726141078838,0.18565400843881857,0.2698412698412698,0.24896265560165975,0.2909090909090909,0.1625441696113074,0.1615598885793872,0.14937759336099585,0.22641509433962265,0.15637860082304528,0.10837438423645321,0.182648401826484,0.2222222222222222,0.22330097087378642,0.08080808080808081,0.23870967741935484,0.2621359223300971,0.25,0.22924901185770752,0.18099547511312217,0.242152466367713,0.1572052401746725,0.24096385542168675,0.3111111111111111,0.23275862068965517,0.2,0.23275862068965517,0.30833333333333335,0.2777777777777778,0.24647887323943662,0.21367521367521367,0.2066420664206642,0.24880382775119617,0.2833333333333333,0.24603174603174602,0.25830258302583026,0.2920353982300885,0.2595419847328244,0.2773722627737226,0.24812030075187969,0.203125,0.24680851063829787,1.0,0.2183406113537118,0.23715415019762845,0.25287356321839083,0.20915032679738563,0.2833333333333333,0.18815331010452963,0.2631578947368421,0.22707423580786026,0.21212121212121213,0.11353711790393013,0.19771863117870722,0.20066889632107024,0.1643835616438356,0.23275862068965517,0.20454545454545456,0.22727272727272727,0.20634920634920634,0.13574660633484162,0.21660649819494585,0.22950819672131148,0.24770642201834864,0.21660649819494585,0.2608695652173913,0.2627118644067797,0.23580786026200873,0.22608695652173913,0.25217391304347825,0.2072072072072072,0.24701195219123506,0.1885245901639344,0.27091633466135456,0.2702702702702703,0.2578125,0.1469387755102041,0.25210084033613445,0.3384615384615385,0.2509505703422053,0.33976833976833976,0.24899598393574296,0.3724137931034483,0.14659685863874344,0.25735294117647056,0.2837370242214533,0.23920265780730898,0.22119815668202766,0.2204724409448819,0.33210332103321033,0.14754098360655737,0.3088235294117647,0.1214574898785425,0.21561338289962825,0.22837370242214533,0.19047619047619047,0.2290748898678414,0.22568093385214008,0.17813765182186234,0.30357142857142855,0.23308270676691728,0.2527881040892193,0.2695035460992908,0.23972602739726026,0.14559386973180077,0.18326693227091634,0.1736842105263158,0.21311475409836064,0.2730627306273063,0.25405405405405407,0.14545454545454545,0.29739776951672864,0.2826086956521739,0.2918149466192171,0.2553191489361702,0.21374045801526717,0.23717948717948717,0.22406639004149378,0.2318840579710145,0.20512820512820512,0.1885245901639344,0.23788546255506607,0.30708661417322836,0.26956521739130435,0.19718309859154928,0.26382978723404255,0.11764705882352941,0.14492753623188406,0.26765799256505574,0.2803030303030303,0.24489795918367346,0.30324909747292417,0.23333333333333334,0.24701195219123506,0.2619047619047619,0.2551440329218107,0.18450184501845018,0.2723735408560311,0.2129032258064516,0.18723404255319148,0.2585034013605442,0.2765957446808511,0.211864406779661,0.1340782122905028,0.2062780269058296,0.2158273381294964,0.2014388489208633,0.1619718309859155,0.3308270676691729,0.2857142857142857,0.13131313131313133
10127622,0.2,0.20952380952380953,0.11518324607329843,0.1037037037037037,0.2376237623762376,0.2081447963800905,0.20118343195266272,0.18478260869565216,0.22988505747126436,0.17486338797814208,0.16560509554140126,0.13131313131313133,0.13253012048192772,0.13496932515337423,0.16342412451361868,0.12316715542521994,0.127208480565371,0.15217391304347827,0.14285714285714285,0.14130434782608695,0.14705882352941177,0.20689655172413793,0.20444444444444446,0.270042194092827,0.1774193548387097,0.22127659574468084,0.11801242236024845,0.22388059701492538,0.225,0.23809523809523808,0.24509803921568626,0.17777777777777778,0.2183406113537118,0.23104693140794225,0.2597402597402597,0.1452513966480447,0.1523809523809524,0.2,0.07446808510638298,0.07913669064748201,0.13526570048309178,0.0823045267489712,0.14847161572052403,0.15311004784688995,0.0958904109589041,0.17525773195876287,0.2559241706161137,0.23484848484848486,0.1827956989247312,0.14285714285714285,0.16042780748663102,0.15813953488372093,0.2062780269058296,0.2962962962962963,0.24864864864864866,0.24324324324324326,0.18285714285714286,0.16964285714285715,0.07242339832869081,0.18994413407821228,0.16023738872403562,0.22748815165876776,0.18779342723004694,0.25984251968503935,0.21621621621621623,0.1908713692946058,0.12658227848101267,0.19213973799126638,0.10395010395010396,0.2157676348547718,0.18584070796460178,0.1891891891891892,0.3037974683544304,0.21238938053097345,0.2076923076923077,0.15671641791044777,0.1569767441860465,0.168141592920354,0.27411167512690354,0.14912280701754385,0.11253196930946291,0.43137254901960786,0.17708333333333334,0.18848167539267016,0.06557377049180328,0.21016949152542372,0.2198952879581152,0.22702702702702704,0.24369747899159663,0.3883495145631068,0.17307692307692307,0.1588785046728972,0.2222222222222222,0.22745098039215686,0.1935483870967742,0.22857142857142856,0.18433179723502305,0.18666666666666668,0.270042194092827,0.2379182156133829,0.2191780821917808,0.1953125,0.2268041237113402,0.2311111111111111,0.21940928270042195,0.1953125,0.18009478672985782,0.20242914979757085,0.22393822393822393,0.20717131474103587,0.2074688796680498,0.16363636363636364,0.2183406113537118,1.0,0.18487394957983194,0.2764227642276423,0.15807560137457044,0.24888888888888888,0.23529411764705882,0.215962441314554,0.205607476635514,0.20883534136546184,0.1308411214953271,0.18548387096774194,0.18309859154929578,0.22549019607843138,0.22119815668202766,0.18473895582329317,0.18473895582329317,0.1518987341772152,0.21359223300970873,0.22900763358778625,0.23580786026200873,0.19704433497536947,0.19083969465648856,0.19157088122605365,0.23529411764705882,0.17757009345794392,0.17674418604651163,0.20465116279069767,0.2318840579710145,0.2033898305084746,0.22707423580786026,0.22033898305084745,0.319672131147541,0.17427385892116182,0.1391304347826087,0.2242152466367713,0.2693877551020408,0.24193548387096775,0.20491803278688525,0.23076923076923078,0.19636363636363635,0.18181818181818182,0.1867704280155642,0.22627737226277372,0.21678321678321677,0.26732673267326734,0.16736401673640167,0.2109375,0.14847161572052403,0.23346303501945526,0.14655172413793102,0.16535433070866143,0.21897810218978103,0.20253164556962025,0.3113207547169811,0.24793388429752067,0.20689655172413793,0.2679425837320574,0.22310756972111553,0.2047244094488189,0.21722846441947566,0.21660649819494585,0.13821138211382114,0.2033898305084746,0.16986301369863013,0.2096069868995633,0.21875,0.19718309859154928,0.13658536585365855,0.2047244094488189,0.21455938697318008,0.18796992481203006,0.20224719101123595,0.1862348178137652,0.21548821548821548,0.23008849557522124,0.25287356321839083,0.3013698630136986,0.20087336244541484,0.18867924528301888,0.200836820083682,0.19534883720930232,0.24242424242424243,0.22727272727272727,0.11650485436893204,0.13793103448275862,0.2283464566929134,0.21686746987951808,0.21739130434782608,0.20610687022900764,0.21333333333333335,0.16101694915254236,0.1940928270042194,0.24561403508771928,0.1640625,0.19834710743801653,0.17627118644067796,0.19090909090909092,0.21505376344086022,0.2247191011235955,0.23529411764705882,0.25609756097560976,0.22115384615384615,0.20532319391634982,0.22053231939163498,0.14869888475836432,0.20717131474103587,0.19801980198019803,0.18579234972677597
10172943,0.176056338028169,0.1623931623931624,0.08372093023255814,0.10062893081761007,0.19469026548672566,0.2530612244897959,0.21761658031088082,0.14423076923076922,0.23859649122807017,0.13526570048309178,0.08839779005524862,0.10810810810810811,0.08421052631578947,0.16042780748663102,0.13523131672597866,0.1589041095890411,0.11074918566775244,0.09615384615384616,0.08333333333333333,0.0673076923076923,0.22807017543859648,0.1762114537444934,0.1927710843373494,0.20689655172413793,0.23529411764705882,0.18532818532818532,0.15606936416184972,0.2671232876712329,0.25757575757575757,0.19658119658119658,0.2719298245614035,0.24489795918367346,0.22134387351778656,0.26578073089701,0.21176470588235294,0.13793103448275862,0.18803418803418803,0.21367521367521367,0.03773584905660377,0.052980132450331126,0.18181818181818182,0.0599250936329588,0.13438735177865613,0.26609442060085836,0.03529411764705882,0.11926605504587157,0.2297872340425532,0.24305555555555555,0.24761904761904763,0.14563106796116504,0.17061611374407584,0.24267782426778242,0.242914979757085,0.1797752808988764,0.19138755980861244,0.15447154471544716,0.1507537688442211,0.21774193548387097,0.05221932114882506,0.18719211822660098,0.20498614958448755,0.24680851063829787,0.20253164556962025,0.17985611510791366,0.17886178861788618,0.1660377358490566,0.13186813186813187,0.2134387351778656,0.10693069306930693,0.19622641509433963,0.2,0.34146341463414637,0.21455938697318008,0.28,0.2605633802816901,0.13013698630136986,0.19021739130434784,0.16,0.17194570135746606,0.18253968253968253,0.09156626506024096,0.16666666666666666,0.19444444444444445,0.20465116279069767,0.057971014492753624,0.219435736677116,0.23255813953488372,0.22009569377990432,0.25190839694656486,0.19130434782608696,0.23275862068965517,0.14285714285714285,0.2713178294573643,0.26523297491039427,0.2157676348547718,0.18090452261306533,0.2157676348547718,0.24899598393574296,0.22988505747126436,0.2593856655290102,0.23045267489711935,0.18571428571428572,0.25688073394495414,0.2891566265060241,0.23754789272030652,0.2357142857142857,0.26382978723404255,0.2878228782287823,0.24028268551236748,0.18181818181818182,0.19622641509433963,0.26229508196721313,0.23715415019762845,0.18487394957983194,1.0,0.18518518518518517,0.273015873015873,0.24096385542168675,0.18243243243243243,0.2109704641350211,0.2605042016806723,0.21245421245421245,0.14285714285714285,0.18382352941176472,0.18181818181818182,0.15789473684210525,0.24896265560165975,0.2271062271062271,0.26373626373626374,0.25287356321839083,0.14782608695652175,0.13986013986013987,0.23715415019762845,0.2643171806167401,0.21678321678321677,0.23157894736842105,0.2938775510204082,0.2857142857142857,0.39330543933054396,0.26778242677824265,0.2077922077922078,0.2692307692307692,0.22924901185770752,0.24615384615384617,0.27611940298507465,0.2792452830188679,0.15748031496062992,0.22672064777327935,0.24535315985130113,0.18382352941176472,0.208955223880597,0.20155038759689922,0.2140468227424749,0.17,0.3274021352313167,0.2080536912751678,0.23870967741935484,0.22123893805309736,0.19011406844106463,0.22857142857142856,0.1422924901185771,0.2704626334519573,0.1328125,0.2014388489208633,0.18791946308724833,0.24521072796934865,0.211864406779661,0.21052631578947367,0.125,0.24034334763948498,0.1890909090909091,0.23741007194244604,0.21993127147766323,0.22591362126245848,0.13333333333333333,0.16153846153846155,0.17994858611825193,0.31620553359683795,0.22857142857142856,0.19525065963060687,0.16593886462882096,0.30935251798561153,0.25263157894736843,0.18620689655172415,0.2268041237113402,0.1992619926199262,0.2118380062305296,0.208,0.18947368421052632,0.1728395061728395,0.17391304347826086,0.23728813559322035,0.20532319391634982,0.23430962343096234,0.1981981981981982,0.22131147540983606,0.08695652173913043,0.14035087719298245,0.23741007194244604,0.2271062271062271,0.2204724409448819,0.25874125874125875,0.20080321285140562,0.3076923076923077,0.24521072796934865,0.23809523809523808,0.17142857142857143,0.15789473684210525,0.2946708463949843,0.21311475409836064,0.23102310231023102,0.24054982817869416,0.22857142857142856,0.10638297872340426,0.2413793103448276,0.1602787456445993,0.2857142857142857,0.14334470989761092,0.2545454545454545,0.22123893805309736,0.15458937198067632
10184653,0.21232876712328766,0.2066115702479339,0.08071748878923767,0.09580838323353294,0.38461538461538464,0.18181818181818182,0.1791044776119403,0.16666666666666666,0.24573378839590443,0.14883720930232558,0.1164021164021164,0.13043478260869565,0.10101010101010101,0.10256410256410256,0.17993079584775087,0.13941018766756033,0.16507936507936508,0.1388888888888889,0.11,0.1111111111111111,0.1271186440677966,0.19574468085106383,0.20233463035019456,0.5576208178438662,0.17142857142857143,0.18726591760299627,0.14124293785310735,0.24666666666666667,0.19117647058823528,0.18181818181818182,0.19491525423728814,0.17880794701986755,0.3831417624521073,0.36893203883495146,0.2509505703422053,0.16113744075829384,0.17355371900826447,0.17355371900826447,0.11818181818181818,0.09032258064516129,0.12552301255230125,0.12363636363636364,0.13793103448275862,0.14107883817427386,0.0898876404494382,0.20353982300884957,0.23045267489711935,0.23648648648648649,0.1926605504587156,0.16822429906542055,0.1643835616438356,0.1700404858299595,0.18823529411764706,0.2545454545454545,0.2119815668202765,0.25984251968503935,0.21256038647342995,0.1953125,0.10741687979539642,0.1990521327014218,0.16802168021680217,0.2551440329218107,0.19591836734693877,0.2517482517482518,0.1968503937007874,0.2271062271062271,0.10526315789473684,0.1839080459770115,0.09746588693957114,0.2564102564102564,0.20155038759689922,0.1889763779527559,0.6022304832713755,0.20930232558139536,0.19863013698630136,0.16666666666666666,0.16489361702127658,0.17829457364341086,0.2183406113537118,0.19230769230769232,0.12293144208037825,0.2966101694915254,0.19642857142857142,0.18834080717488788,0.12093023255813953,0.23853211009174313,0.2062780269058296,0.20276497695852536,0.23703703703703705,0.23529411764705882,0.19166666666666668,0.17886178861788618,0.23308270676691728,0.3693379790940767,0.21686746987951808,0.1932367149758454,0.2248995983935743,0.21011673151750973,0.3048327137546468,0.3920265780730897,0.20717131474103587,0.22916666666666666,0.18584070796460178,0.22568093385214008,0.20817843866171004,0.2361111111111111,0.19753086419753085,0.2078853046594982,0.24054982817869416,0.22614840989399293,0.21245421245421245,0.15873015873015872,0.25287356321839083,0.2764227642276423,0.18518518518518517,1.0,0.17956656346749225,0.2490272373540856,0.32894736842105265,0.20408163265306123,0.18699186991869918,0.2277580071174377,0.15447154471544716,0.19285714285714287,0.20253164556962025,0.23728813559322035,0.1927710843373494,0.2206405693950178,0.20640569395017794,0.18587360594795538,0.226890756302521,0.23129251700680273,0.23754789272030652,0.20425531914893616,0.2108843537414966,0.18430034129692832,0.25296442687747034,0.16260162601626016,0.17813765182186234,0.20242914979757085,0.2175732217573222,0.23880597014925373,0.2681992337164751,0.21641791044776118,0.2608695652173913,0.18315018315018314,0.16793893129770993,0.24313725490196078,0.259927797833935,0.2571428571428571,0.2608695652173913,0.24060150375939848,0.2280130293159609,0.16346153846153846,0.18685121107266436,0.24836601307189543,0.23270440251572327,0.2222222222222222,0.22878228782287824,0.24305555555555555,0.1685823754789272,0.23529411764705882,0.13636363636363635,0.20279720279720279,0.2222222222222222,0.23048327137546468,0.26229508196721313,0.38686131386861317,0.20454545454545456,0.24896265560165975,0.26148409893992935,0.22377622377622378,0.23411371237458195,0.2459546925566343,0.16546762589928057,0.19402985074626866,0.17632241813602015,0.2222222222222222,0.2777777777777778,0.2222222222222222,0.1940928270042194,0.23076923076923078,0.23208191126279865,0.2348993288590604,0.20735785953177258,0.23655913978494625,0.2796352583586626,0.24031007751937986,0.3412969283276451,0.23904382470119523,0.21455938697318008,0.19672131147540983,0.1992619926199262,0.26720647773279355,0.20869565217391303,0.21428571428571427,0.15126050420168066,0.19112627986348124,0.23776223776223776,0.2206405693950178,0.22137404580152673,0.24489795918367346,0.20233463035019456,0.1865671641791045,0.23048327137546468,0.23076923076923078,0.2152777777777778,0.26277372262773724,0.20795107033639143,0.1984126984126984,0.24437299035369775,0.24749163879598662,0.20553359683794467,0.16326530612244897,0.16666666666666666,0.2305084745762712,0.18983050847457628,0.16611295681063123,0.24734982332155478,0.20512820512820512,0.13953488372093023
10196499,0.142433234421365,0.14634146341463414,0.06716417910447761,0.09433962264150944,0.14336917562724014,0.2348993288590604,0.17886178861788618,0.11494252873563218,0.3431952662721893,0.13076923076923078,0.10256410256410256,0.09454545454545454,0.09876543209876543,0.14166666666666666,0.1437125748502994,0.21052631578947367,0.11666666666666667,0.13793103448275862,0.09795918367346938,0.06896551724137931,0.26334519572953735,0.15,0.1986754966887417,0.19745222929936307,0.27076923076923076,0.15384615384615385,0.18045112781954886,0.25507246376811593,0.27129337539432175,0.20209059233449478,0.24199288256227758,0.3919308357348703,0.1568627450980392,0.24858757062146894,0.18831168831168832,0.1640625,0.20209059233449478,0.17421602787456447,0.045283018867924525,0.04507042253521127,0.19014084507042253,0.09375,0.11764705882352941,0.2517482517482518,0.017937219730941704,0.12546125461254612,0.2013888888888889,0.23460410557184752,0.18250950570342206,0.14671814671814673,0.19696969696969696,0.2602739726027397,0.2,0.2125,0.1450381679389313,0.14715719063545152,0.15873015873015872,0.24584717607973422,0.05963302752293578,0.171875,0.19806763285024154,0.2152777777777778,0.18620689655172415,0.18126888217522658,0.14046822742474915,0.22641509433962265,0.1276595744680851,0.20915032679738563,0.08602150537634409,0.23270440251572327,0.21122112211221122,0.22742474916387959,0.15286624203821655,0.24422442244224424,0.27299703264094954,0.11594202898550725,0.19002375296912113,0.25742574257425743,0.13138686131386862,0.22950819672131148,0.10683760683760683,0.1708185053380783,0.19330855018587362,0.19402985074626866,0.09230769230769231,0.27956989247311825,0.1791044776119403,0.16030534351145037,0.20317460317460317,0.13427561837455831,0.21052631578947367,0.13058419243986255,0.2315112540192926,0.20481927710843373,0.24489795918367346,0.15079365079365079,0.25170068027210885,0.23178807947019867,0.17834394904458598,0.2832369942196532,0.24324324324324326,0.21021021021021022,0.24354243542435425,0.2980132450331126,0.20382165605095542,0.26426426426426425,0.24305555555555555,0.2654320987654321,0.32142857142857145,0.20121951219512196,0.2830188679245283,0.22895622895622897,0.20915032679738563,0.15807560137457044,0.273015873015873,0.17956656346749225,1.0,0.2119205298013245,0.20057306590257878,0.2,0.2542955326460481,0.22085889570552147,0.15807560137457044,0.16615384615384615,0.22714681440443213,0.17793594306049823,0.19047619047619047,0.2392638036809816,0.24539877300613497,0.27388535031847133,0.1625441696113074,0.19469026548672566,0.19607843137254902,0.2,0.2359882005899705,0.25443786982248523,0.2483221476510067,0.3161512027491409,0.2602739726027397,0.21232876712328766,0.13380281690140844,0.28753993610223644,0.20915032679738563,0.20447284345047922,0.23052959501557632,0.3333333333333333,0.21498371335504887,0.20666666666666667,0.21739130434782608,0.23384615384615384,0.19314641744548286,0.21864951768488747,0.2556818181818182,0.16600790513833993,0.31137724550898205,0.25071225071225073,0.2644628099173554,0.17921146953405018,0.20253164556962025,0.22822822822822822,0.1503267973856209,0.23952095808383234,0.11650485436893204,0.23564954682779457,0.20512820512820512,0.2611464968152866,0.1522491349480969,0.15673981191222572,0.1553398058252427,0.2097902097902098,0.23170731707317074,0.29607250755287007,0.2441860465116279,0.24858757062146894,0.1238390092879257,0.12779552715654952,0.26244343891402716,0.32679738562091504,0.2222222222222222,0.2916666666666667,0.19148936170212766,0.24773413897280966,0.26627218934911245,0.22740524781341107,0.2616279069767442,0.21604938271604937,0.22994652406417113,0.22442244224422442,0.25443786982248523,0.13513513513513514,0.19607843137254902,0.20761245674740483,0.21518987341772153,0.1917808219178082,0.16727272727272727,0.21548821548821548,0.127208480565371,0.16568047337278108,0.26586102719033233,0.24539877300613497,0.18241042345276873,0.2831858407079646,0.17880794701986755,0.3706070287539936,0.2611464968152866,0.2098360655737705,0.23423423423423423,0.219435736677116,0.3225806451612903,0.2356902356902357,0.24157303370786518,0.2558139534883721,0.2684563758389262,0.08298755186721991,0.2807017543859649,0.13529411764705881,0.31176470588235294,0.2254335260115607,0.27439024390243905,0.1935483870967742,0.12307692307692308
10200390,0.25092250922509224,0.19004524886877827,0.07920792079207921,0.0684931506849315,0.3286384976525822,0.23275862068965517,0.2222222222222222,0.1641025641025641,0.29411764705882354,0.13402061855670103,0.20238095238095238,0.16267942583732056,0.12429378531073447,0.13793103448275862,0.19402985074626866,0.1534090909090909,0.1836734693877551,0.12307692307692308,0.12290502793296089,0.13333333333333333,0.18604651162790697,0.21495327102803738,0.1864406779661017,0.28225806451612906,0.1776061776061776,0.21138211382113822,0.15615615615615616,0.23655913978494625,0.23904382470119523,0.2171945701357466,0.22325581395348837,0.199288256227758,0.2833333333333333,0.2569444444444444,0.24793388429752067,0.15789473684210525,0.19004524886877827,0.2171945701357466,0.07035175879396985,0.06920415224913495,0.1559633027522936,0.08661417322834646,0.13333333333333333,0.19090909090909092,0.12738853503184713,0.2634146341463415,0.3063063063063063,0.3054545454545455,0.29441624365482233,0.15544041450777202,0.18181818181818182,0.18584070796460178,0.23931623931623933,0.23622047244094488,0.20408163265306123,0.2918454935622318,0.17204301075268819,0.2127659574468085,0.07567567567567568,0.22105263157894736,0.20114942528735633,0.3333333333333333,0.1875,0.2490566037735849,0.17167381974248927,0.2222222222222222,0.1301775147928994,0.25,0.10975609756097561,0.23809523809523808,0.21940928270042195,0.1888412017167382,0.23387096774193547,0.27848101265822783,0.22878228782287824,0.17921146953405018,0.19154929577464788,0.16877637130801687,0.21153846153846154,0.19246861924686193,0.11442786069651742,0.21395348837209302,0.20689655172413793,0.21782178217821782,0.07216494845360824,0.2875816993464052,0.24752475247524752,0.23469387755102042,0.3453815261044177,0.2119815668202765,0.2465753424657534,0.17777777777777778,0.22857142857142856,0.3007518796992481,0.2631578947368421,0.26881720430107525,0.23684210526315788,0.3389830508474576,0.3387096774193548,0.30714285714285716,0.20869565217391303,0.1947565543071161,0.2634146341463415,0.2966101694915254,0.22580645161290322,0.2846441947565543,0.3063063063063063,0.24806201550387597,0.2740740740740741,0.22900763358778625,0.20634920634920634,0.24242424242424243,0.2833333333333333,0.24888888888888888,0.24096385542168675,0.2490272373540856,0.2119205298013245,1.0,0.2049469964664311,0.2767857142857143,0.20444444444444446,0.2,0.12444444444444444,0.21621621621621623,0.1694915254237288,0.20465116279069767,0.2543859649122807,0.2153846153846154,0.2230769230769231,0.1935483870967742,0.15668202764976957,0.2271062271062271,0.21666666666666667,0.2616822429906542,0.24175824175824176,0.21323529411764705,0.2672413793103448,0.26666666666666666,0.21238938053097345,0.336283185840708,0.30275229357798167,0.2591093117408907,0.225,0.3076923076923077,0.26666666666666666,0.30158730158730157,0.14937759336099585,0.3333333333333333,0.2578125,0.22393822393822393,0.27450980392156865,0.23673469387755103,0.3006993006993007,0.23529411764705882,0.2462686567164179,0.2596491228070175,0.24915824915824916,0.2535211267605634,0.216,0.24719101123595505,0.15833333333333333,0.291044776119403,0.13168724279835392,0.1811320754716981,0.24561403508771928,0.20161290322580644,0.21524663677130046,0.30039525691699603,0.2139917695473251,0.3,0.25190839694656486,0.22641509433962265,0.2589928057553957,0.2569444444444444,0.14007782101167315,0.1862348178137652,0.16489361702127658,0.25833333333333336,0.3146067415730337,0.3005464480874317,0.1574074074074074,0.2792452830188679,0.2647058823529412,0.24548736462093862,0.23741007194244604,0.2713178294573643,0.2597402597402597,0.2616033755274262,0.19852941176470587,0.21739130434782608,0.25833333333333336,0.2600896860986547,0.256,0.3805309734513274,0.22009569377990432,0.23376623376623376,0.11059907834101383,0.19117647058823528,0.2490566037735849,0.27692307692307694,0.23236514522821577,0.26373626373626374,0.2288135593220339,0.2591093117408907,0.23387096774193547,0.28451882845188287,0.15730337078651685,0.22134387351778656,0.2222222222222222,0.18181818181818182,0.23448275862068965,0.2517985611510791,0.21551724137931033,0.16,0.2191780821917808,0.19708029197080293,0.23357664233576642,0.17142857142857143,0.2748091603053435,0.26291079812206575,0.16494845360824742
10302451,0.16352201257861634,0.11940298507462686,0.07228915662650602,0.04145077720207254,0.25384615384615383,0.12186379928315412,0.15859030837004406,0.11570247933884298,0.26959247648902823,0.0912863070539419,0.10232558139534884,0.1015625,0.08928571428571429,0.09049773755656108,0.1523809523809524,0.11027568922305764,0.187683284457478,0.2231404958677686,0.08849557522123894,0.08264462809917356,0.08396946564885496,0.13793103448275862,0.19081272084805653,0.37966101694915255,0.16339869281045752,0.14334470989761092,0.11052631578947368,0.26993865030674846,0.16778523489932887,0.15671641791044777,0.17557251908396945,0.20121951219512196,0.2578397212543554,0.24477611940298508,0.17993079584775087,0.14345991561181434,0.08955223880597014,0.11940298507462686,0.04878048780487805,0.06547619047619048,0.0830188679245283,0.10631229235880399,0.09059233449477352,0.11235955056179775,0.049019607843137254,0.15079365079365079,0.18587360594795538,0.16149068322981366,0.14754098360655737,0.11666666666666667,0.1306122448979592,0.1391941391941392,0.12099644128113879,0.292358803986711,0.1728395061728395,0.21428571428571427,0.15450643776824036,0.2127659574468085,0.10551558752997602,0.16033755274261605,0.18227848101265823,0.18587360594795538,0.2140221402214022,0.358974358974359,0.1357142857142857,0.2408026755852843,0.08333333333333333,0.14634146341463414,0.08905380333951762,0.2809364548494983,0.1056338028169014,0.10714285714285714,0.22372881355932203,0.14084507042253522,0.1509433962264151,0.12883435582822086,0.1890547263681592,0.19014084507042253,0.16470588235294117,0.16083916083916083,0.14699331848552338,0.21374045801526717,0.096,0.0963855421686747,0.1078838174273859,0.26628895184135976,0.1285140562248996,0.18930041152263374,0.1891891891891892,0.1590909090909091,0.21804511278195488,0.14705882352941177,0.14383561643835616,0.24281150159744408,0.23272727272727273,0.12017167381974249,0.22545454545454546,0.1696113074204947,0.21694915254237288,0.3241590214067278,0.17328519855595667,0.2484076433121019,0.15079365079365079,0.1625441696113074,0.18983050847457628,0.2229299363057325,0.16356877323420074,0.14426229508196722,0.26498422712933756,0.18770226537216828,0.22742474916387959,0.14388489208633093,0.18815331010452963,0.23529411764705882,0.18243243243243243,0.32894736842105265,0.20057306590257878,0.2049469964664311,1.0,0.13284132841328414,0.16176470588235295,0.23452768729641693,0.16911764705882354,0.16993464052287582,0.2222222222222222,0.16030534351145037,0.18181818181818182,0.2931596091205212,0.18241042345276873,0.2033898305084746,0.17424242424242425,0.25625,0.1602787456445993,0.1685823754789272,0.20625,0.12539184952978055,0.15053763440860216,0.13970588235294118,0.13186813186813187,0.1978021978021978,0.18867924528301888,0.20408163265306123,0.23693379790940766,0.19047619047619047,0.18543046357615894,0.17391304347826086,0.24305555555555555,0.15658362989323843,0.1716171617161716,0.19607843137254902,0.17880794701986755,0.19863013698630136,0.26426426426426425,0.11965811965811966,0.17142857142857143,0.3072289156626506,0.3081395348837209,0.2076923076923077,0.20202020202020202,0.27388535031847133,0.17421602787456447,0.16507936507936508,0.0896551724137931,0.27564102564102566,0.20481927710843373,0.21694915254237288,0.17777777777777778,0.24666666666666667,0.1793103448275862,0.1797752808988764,0.21359223300970873,0.1987179487179487,0.26461538461538464,0.29850746268656714,0.125,0.1292517006802721,0.22695035460992907,0.18118466898954705,0.18471337579617833,0.22276029055690072,0.19011406844106463,0.16666666666666666,0.21316614420062696,0.2654320987654321,0.23384615384615384,0.24918032786885247,0.2647887323943662,0.22535211267605634,0.26332288401253917,0.18772563176895307,0.1951219512195122,0.15555555555555556,0.1414141414141414,0.21245421245421245,0.171875,0.18705035971223022,0.17424242424242425,0.27586206896551724,0.25,0.2671009771986971,0.1527777777777778,0.1625,0.1696113074204947,0.16326530612244897,0.13559322033898305,0.1958041958041958,0.267515923566879,0.19333333333333333,0.19830028328611898,0.2517985611510791,0.22551928783382788,0.24,0.17921146953405018,0.0990990990990991,0.12781954887218044,0.16822429906542055,0.1557632398753894,0.19571865443425077,0.18122977346278318,0.16153846153846155,0.11618257261410789
10341154,0.16216216216216217,0.28708133971291866,0.08421052631578947,0.13432835820895522,0.15920398009950248,0.2545454545454545,0.21428571428571427,0.16393442622950818,0.2230769230769231,0.16483516483516483,0.15384615384615385,0.1319796954314721,0.10909090909090909,0.18518518518518517,0.171875,0.1588235294117647,0.10638297872340426,0.1092896174863388,0.1317365269461078,0.13114754098360656,0.21674876847290642,0.21782178217821782,0.1875,0.17796610169491525,0.1862348178137652,0.23076923076923078,0.14953271028037382,0.20973782771535582,0.2510460251046025,0.15311004784688995,0.2660098522167488,0.20074349442379183,0.17543859649122806,0.2391304347826087,0.2782608695652174,0.19101123595505617,0.21052631578947367,0.19138755980861244,0.06417112299465241,0.06498194945848375,0.24271844660194175,0.08264462809917356,0.13157894736842105,0.22115384615384615,0.08275862068965517,0.14507772020725387,0.21904761904761905,0.23574144486692014,0.23783783783783785,0.16574585635359115,0.21505376344086022,0.205607476635514,0.25225225225225223,0.19008264462809918,0.20652173913043478,0.17194570135746606,0.1839080459770115,0.2242152466367713,0.061452513966480445,0.19101123595505617,0.16071428571428573,0.3142857142857143,0.16981132075471697,0.12648221343873517,0.23529411764705882,0.16666666666666666,0.12738853503184713,0.2543859649122807,0.10416666666666667,0.19166666666666668,0.21333333333333335,0.2171945701357466,0.22033898305084745,0.24,0.2471042471042471,0.14232209737827714,0.15160349854227406,0.1688888888888889,0.1836734693877551,0.18502202643171806,0.08717948717948718,0.2660098522167488,0.23036649214659685,0.25263157894736843,0.054945054945054944,0.21768707482993196,0.25263157894736843,0.17391304347826086,0.2616033755274262,0.2926829268292683,0.2318840579710145,0.14084507042253522,0.24892703862660945,0.2204724409448819,0.21296296296296297,0.367816091954023,0.19444444444444445,0.24107142857142858,0.211864406779661,0.208955223880597,0.23853211009174313,0.1803921568627451,0.22797927461139897,0.26785714285714285,0.2288135593220339,0.24313725490196078,0.24761904761904763,0.2682926829268293,0.2248062015503876,0.224,0.19166666666666668,0.1917808219178082,0.2631578947368421,0.215962441314554,0.2109704641350211,0.20408163265306123,0.2,0.2767857142857143,0.13284132841328414,1.0,0.24413145539906103,0.1935483870967742,0.12206572769953052,0.21052631578947367,0.19081272084805653,0.2660098522167488,0.2037037037037037,0.1935483870967742,0.22580645161290322,0.23728813559322035,0.1951219512195122,0.1532567049808429,0.2807017543859649,0.2079207920792079,0.23754789272030652,0.23076923076923078,0.3181818181818182,0.22535211267605634,0.205607476635514,0.2523364485981308,0.1941747572815534,0.2553191489361702,0.19298245614035087,0.20425531914893616,0.2880658436213992,0.24166666666666667,0.14847161572052403,0.23423423423423423,0.2540983606557377,0.242914979757085,0.23868312757201646,0.19742489270386265,0.25547445255474455,0.24,0.2109375,0.19047619047619047,0.23157894736842105,0.208955223880597,0.16806722689075632,0.2196078431372549,0.10526315789473684,0.2578125,0.12987012987012986,0.18181818181818182,0.20512820512820512,0.2627118644067797,0.2559241706161137,0.1908713692946058,0.23376623376623376,0.28846153846153844,0.208,0.18972332015810275,0.22556390977443608,0.21014492753623187,0.1469387755102041,0.17872340425531916,0.17582417582417584,0.2543859649122807,0.27450980392156865,0.24293785310734464,0.11764705882352941,0.30039525691699603,0.2153846153846154,0.2037735849056604,0.21052631578947367,0.16260162601626016,0.25675675675675674,0.2222222222222222,0.17692307692307693,0.22935779816513763,0.20175438596491227,0.21800947867298578,0.35294117647058826,0.19626168224299065,0.233502538071066,0.273972602739726,0.0975609756097561,0.08461538461538462,0.2134387351778656,0.21774193548387097,0.3056768558951965,0.25287356321839083,0.1875,0.26382978723404255,0.2796610169491525,0.23788546255506607,0.14901960784313725,0.1991701244813278,0.22448979591836735,0.1735159817351598,0.2158273381294964,0.23308270676691728,0.22727272727272727,0.15950920245398773,0.24154589371980675,0.16793893129770993,0.2748091603053435,0.19402985074626866,0.24,0.208955223880597,0.14285714285714285
10384072,0.13076923076923078,0.19047619047619047,0.1256544502617801,0.16296296296296298,0.18811881188118812,0.2081447963800905,0.20118343195266272,0.21739130434782608,0.17624521072796934,0.16393442622950818,0.08917197452229299,0.1111111111111111,0.0963855421686747,0.147239263803681,0.21011673151750973,0.15249266862170088,0.13427561837455831,0.09782608695652174,0.09523809523809523,0.06521739130434782,0.20588235294117646,0.19704433497536947,0.27555555555555555,0.18565400843881857,0.28225806451612906,0.16170212765957448,0.15527950310559005,0.20149253731343283,0.25833333333333336,0.17142857142857143,0.4117647058823529,0.28888888888888886,0.17467248908296942,0.23104693140794225,0.22510822510822512,0.22346368715083798,0.19047619047619047,0.18095238095238095,0.0425531914893617,0.050359712230215826,0.21256038647342995,0.0823045267489712,0.1222707423580786,0.2583732057416268,0.0273972602739726,0.14432989690721648,0.22748815165876776,0.19696969696969696,0.20430107526881722,0.18681318681318682,0.1925133689839572,0.18604651162790697,0.21524663677130046,0.18930041152263374,0.24864864864864866,0.1891891891891892,0.22857142857142856,0.26785714285714285,0.05013927576601671,0.2346368715083799,0.19584569732937684,0.20853080568720378,0.22535211267605634,0.16535433070866143,0.21621621621621623,0.15767634854771784,0.1518987341772152,0.26200873362445415,0.07068607068607069,0.17427385892116182,0.19469026548672566,0.23423423423423423,0.20253164556962025,0.24778761061946902,0.24615384615384617,0.15671641791044777,0.18604651162790697,0.18584070796460178,0.18274111675126903,0.16666666666666666,0.09207161125319693,0.20588235294117646,0.23958333333333334,0.23036649214659685,0.06557377049180328,0.21016949152542372,0.2094240837696335,0.14054054054054055,0.2184873949579832,0.18446601941747573,0.21153846153846154,0.19626168224299065,0.21367521367521367,0.19607843137254902,0.23963133640552994,0.19428571428571428,0.22119815668202766,0.20444444444444446,0.23628691983122363,0.20817843866171004,0.3013698630136986,0.171875,0.28865979381443296,0.24,0.25316455696202533,0.2109375,0.22748815165876776,0.23481781376518218,0.1776061776061776,0.1752988047808765,0.2074688796680498,0.2,0.22707423580786026,0.205607476635514,0.2605042016806723,0.18699186991869918,0.2542955326460481,0.20444444444444446,0.16176470588235295,0.24413145539906103,1.0,0.24899598393574296,0.14953271028037382,0.23387096774193547,0.2605633802816901,0.17647058823529413,0.2672811059907834,0.20883534136546184,0.21686746987951808,0.27848101265822783,0.1941747572815534,0.1297709923664122,0.25327510917030566,0.2660098522167488,0.22137404580152673,0.24521072796934865,0.26244343891402716,0.2523364485981308,0.23255813953488372,0.19534883720930232,0.15458937198067632,0.2457627118644068,0.18340611353711792,0.2288135593220339,0.2540983606557377,0.22406639004149378,0.1391304347826087,0.19730941704035873,0.22857142857142856,0.25,0.21311475409836064,0.1623931623931624,0.18181818181818182,0.17045454545454544,0.2490272373540856,0.21897810218978103,0.18181818181818182,0.2079207920792079,0.19246861924686193,0.1796875,0.08733624454148471,0.2178988326848249,0.1206896551724138,0.1889763779527559,0.1678832116788321,0.23628691983122363,0.20754716981132076,0.18181818181818182,0.15517241379310345,0.2966507177033493,0.16733067729083664,0.2047244094488189,0.1797752808988764,0.17328519855595667,0.11382113821138211,0.1440677966101695,0.16986301369863013,0.27074235807860264,0.203125,0.17464788732394365,0.11707317073170732,0.2283464566929134,0.24521072796934865,0.16541353383458646,0.2247191011235955,0.16194331983805668,0.18181818181818182,0.23008849557522124,0.19157088122605365,0.1735159817351598,0.16593886462882096,0.22641509433962265,0.24267782426778242,0.20465116279069767,0.26262626262626265,0.2545454545454545,0.05825242718446602,0.0842911877394636,0.25196850393700787,0.24899598393574296,0.2,0.2366412213740458,0.18666666666666668,0.2627118644067797,0.27848101265822783,0.21052631578947367,0.2109375,0.1487603305785124,0.2305084745762712,0.15454545454545454,0.1935483870967742,0.1947565543071161,0.22624434389140272,0.13414634146341464,0.2692307692307692,0.1444866920152091,0.2889733840304182,0.17100371747211895,0.2948207171314741,0.26732673267326734,0.16393442622950818
10390396,0.14915254237288136,0.16326530612244897,0.09734513274336283,0.09411764705882353,0.17721518987341772,0.15625,0.17647058823529413,0.182648401826484,0.22972972972972974,0.11926605504587157,0.09375,0.12017167381974249,0.11940298507462686,0.10101010101010101,0.1780821917808219,0.16489361702127658,0.1509433962264151,0.182648401826484,0.11822660098522167,0.0821917808219178,0.1506276150627615,0.19327731092436976,0.2153846153846154,0.29411764705882354,0.21908127208480566,0.15555555555555556,0.16806722689075632,0.27722772277227725,0.26181818181818184,0.17959183673469387,0.27615062761506276,0.2360655737704918,0.1893939393939394,0.21153846153846154,0.18796992481203006,0.19626168224299065,0.13877551020408163,0.16326530612244897,0.08071748878923767,0.07028753993610223,0.14049586776859505,0.11510791366906475,0.10606060606060606,0.16393442622950818,0.04419889502762431,0.1572052401746725,0.25203252032520324,0.2140468227424749,0.19909502262443438,0.16589861751152074,0.17117117117117117,0.136,0.17829457364341086,0.2589928057553957,0.22727272727272727,0.2178988326848249,0.19047619047619047,0.33204633204633205,0.08629441624365482,0.17757009345794392,0.1774193548387097,0.18699186991869918,0.25806451612903225,0.21453287197231835,0.19455252918287938,0.2246376811594203,0.10362694300518134,0.20454545454545456,0.09689922480620156,0.2246376811594203,0.16091954022988506,0.16342412451361868,0.19852941176470587,0.1839080459770115,0.22372881355932203,0.1716171617161716,0.1741424802110818,0.20689655172413793,0.1810344827586207,0.18250950570342206,0.13145539906103287,0.18410041841004185,0.16740088105726872,0.18584070796460178,0.11926605504587157,0.20606060606060606,0.19469026548672566,0.18181818181818182,0.20512820512820512,0.17427385892116182,0.205761316872428,0.1686746987951807,0.17100371747211895,0.19310344827586207,0.3253968253968254,0.14285714285714285,0.35714285714285715,0.19230769230769232,0.22794117647058823,0.26973684210526316,0.2283464566929134,0.2542955326460481,0.22707423580786026,0.2153846153846154,0.23529411764705882,0.30927835051546393,0.2032520325203252,0.19858156028368795,0.23129251700680273,0.21678321678321677,0.2971014492753623,0.17254901960784313,0.21212121212121213,0.20883534136546184,0.21245421245421245,0.2277580071174377,0.22085889570552147,0.2,0.23452768729641693,0.1935483870967742,0.24899598393574296,1.0,0.18473895582329317,0.1696113074204947,0.2445141065830721,0.19246861924686193,0.1984126984126984,0.22535211267605634,0.20422535211267606,0.3235294117647059,0.1991701244813278,0.18181818181818182,0.22727272727272727,0.226890756302521,0.22895622895622897,0.1891891891891892,0.21875,0.18473895582329317,0.176,0.176,0.1652892561983471,0.22878228782287824,0.21212121212121213,0.2066420664206642,0.3225806451612903,0.1956521739130435,0.25660377358490566,0.20930232558139536,0.22857142857142856,0.22614840989399293,0.2222222222222222,0.23048327137546468,0.25161290322580643,0.18009478672985782,0.19863013698630136,0.23948220064724918,0.27414330218068533,0.18565400843881857,0.18248175182481752,0.23367697594501718,0.14393939393939395,0.21232876712328766,0.10486891385767791,0.2906574394463668,0.22006472491909385,0.22058823529411764,0.20242914979757085,0.19494584837545126,0.18726591760299627,0.21311475409836064,0.20279720279720279,0.21453287197231835,0.23178807947019867,0.26282051282051283,0.12099644128113879,0.14022140221402213,0.24,0.2196969696969697,0.18556701030927836,0.19487179487179487,0.15833333333333333,0.18685121107266436,0.2635135135135135,0.3122923588039867,0.23841059602649006,0.23404255319148937,0.25903614457831325,0.3524904214559387,0.24324324324324326,0.1968503937007874,0.21212121212121213,0.21052631578947367,0.1897810218978102,0.176,0.2145922746781116,0.21176470588235294,0.14107883817427386,0.14864864864864866,0.2629757785467128,0.2535211267605634,0.18867924528301888,0.20875420875420875,0.18461538461538463,0.2140221402214022,0.22058823529411764,0.21292775665399238,0.281786941580756,0.18050541516245489,0.23030303030303031,0.20392156862745098,0.2356687898089172,0.23841059602649006,0.2109375,0.1306532663316583,0.18930041152263374,0.15436241610738255,0.2214765100671141,0.16447368421052633,0.23776223776223776,0.21940928270042195,0.13761467889908258
10451420,0.1076923076923077,0.14285714285714285,0.11518324607329843,0.11851851851851852,0.1188118811881188,0.12669683257918551,0.15384615384615385,0.16304347826086957,0.13026819923371646,0.07650273224043716,0.08917197452229299,0.1717171717171717,0.13253012048192772,0.08588957055214724,0.1556420233463035,0.10557184750733138,0.13427561837455831,0.11956521739130435,0.13095238095238096,0.11956521739130435,0.09803921568627451,0.12807881773399016,0.14222222222222222,0.1518987341772152,0.14516129032258066,0.1276595744680851,0.10559006211180125,0.1417910447761194,0.11666666666666667,0.09523809523809523,0.1568627450980392,0.17777777777777778,0.13100436681222707,0.10830324909747292,0.11255411255411256,0.22346368715083798,0.0761904761904762,0.0761904761904762,0.06382978723404255,0.07194244604316546,0.08695652173913043,0.12345679012345678,0.06986899563318777,0.10526315789473684,0.0410958904109589,0.15463917525773196,0.10426540284360189,0.09090909090909091,0.0967741935483871,0.14285714285714285,0.1711229946524064,0.10232558139534884,0.10762331838565023,0.13991769547325103,0.11891891891891893,0.14414414414414414,0.18285714285714286,0.15178571428571427,0.0947075208913649,0.1564245810055866,0.13649851632047477,0.12322274881516587,0.19718309859154928,0.1732283464566929,0.14414414414414414,0.22406639004149378,0.10126582278481013,0.1222707423580786,0.079002079002079,0.1825726141078838,0.07964601769911504,0.10810810810810811,0.16033755274261605,0.11504424778761062,0.11538461538461539,0.19402985074626866,0.13372093023255813,0.168141592920354,0.1116751269035533,0.14035087719298245,0.1585677749360614,0.22549019607843138,0.08333333333333333,0.08376963350785341,0.14207650273224043,0.18305084745762712,0.1256544502617801,0.12972972972972974,0.13445378151260504,0.13592233009708737,0.125,0.16822429906542055,0.11965811965811966,0.10980392156862745,0.1382488479262673,0.12571428571428572,0.14746543778801843,0.11555555555555555,0.10970464135021098,0.1412639405204461,0.1735159817351598,0.15625,0.15463917525773196,0.11555555555555555,0.14345991561181434,0.140625,0.11374407582938388,0.11336032388663968,0.13127413127413126,0.12749003984063745,0.1825726141078838,0.12727272727272726,0.11353711790393013,0.1308411214953271,0.14285714285714285,0.15447154471544716,0.15807560137457044,0.12444444444444444,0.16911764705882354,0.12206572769953052,0.14953271028037382,0.18473895582329317,1.0,0.12903225806451613,0.176056338028169,0.19607843137254902,0.1382488479262673,0.13654618473895583,0.1606425702811245,0.14345991561181434,0.2524271844660194,0.20610687022900764,0.1572052401746725,0.1477832512315271,0.16030534351145037,0.09961685823754789,0.13574660633484162,0.1308411214953271,0.11162790697674418,0.14883720930232558,0.2028985507246377,0.1271186440677966,0.25327510917030566,0.16101694915254236,0.11475409836065574,0.14107883817427386,0.1391304347826087,0.12556053811659193,0.1306122448979592,0.14516129032258066,0.13934426229508196,0.1452991452991453,0.12363636363636364,0.17045454545454544,0.1245136186770428,0.16058394160583941,0.14685314685314685,0.1485148514851485,0.17573221757322174,0.1484375,0.22707423580786026,0.0933852140077821,0.06896551724137931,0.15748031496062992,0.13138686131386862,0.20253164556962025,0.1320754716981132,0.1322314049586777,0.21551724137931033,0.11483253588516747,0.1752988047808765,0.1732283464566929,0.1348314606741573,0.1371841155234657,0.11382113821138211,0.09322033898305085,0.10410958904109589,0.18340611353711792,0.1171875,0.1295774647887324,0.1951219512195122,0.10236220472440945,0.16091954022988506,0.12781954887218044,0.14232209737827714,0.1700404858299595,0.1414141414141414,0.1504424778761062,0.17624521072796934,0.1461187214611872,0.2445414847161572,0.1320754716981132,0.11715481171548117,0.13023255813953488,0.1717171717171717,0.15454545454545454,0.13592233009708737,0.1839080459770115,0.18110236220472442,0.14457831325301204,0.11304347826086956,0.10687022900763359,0.13333333333333333,0.15254237288135594,0.1350210970464135,0.13157894736842105,0.21875,0.15702479338842976,0.12203389830508475,0.14545454545454545,0.13620071684587814,0.14232209737827714,0.15384615384615385,0.12195121951219512,0.125,0.12167300380228137,0.13688212927756654,0.15613382899628253,0.10358565737051793,0.15841584158415842,0.09836065573770492
10459196,0.16326530612244897,0.1885245901639344,0.12444444444444444,0.08284023668639054,0.1864406779661017,0.17254901960784313,0.17733990147783252,0.23853211009174313,0.1694915254237288,0.1382488479262673,0.10471204188481675,0.16379310344827586,0.18,0.10152284263959391,0.281786941580756,0.25066666666666665,0.24605678233438485,0.10091743119266056,0.1485148514851485,0.1834862385321101,0.14285714285714285,0.21940928270042195,0.21621621621621623,0.16236162361623616,0.19148936170212766,0.19330855018587362,0.24719101123595505,0.17880794701986755,0.1897810218978102,0.13934426229508196,0.20168067226890757,0.15789473684210525,0.16730038022813687,0.1864951768488746,0.2037735849056604,0.15023474178403756,0.16393442622950818,0.16393442622950818,0.10810810810810811,0.1987179487179487,0.13278008298755187,0.18050541516245489,0.1444866920152091,0.18930041152263374,0.12222222222222222,0.20175438596491227,0.16326530612244897,0.18120805369127516,0.16363636363636364,0.1388888888888889,0.17194570135746606,0.1606425702811245,0.19455252918287938,0.1588447653429603,0.2009132420091324,0.1953125,0.14354066985645933,0.1937984496124031,0.18829516539440203,0.1596244131455399,0.2210242587601078,0.18775510204081633,0.21862348178137653,0.1527777777777778,0.1796875,0.16727272727272727,0.09375,0.20532319391634982,0.17475728155339806,0.18181818181818182,0.13846153846153847,0.15625,0.1918819188191882,0.16923076923076924,0.19727891156462585,0.23178807947019867,0.21693121693121692,0.13076923076923078,0.19913419913419914,0.13740458015267176,0.18352941176470589,0.18487394957983194,0.17699115044247787,0.19555555555555557,0.11981566820276497,0.22492401215805471,0.1688888888888889,0.136986301369863,0.19852941176470587,0.19166666666666668,0.21487603305785125,0.25,0.15671641791044777,0.20069204152249134,0.199203187250996,0.22966507177033493,0.16733067729083664,0.2084942084942085,0.22140221402214022,0.1782178217821782,0.25296442687747034,0.15862068965517243,0.16666666666666666,0.20077220077220076,0.15498154981549817,0.18620689655172415,0.19591836734693877,0.18505338078291814,0.17064846416382254,0.1543859649122807,0.24727272727272728,0.12598425196850394,0.19771863117870722,0.18548387096774194,0.18382352941176472,0.19285714285714287,0.16615384615384615,0.21621621621621623,0.16993464052287582,0.21052631578947367,0.23387096774193547,0.1696113074204947,0.12903225806451613,1.0,0.18238993710691823,0.18487394957983194,0.1752988047808765,0.1696113074204947,0.19081272084805653,0.18450184501845018,0.15,0.17567567567567569,0.21292775665399238,0.1940928270042194,0.21621621621621623,0.2305084745762712,0.2196078431372549,0.1532258064516129,0.1285140562248996,0.1927710843373494,0.1991701244813278,0.17037037037037037,0.1596958174904943,0.2,0.19424460431654678,0.18181818181818182,0.10606060606060606,0.17120622568093385,0.2078853046594982,0.23404255319148937,0.17985611510791366,0.13432835820895522,0.1941747572815534,0.12380952380952381,0.19243986254295534,0.16883116883116883,0.18125,0.211864406779661,0.1684981684981685,0.16551724137931034,0.11406844106463879,0.18556701030927836,0.14285714285714285,0.1388888888888889,0.2077922077922078,0.1992619926199262,0.17886178861788618,0.17391304347826086,0.18045112781954886,0.205761316872428,0.1543859649122807,0.16666666666666666,0.16611295681063123,0.21221864951768488,0.17857142857142858,0.2222222222222222,0.15538847117794485,0.20532319391634982,0.2206896551724138,0.17480719794344474,0.100418410041841,0.1875,0.2033898305084746,0.15333333333333332,0.17940199335548174,0.21352313167259787,0.1933534743202417,0.2,0.1423728813559322,0.17391304347826086,0.17490494296577946,0.16260162601626016,0.17582417582417584,0.1686746987951807,0.21551724137931033,0.2047244094488189,0.10833333333333334,0.1152542372881356,0.2013888888888889,0.18374558303886926,0.1893939393939394,0.20270270270270271,0.21621621621621623,0.18518518518518517,0.2140221402214022,0.22900763358778625,0.1724137931034483,0.17391304347826086,0.1762917933130699,0.11811023622047244,0.1853035143769968,0.17940199335548174,0.1803921568627451,0.16161616161616163,0.2231404958677686,0.2222222222222222,0.18855218855218855,0.15181518151815182,0.19649122807017544,0.2033898305084746,0.1382488479262673
10461815,0.13333333333333333,0.20714285714285716,0.09195402298850575,0.0975609756097561,0.125,0.15120274914089346,0.1506276150627615,0.15748031496062992,0.22356495468277945,0.11857707509881422,0.10572687224669604,0.14925373134328357,0.0847457627118644,0.10300429184549356,0.19571865443425077,0.15085158150851583,0.12464589235127478,0.14960629921259844,0.08403361344537816,0.07874015748031496,0.13138686131386862,0.18315018315018314,0.19661016949152543,0.20195439739413681,0.20754716981132076,0.15737704918032788,0.15306122448979592,0.21893491124260356,0.21935483870967742,0.1357142857142857,0.26277372262773724,0.24705882352941178,0.14715719063545152,0.2017291066282421,0.17275747508305647,0.20883534136546184,0.14285714285714285,0.1357142857142857,0.10077519379844961,0.10344827586206896,0.15162454873646208,0.134185303514377,0.13377926421404682,0.13620071684587814,0.07407407407407407,0.16666666666666666,0.16370106761565836,0.17964071856287425,0.15625,0.15873015873015872,0.16342412451361868,0.14035087719298245,0.17064846416382254,0.26198083067092653,0.23529411764705882,0.19863013698630136,0.19591836734693877,0.2108843537414966,0.11655011655011654,0.17670682730923695,0.20147420147420148,0.15658362989323843,0.1978798586572438,0.2222222222222222,0.4178082191780822,0.2572347266881029,0.08771929824561403,0.2140468227424749,0.09800362976406533,0.24437299035369775,0.14864864864864866,0.15753424657534246,0.18892508143322476,0.16891891891891891,0.23030303030303031,0.1893491124260355,0.19806763285024154,0.20945945945945946,0.20973782771535582,0.19463087248322147,0.1735357917570499,0.20437956204379562,0.1984732824427481,0.1532567049808429,0.11857707509881422,0.23013698630136986,0.1532567049808429,0.1568627450980392,0.16883116883116883,0.15942028985507245,0.19424460431654678,0.14788732394366197,0.14473684210526316,0.18461538461538463,0.18815331010452963,0.15510204081632653,0.20209059233449478,0.18305084745762712,0.18892508143322476,0.20058997050147492,0.22145328719723184,0.17791411042944785,0.22727272727272727,0.18983050847457628,0.21498371335504887,0.20245398773006135,0.18505338078291814,0.1640378548895899,0.22492401215805471,0.21806853582554517,0.2379421221864952,0.1310344827586207,0.20066889632107024,0.18309859154929578,0.18181818181818182,0.20253164556962025,0.22714681440443213,0.1694915254237288,0.2222222222222222,0.19081272084805653,0.2605633802816901,0.2445141065830721,0.176056338028169,0.18238993710691823,1.0,0.19708029197080293,0.18815331010452963,0.2006269592476489,0.19435736677115986,0.21498371335504887,0.2536231884057971,0.22289156626506024,0.2140468227424749,0.21245421245421245,0.24096385542168675,0.2175226586102719,0.19931271477663232,0.14788732394366197,0.14035087719298245,0.16140350877192983,0.15162454873646208,0.17647058823529413,0.20735785953177258,0.1830065359477124,0.2229299363057325,0.16720257234726688,0.16666666666666666,0.18430034129692832,0.19682539682539682,0.2641509433962264,0.2229299363057325,0.2236842105263158,0.22608695652173913,0.17886178861788618,0.17737003058103976,0.2558139534883721,0.21348314606741572,0.18382352941176472,0.18122977346278318,0.2822085889570552,0.14046822742474915,0.1834862385321101,0.13245033112582782,0.24691358024691357,0.22093023255813954,0.2671009771986971,0.2198581560283688,0.15384615384615385,0.19205298013245034,0.26523297491039427,0.2118380062305296,0.17901234567901234,0.2195845697329377,0.207492795389049,0.16455696202531644,0.1503267973856209,0.23908045977011494,0.22073578595317725,0.17177914110429449,0.23529411764705882,0.15272727272727274,0.17901234567901234,0.229607250755287,0.18452380952380953,0.24925816023738873,0.20189274447949526,0.20708446866485014,0.22297297297297297,0.23564954682779457,0.17301038062283736,0.1939799331103679,0.1702127659574468,0.20064724919093851,0.14035087719298245,0.23880597014925373,0.2,0.15942028985507245,0.2175226586102719,0.22839506172839505,0.219435736677116,0.20666666666666667,0.20481927710843373,0.2033898305084746,0.19607843137254902,0.2280130293159609,0.21476510067114093,0.24539877300613497,0.21794871794871795,0.2191780821917808,0.2,0.2349570200573066,0.2314540059347181,0.19243986254295534,0.1111111111111111,0.19424460431654678,0.15015015015015015,0.2042042042042042,0.2359882005899705,0.23052959501557632,0.2426470588235294,0.1422924901185771
11152667,0.152,0.22,0.08839779005524862,0.144,0.13541666666666666,0.23696682464454977,0.16352201257861634,0.14942528735632185,0.22310756972111553,0.20809248554913296,0.1360544217687075,0.14893617021276595,0.10256410256410256,0.16993464052287582,0.1700404858299595,0.1510574018126888,0.11721611721611722,0.14942528735632185,0.11392405063291139,0.11494252873563218,0.15463917525773196,0.20725388601036268,0.15813953488372093,0.18502202643171806,0.15126050420168066,0.18666666666666668,0.15384615384615385,0.1937984496124031,0.17391304347826086,0.15,0.17525773195876287,0.16923076923076924,0.1552511415525114,0.20224719101123595,0.22624434389140272,0.2485207100591716,0.18,0.19,0.11235955056179775,0.08208955223880597,0.14213197969543148,0.13733905579399142,0.1552511415525114,0.1306532663316583,0.10294117647058823,0.18478260869565216,0.1890547263681592,0.2047244094488189,0.20454545454545456,0.19767441860465115,0.21468926553672316,0.13658536585365855,0.2347417840375587,0.24034334763948498,0.2057142857142857,0.22641509433962265,0.2787878787878788,0.205607476635514,0.09169054441260745,0.20118343195266272,0.1651376146788991,0.24875621890547264,0.17733990147783252,0.14754098360655737,0.20754716981132076,0.22510822510822512,0.14864864864864866,0.1643835616438356,0.09766454352441614,0.23376623376623376,0.19444444444444445,0.16981132075471697,0.2026431718061674,0.18518518518518517,0.152,0.16279069767441862,0.16167664670658682,0.2037037037037037,0.22459893048128343,0.21100917431192662,0.11023622047244094,0.26804123711340205,0.2087912087912088,0.23204419889502761,0.12716763005780346,0.23157894736842105,0.23204419889502761,0.16,0.21052631578947367,0.22448979591836735,0.18181818181818182,0.16666666666666666,0.21428571428571427,0.15510204081632653,0.2028985507246377,0.4,0.2028985507246377,0.15813953488372093,0.18502202643171806,0.20077220077220076,0.23923444976076555,0.16260162601626016,0.16304347826086957,0.24186046511627907,0.14096916299559473,0.22764227642276422,0.1691542288557214,0.1940928270042194,0.23293172690763053,0.2572614107883817,0.2077922077922078,0.1523809523809524,0.1643835616438356,0.22549019607843138,0.15789473684210525,0.23728813559322035,0.17793594306049823,0.20465116279069767,0.16030534351145037,0.2660098522167488,0.17647058823529413,0.19246861924686193,0.19607843137254902,0.18487394957983194,0.19708029197080293,1.0,0.14492753623188406,0.16736401673640167,0.1506276150627615,0.19383259911894274,0.3673469387755102,0.23809523809523808,0.2465753424657534,0.16580310880829016,0.18253968253968253,0.16733067729083664,0.2559241706161137,0.17647058823529413,0.15609756097560976,0.13658536585365855,0.19289340101522842,0.168141592920354,0.2374429223744292,0.168141592920354,0.24786324786324787,0.17316017316017315,0.15454545454545454,0.215962441314554,0.2127659574468085,0.25210084033613445,0.1794871794871795,0.24107142857142858,0.17358490566037735,0.26506024096385544,0.13765182186234817,0.1893939393939394,0.1956521739130435,0.17708333333333334,0.20087336244541484,0.1951219512195122,0.2009132420091324,0.21862348178137653,0.15315315315315314,0.19672131147540983,0.22727272727272727,0.2555066079295154,0.21782178217821782,0.1810344827586207,0.24324324324324326,0.22110552763819097,0.24896265560165975,0.19672131147540983,0.20233463035019456,0.20224719101123595,0.1694915254237288,0.20353982300884957,0.15774647887323945,0.2557077625570776,0.22764227642276422,0.19710144927536233,0.19487179487179487,0.1885245901639344,0.2151394422310757,0.1875,0.20233463035019456,0.16033755274261605,0.20905923344947736,0.23148148148148148,0.19123505976095617,0.21052631578947367,0.228310502283105,0.16831683168316833,0.20087336244541484,0.14634146341463414,0.18085106382978725,0.19047619047619047,0.1836734693877551,0.14342629482071714,0.1885245901639344,0.17573221757322174,0.2,0.19047619047619047,0.16744186046511628,0.20353982300884957,0.21145374449339208,0.1743119266055046,0.17886178861788618,0.25862068965517243,0.17543859649122806,0.18095238095238095,0.19330855018587362,0.20233463035019456,0.20853080568720378,0.2077922077922078,0.21212121212121213,0.15810276679841898,0.18972332015810275,0.21621621621621623,0.1908713692946058,0.19791666666666666,0.15028901734104047
11178236,0.19771863117870722,0.16901408450704225,0.15463917525773196,0.11594202898550725,0.1951219512195122,0.25,0.18604651162790697,0.21390374331550802,0.24242424242424243,0.1827956989247312,0.15,0.1890547263681592,0.11834319526627218,0.1686746987951807,0.2076923076923077,0.1511627906976744,0.1258741258741259,0.13903743315508021,0.11695906432748537,0.10695187165775401,0.17391304347826086,0.17475728155339806,0.21052631578947367,0.23333333333333334,0.20717131474103587,0.21008403361344538,0.15384615384615385,0.23616236162361623,0.2222222222222222,0.24413145539906103,0.28019323671497587,0.2564102564102564,0.25862068965517243,0.2,0.19658119658119658,0.2087912087912088,0.18779342723004694,0.3004694835680751,0.06282722513089005,0.09252669039145907,0.18095238095238095,0.10569105691056911,0.1724137931034483,0.19811320754716982,0.09395973154362416,0.17258883248730963,0.22429906542056074,0.23220973782771537,0.2328042328042328,0.1945945945945946,0.15789473684210525,0.22018348623853212,0.23893805309734514,0.22764227642276422,0.19148936170212766,0.18666666666666668,0.12359550561797752,0.2290748898678414,0.07734806629834254,0.25274725274725274,0.17647058823529413,0.19626168224299065,0.19444444444444445,0.20233463035019456,0.20444444444444446,0.20491803278688525,0.14906832298136646,0.23275862068965517,0.10330578512396695,0.18032786885245902,0.18340611353711792,0.19555555555555557,0.20833333333333334,0.22707423580786026,0.2509505703422053,0.17712177121771217,0.1729106628242075,0.2183406113537118,0.19,0.22510822510822512,0.1319796954314721,0.1642512077294686,0.18461538461538463,0.20618556701030927,0.0967741935483871,0.2080536912751678,0.1958762886597938,0.23404255319148937,0.24896265560165975,0.1722488038277512,0.20853080568720378,0.18433179723502305,0.21940928270042195,0.23255813953488372,0.21818181818181817,0.15730337078651685,0.23636363636363636,0.2631578947368421,0.225,0.25,0.1981981981981982,0.2084942084942085,0.27411167512690354,0.2631578947368421,0.225,0.20077220077220076,0.2523364485981308,0.2,0.22900763358778625,0.2125984251968504,0.19672131147540983,0.2600896860986547,0.23275862068965517,0.22119815668202766,0.24896265560165975,0.1927710843373494,0.19047619047619047,0.2543859649122807,0.18181818181818182,0.2037037037037037,0.2672811059907834,0.1984126984126984,0.1382488479262673,0.1752988047808765,0.18815331010452963,0.14492753623188406,1.0,0.20634920634920634,0.1984126984126984,0.23333333333333334,0.15311004784688995,0.19622641509433963,0.20689655172413793,0.2621359223300971,0.2037735849056604,0.19696969696969696,0.21428571428571427,0.22119815668202766,0.22935779816513763,0.24770642201834864,0.2,0.24267782426778242,0.19827586206896552,0.2594142259414226,0.21052631578947367,0.22131147540983606,0.1630901287553648,0.23008849557522124,0.21774193548387097,0.20717131474103587,0.23481781376518218,0.2109704641350211,0.20863309352517986,0.1452513966480447,0.23076923076923078,0.23104693140794225,0.22145328719723184,0.25365853658536586,0.21487603305785125,0.2471042471042471,0.16379310344827586,0.23076923076923078,0.1702127659574468,0.20233463035019456,0.20938628158844766,0.21666666666666667,0.21395348837209302,0.22857142857142856,0.16170212765957448,0.24528301886792453,0.1889763779527559,0.20233463035019456,0.21481481481481482,0.2,0.15261044176706828,0.16736401673640167,0.16304347826086957,0.22413793103448276,0.20077220077220076,0.18435754189944134,0.15384615384615385,0.22568093385214008,0.2196969696969697,0.16356877323420074,0.2518518518518518,0.184,0.20666666666666667,0.2445414847161572,0.19696969696969696,0.1891891891891892,0.19827586206896552,0.23255813953488372,0.2396694214876033,0.25688073394495414,0.21890547263681592,0.2242152466367713,0.09569377990430622,0.15151515151515152,0.2723735408560311,0.2777777777777778,0.19742489270386265,0.22641509433962265,0.20175438596491227,0.22594142259414227,0.23333333333333334,0.2510822510822511,0.1776061776061776,0.17959183673469387,0.2080536912751678,0.19730941704035873,0.20567375886524822,0.2074074074074074,0.22321428571428573,0.11976047904191617,0.24644549763033174,0.18045112781954886,0.21804511278195488,0.14705882352941177,0.2992125984251969,0.2634146341463415,0.22580645161290322
11282283,0.13559322033898305,0.16326530612244897,0.061946902654867256,0.047058823529411764,0.18565400843881857,0.234375,0.16666666666666666,0.1278538812785388,0.2702702702702703,0.13761467889908258,0.10416666666666667,0.08583690987124463,0.08955223880597014,0.15151515151515152,0.136986301369863,0.14893617021276595,0.18867924528301888,0.2191780821917808,0.08866995073891626,0.0821917808219178,0.17573221757322174,0.16806722689075632,0.17692307692307693,0.25,0.2332155477031802,0.17037037037037037,0.15126050420168066,0.2706270627062706,0.1890909090909091,0.21224489795918366,0.24267782426778242,0.24918032786885247,0.20454545454545456,0.22435897435897437,0.18045112781954886,0.14953271028037382,0.18775510204081633,0.18775510204081633,0.053811659192825115,0.04472843450479233,0.1652892561983471,0.10071942446043165,0.12121212121212122,0.22131147540983606,0.04419889502762431,0.13100436681222707,0.21138211382113822,0.1939799331103679,0.19909502262443438,0.15668202764976957,0.16216216216216217,0.176,0.18604651162790697,0.2589928057553957,0.16363636363636364,0.17120622568093385,0.1523809523809524,0.277992277992278,0.07614213197969544,0.16822429906542055,0.1935483870967742,0.22764227642276422,0.22580645161290322,0.20069204152249134,0.14007782101167315,0.2246376811594203,0.14507772020725387,0.1893939393939394,0.07751937984496124,0.2608695652173913,0.20689655172413793,0.22568093385214008,0.16911764705882354,0.22988505747126436,0.21016949152542372,0.1188118811881188,0.19525065963060687,0.24521072796934865,0.13793103448275862,0.22813688212927757,0.11267605633802817,0.18410041841004185,0.19383259911894274,0.18584070796460178,0.09174311926605505,0.28484848484848485,0.19469026548672566,0.17272727272727273,0.20512820512820512,0.16597510373443983,0.3374485596707819,0.1285140562248996,0.2379182156133829,0.2206896551724138,0.3333333333333333,0.1619047619047619,0.2619047619047619,0.2076923076923077,0.19852941176470587,0.28289473684210525,0.2047244094488189,0.21305841924398625,0.2445414847161572,0.23846153846153847,0.19852941176470587,0.3230240549828179,0.21138211382113822,0.23404255319148937,0.2653061224489796,0.24475524475524477,0.2391304347826087,0.2196078431372549,0.20454545454545456,0.18473895582329317,0.2271062271062271,0.2206405693950178,0.2392638036809816,0.2153846153846154,0.2931596091205212,0.1935483870967742,0.20883534136546184,0.22535211267605634,0.13654618473895583,0.1696113074204947,0.2006269592476489,0.16736401673640167,0.20634920634920634,1.0,0.176056338028169,0.29411764705882354,0.15767634854771784,0.20202020202020202,0.18181818181818182,0.19327731092436976,0.20202020202020202,0.1891891891891892,0.1953125,0.2248995983935743,0.224,0.216,0.1487603305785124,0.24354243542435425,0.1893939393939394,0.1992619926199262,0.2007168458781362,0.2246376811594203,0.24150943396226415,0.2248062015503876,0.2,0.19081272084805653,0.2007168458781362,0.23048327137546468,0.25806451612903225,0.15165876777251186,0.2191780821917808,0.26537216828478966,0.2367601246105919,0.2109704641350211,0.24087591240875914,0.2268041237113402,0.14393939393939395,0.19863013698630136,0.1198501872659176,0.2491349480968858,0.26537216828478966,0.33088235294117646,0.17813765182186234,0.20216606498194944,0.1647940074906367,0.22131147540983606,0.22377622377622378,0.23529411764705882,0.25165562913907286,0.23076923076923078,0.13523131672597866,0.14760147601476015,0.215,0.25,0.19243986254295534,0.2153846153846154,0.19166666666666668,0.18685121107266436,0.24324324324324326,0.26578073089701,0.31125827814569534,0.24113475177304963,0.21686746987951808,0.26053639846743293,0.22972972972972974,0.14960629921259844,0.18181818181818182,0.22672064777327935,0.1897810218978102,0.24,0.1630901287553648,0.19607843137254902,0.13278008298755187,0.16891891891891891,0.2768166089965398,0.3028169014084507,0.18867924528301888,0.20875420875420875,0.16153846153846155,0.23616236162361623,0.21323529411764705,0.20532319391634982,0.21305841924398625,0.20216606498194944,0.2909090909090909,0.27450980392156865,0.2356687898089172,0.24503311258278146,0.28125,0.11055276381909548,0.2551440329218107,0.18791946308724833,0.2080536912751678,0.23026315789473684,0.23076923076923078,0.2109704641350211,0.14678899082568808
11316960,0.17627118644067796,0.17959183673469387,0.08849557522123894,0.09411764705882353,0.16033755274261605,0.2109375,0.20588235294117646,0.1461187214611872,0.23648648648648649,0.10091743119266056,0.07291666666666667,0.11158798283261803,0.08955223880597014,0.1111111111111111,0.1506849315068493,0.15425531914893617,0.12578616352201258,0.1187214611872146,0.08866995073891626,0.0639269406392694,0.18410041841004185,0.18487394957983194,0.2,0.19117647058823528,0.1978798586572438,0.17777777777777778,0.1400560224089636,0.24422442244224424,0.24,0.15510204081632653,0.2175732217573222,0.21639344262295082,0.1893939393939394,0.23717948717948717,0.23308270676691728,0.14953271028037382,0.18775510204081633,0.1469387755102041,0.07174887892376682,0.06389776357827476,0.17355371900826447,0.08633093525179857,0.10606060606060606,0.20491803278688525,0.055248618784530384,0.14847161572052403,0.2032520325203252,0.2140468227424749,0.2081447963800905,0.16589861751152074,0.26126126126126126,0.376,0.18604651162790697,0.17985611510791366,0.17272727272727273,0.17898832684824903,0.1619047619047619,0.19305019305019305,0.06598984771573604,0.1588785046728972,0.16666666666666666,0.24390243902439024,0.22580645161290322,0.17993079584775087,0.19455252918287938,0.15942028985507245,0.09326424870466321,0.21212121212121213,0.08527131782945736,0.18840579710144928,0.1685823754789272,0.20233463035019456,0.22058823529411764,0.21455938697318008,0.23728813559322035,0.13861386138613863,0.158311345646438,0.1532567049808429,0.1810344827586207,0.1520912547528517,0.09859154929577464,0.18410041841004185,0.15859030837004406,0.18584070796460178,0.09174311926605505,0.2,0.20353982300884957,0.17272727272727273,0.1978021978021978,0.17427385892116182,0.23045267489711935,0.17670682730923695,0.23048327137546468,0.2413793103448276,0.19047619047619047,0.18095238095238095,0.19047619047619047,0.23846153846153847,0.21323529411764705,0.23684210526315788,0.25196850393700787,0.18556701030927836,0.19213973799126638,0.24615384615384617,0.22794117647058823,0.21993127147766323,0.23577235772357724,0.22695035460992907,0.23809523809523808,0.17482517482517482,0.21739130434782608,0.18823529411764706,0.22727272727272727,0.18473895582329317,0.26373626373626374,0.20640569395017794,0.24539877300613497,0.2230769230769231,0.18241042345276873,0.22580645161290322,0.21686746987951808,0.20422535211267606,0.1606425702811245,0.19081272084805653,0.19435736677115986,0.1506276150627615,0.1984126984126984,0.176056338028169,1.0,0.22794117647058823,0.14107883817427386,0.15488215488215487,0.20454545454545456,0.2184873949579832,0.24915824915824916,0.21621621621621623,0.2578125,0.20080321285140562,0.216,0.272,0.2066115702479339,0.2140221402214022,0.18181818181818182,0.1992619926199262,0.22939068100358423,0.2463768115942029,0.12075471698113208,0.2248062015503876,0.22142857142857142,0.19081272084805653,0.2222222222222222,0.17843866171003717,0.25161290322580643,0.17061611374407584,0.2328767123287671,0.18770226537216828,0.27414330218068533,0.20253164556962025,0.1678832116788321,0.281786941580756,0.14393939393939395,0.22602739726027396,0.10486891385767791,0.16608996539792387,0.18122977346278318,0.18382352941176472,0.17813765182186234,0.18050541516245489,0.14232209737827714,0.21311475409836064,0.17482517482517482,0.21453287197231835,0.2052980132450331,0.27564102564102566,0.1708185053380783,0.17712177121771217,0.195,0.23484848484848486,0.2542955326460481,0.2,0.13333333333333333,0.23529411764705882,0.22972972972972974,0.19269102990033224,0.1986754966887417,0.19858156028368795,0.2289156626506024,0.1839080459770115,0.17567567567567569,0.1732283464566929,0.18181818181818182,0.19433198380566802,0.20437956204379562,0.176,0.2317596566523605,0.20392156862745098,0.0912863070539419,0.13513513513513514,0.22145328719723184,0.2112676056338028,0.21132075471698114,0.2895622895622896,0.2,0.2656826568265683,0.25735294117647056,0.2585551330798479,0.17869415807560138,0.18772563176895307,0.21818181818181817,0.1803921568627451,0.2229299363057325,0.23841059602649006,0.2109375,0.11055276381909548,0.18106995884773663,0.1610738255033557,0.2550335570469799,0.13157894736842105,0.23076923076923078,0.2109704641350211,0.12844036697247707
11327430,0.11307420494699646,0.17167381974248927,0.07476635514018691,0.0759493670886076,0.14222222222222222,0.22950819672131148,0.14583333333333334,0.13526570048309178,0.24647887323943662,0.13592233009708737,0.07777777777777778,0.09049773755656108,0.09523809523809523,0.13978494623655913,0.17857142857142858,0.19230769230769232,0.13725490196078433,0.17391304347826086,0.09424083769633508,0.057971014492753624,0.23788546255506607,0.17699115044247787,0.1935483870967742,0.25384615384615383,0.2878228782287823,0.13178294573643412,0.17971014492753623,0.35051546391752575,0.2661596958174905,0.1630901287553648,0.30837004405286345,0.32764505119453924,0.15873015873015872,0.22666666666666666,0.1968503937007874,0.2079207920792079,0.19742489270386265,0.15450643776824036,0.05687203791469194,0.046511627906976744,0.20869565217391303,0.10526315789473684,0.1111111111111111,0.3103448275862069,0.011834319526627219,0.14746543778801843,0.18803418803418803,0.20209059233449478,0.21052631578947367,0.1951219512195122,0.19047619047619047,0.226890756302521,0.1951219512195122,0.21804511278195488,0.17307692307692307,0.17142857142857143,0.16161616161616163,0.4777327935222672,0.06806282722513089,0.16831683168316833,0.19444444444444445,0.2222222222222222,0.22033898305084745,0.17328519855595667,0.1469387755102041,0.1893939393939394,0.143646408839779,0.23809523809523808,0.06746031746031746,0.20454545454545456,0.2248995983935743,0.22857142857142856,0.15384615384615385,0.2570281124497992,0.24734982332155478,0.11683848797250859,0.18528610354223432,0.2248995983935743,0.13636363636363635,0.22310756972111553,0.1111111111111111,0.1762114537444934,0.23255813953488372,0.22429906542056074,0.11650485436893204,0.22641509433962265,0.19626168224299065,0.1346153846153846,0.21455938697318008,0.1572052401746725,0.2077922077922078,0.1518987341772152,0.25680933852140075,0.2014388489208633,0.38333333333333336,0.18181818181818182,0.35833333333333334,0.20161290322580644,0.19230769230769232,0.3287671232876712,0.2066115702479339,0.2724014336917563,0.2672811059907834,0.28225806451612906,0.19230769230769232,0.3870967741935484,0.19658119658119658,0.2740740740740741,0.2553191489361702,0.21897810218978103,0.2803030303030303,0.24691358024691357,0.20634920634920634,0.1518987341772152,0.25287356321839083,0.18587360594795538,0.27388535031847133,0.1935483870967742,0.2033898305084746,0.23728813559322035,0.27848101265822783,0.3235294117647059,0.14345991561181434,0.18450184501845018,0.21498371335504887,0.19383259911894274,0.23333333333333334,0.29411764705882354,0.22794117647058823,1.0,0.1572052401746725,0.16140350877192983,0.19047619047619047,0.20353982300884957,0.24561403508771928,0.24647887323943662,0.2540983606557377,0.25316455696202533,0.25210084033613445,0.19327731092436976,0.13043478260869565,0.2548262548262548,0.1746031746031746,0.21621621621621623,0.20973782771535582,0.26515151515151514,0.2845849802371542,0.2032520325203252,0.2462686567164179,0.2140221402214022,0.1797752808988764,0.20233463035019456,0.26174496644295303,0.1507537688442211,0.2571428571428571,0.22895622895622897,0.2977346278317152,0.16,0.1984732824427481,0.23655913978494625,0.1111111111111111,0.2357142857142857,0.10980392156862745,0.3176895306859206,0.20202020202020202,0.2846153846153846,0.15319148936170213,0.15849056603773584,0.1568627450980392,0.2413793103448276,0.1897810218978102,0.24548736462093862,0.22758620689655173,0.3,0.11895910780669144,0.12355212355212356,0.25773195876288657,0.2857142857142857,0.2222222222222222,0.2222222222222222,0.14035087719298245,0.22382671480144403,0.2746478873239437,0.3044982698961938,0.2896551724137931,0.24444444444444444,0.28125,0.3373493975903614,0.19718309859154928,0.1487603305785124,0.18253968253968253,0.22127659574468084,0.24427480916030533,0.18487394957983194,0.19004524886877827,0.205761316872428,0.09606986899563319,0.11971830985915492,0.2743682310469314,0.27941176470588236,0.18181818181818182,0.24561403508771928,0.1693548387096774,0.3088803088803089,0.27692307692307694,0.199203187250996,0.2724014336917563,0.1660377358490566,0.27044025157232704,0.18106995884773663,0.2251655629139073,0.2413793103448276,0.27049180327868855,0.10695187165775401,0.2683982683982684,0.13286713286713286,0.25874125874125875,0.2054794520547945,0.29927007299270075,0.2311111111111111,0.14563106796116504
11338033,0.1349206349206349,0.16831683168316833,0.08743169398907104,0.12598425196850394,0.1134020618556701,0.24413145539906103,0.17391304347826086,0.14772727272727273,0.20553359683794467,0.19428571428571428,0.12080536912751678,0.12631578947368421,0.10126582278481013,0.12903225806451613,0.1606425702811245,0.14414414414414414,0.10181818181818182,0.1590909090909091,0.1,0.10227272727272728,0.1326530612244898,0.17435897435897435,0.14746543778801843,0.17467248908296942,0.14166666666666666,0.18502202643171806,0.1464968152866242,0.18461538461538463,0.1724137931034483,0.1485148514851485,0.20408163265306123,0.17557251908396945,0.13574660633484162,0.15613382899628253,0.2242152466367713,0.23391812865497075,0.16831683168316833,0.19801980198019803,0.1,0.08148148148148149,0.12060301507537688,0.1276595744680851,0.14479638009049775,0.11940298507462686,0.10144927536231885,0.16129032258064516,0.17733990147783252,0.171875,0.16853932584269662,0.1724137931034483,0.18994413407821228,0.12560386473429952,0.18604651162790697,0.2553191489361702,0.22598870056497175,0.22429906542056074,0.25149700598802394,0.16666666666666666,0.09116809116809117,0.17543859649122806,0.1458966565349544,0.17733990147783252,0.15609756097560976,0.18699186991869918,0.17757009345794392,0.26609442060085836,0.13333333333333333,0.14479638009049775,0.09725158562367865,0.2317596566523605,0.21100917431192662,0.1588785046728972,0.20087336244541484,0.1834862385321101,0.15079365079365079,0.13846153846153847,0.14285714285714285,0.1926605504587156,0.2222222222222222,0.22727272727272727,0.10443864229765012,0.2653061224489796,0.18478260869565216,0.2185792349726776,0.12571428571428572,0.21602787456445993,0.22950819672131148,0.15819209039548024,0.1391304347826087,0.18181818181818182,0.16,0.13592233009708737,0.18584070796460178,0.145748987854251,0.1722488038277512,0.2275449101796407,0.18181818181818182,0.15668202764976957,0.19213973799126638,0.1839080459770115,0.18009478672985782,0.13709677419354838,0.16129032258064516,0.18433179723502305,0.18340611353711792,0.20161290322580644,0.1477832512315271,0.1506276150627615,0.20717131474103587,0.23868312757201646,0.1888412017167382,0.14150943396226415,0.13574660633484162,0.21359223300970873,0.14782608695652175,0.226890756302521,0.1625441696113074,0.15668202764976957,0.17424242424242425,0.1951219512195122,0.1941747572815534,0.1991701244813278,0.2524271844660194,0.15,0.2536231884057971,0.3673469387755102,0.15311004784688995,0.15767634854771784,0.14107883817427386,0.1572052401746725,1.0,0.25196850393700787,0.26244343891402716,0.15384615384615385,0.2047244094488189,0.15019762845849802,0.215962441314554,0.14563106796116504,0.15458937198067632,0.12560386473429952,0.1708542713567839,0.14912280701754385,0.2986425339366516,0.13157894736842105,0.23728813559322035,0.13733905579399142,0.15315315315315314,0.20465116279069767,0.1940928270042194,0.21666666666666667,0.1694915254237288,0.23008849557522124,0.1647940074906367,0.25,0.12048192771084337,0.21804511278195488,0.17985611510791366,0.16494845360824742,0.19047619047619047,0.18548387096774194,0.15384615384615385,0.18473895582329317,0.14285714285714285,0.2032520325203252,0.20300751879699247,0.2445414847161572,0.22549019607843138,0.1623931623931624,0.22321428571428573,0.25870646766169153,0.23868312757201646,0.18699186991869918,0.18532818532818532,0.16356877323420074,0.15966386554621848,0.18421052631578946,0.14565826330532214,0.22624434389140272,0.18548387096774194,0.1729106628242075,0.19289340101522842,0.13821138211382114,0.20553359683794467,0.13178294573643412,0.19305019305019305,0.14225941422594143,0.17301038062283736,0.21100917431192662,0.22134387351778656,0.17061611374407584,0.22624434389140272,0.14705882352941177,0.15584415584415584,0.11594202898550725,0.23157894736842105,0.1509433962264151,0.21212121212121213,0.13438735177865613,0.1951219512195122,0.17427385892116182,0.16216216216216217,0.15748031496062992,0.16589861751152074,0.16666666666666666,0.18340611353711792,0.17272727272727273,0.16129032258064516,0.23931623931623933,0.15331010452961671,0.16981132075471697,0.17712177121771217,0.1776061776061776,0.18779342723004694,0.19230769230769232,0.21,0.14901960784313725,0.1568627450980392,0.19923371647509577,0.15637860082304528,0.17525773195876287,0.14857142857142858
11364421,0.21428571428571427,0.14728682170542637,0.100418410041841,0.07650273224043716,0.192,0.18587360594795538,0.16589861751152074,0.16379310344827586,0.2977346278317152,0.12121212121212122,0.15609756097560976,0.17073170731707318,0.1308411214953271,0.08530805687203792,0.20327868852459016,0.15938303341902313,0.1691842900302115,0.19827586206896552,0.12962962962962962,0.12931034482758622,0.10317460317460317,0.19123505976095617,0.19047619047619047,0.23157894736842105,0.14864864864864866,0.1978798586572438,0.15675675675675677,0.23417721518987342,0.16666666666666666,0.18604651162790697,0.15873015873015872,0.2138364779874214,0.18050541516245489,0.16,0.17921146953405018,0.1762114537444934,0.13953488372093023,0.17054263565891473,0.11016949152542373,0.1165644171779141,0.09411764705882353,0.1718213058419244,0.1371841155234657,0.10116731517509728,0.10309278350515463,0.2231404958677686,0.1776061776061776,0.23076923076923078,0.15384615384615385,0.13043478260869565,0.16170212765957448,0.1444866920152091,0.16974169741697417,0.2542955326460481,0.1630901287553648,0.24444444444444444,0.17937219730941703,0.16911764705882354,0.14250614250614252,0.16740088105726872,0.23376623376623376,0.1776061776061776,0.1685823754789272,0.25165562913907286,0.1925925925925926,0.36678200692041524,0.08737864077669903,0.1444043321299639,0.11720226843100189,0.2837370242214533,0.13138686131386862,0.11851851851851852,0.21754385964912282,0.1678832116788321,0.18831168831168832,0.18354430379746836,0.23979591836734693,0.1897810218978102,0.18775510204081633,0.1956521739130435,0.1958997722095672,0.23809523809523808,0.13333333333333333,0.16736401673640167,0.13852813852813853,0.3206997084548105,0.18410041841004185,0.19742489270386265,0.1958041958041958,0.1968503937007874,0.171875,0.183206106870229,0.1702127659574468,0.20462046204620463,0.19622641509433963,0.15246636771300448,0.21132075471698114,0.19047619047619047,0.22456140350877193,0.24605678233438485,0.1647940074906367,0.18421052631578946,0.1652892561983471,0.20512820512820512,0.17543859649122806,0.2236842105263158,0.16988416988416988,0.1423728813559322,0.2736156351791531,0.2608695652173913,0.22145328719723184,0.14925373134328357,0.21660649819494585,0.22900763358778625,0.13986013986013987,0.23129251700680273,0.19469026548672566,0.2271062271062271,0.25625,0.1532567049808429,0.1297709923664122,0.18181818181818182,0.20610687022900764,0.17567567567567569,0.22289156626506024,0.23809523809523808,0.19622641509433963,0.20202020202020202,0.15488215488215487,0.16140350877192983,0.25196850393700787,1.0,0.19494584837545126,0.18326693227091634,0.22580645161290322,0.16181229773462782,0.16356877323420074,0.1297709923664122,0.12927756653992395,0.20532319391634982,0.23529411764705882,0.16901408450704225,0.21660649819494585,0.19718309859154928,0.2328767123287671,0.15916955017301038,0.2014388489208633,0.1918819188191882,0.23208191126279865,0.25,0.2191780821917808,0.2624113475177305,0.2786377708978328,0.16964285714285715,0.17049180327868851,0.391304347826087,0.2275449101796407,0.176,0.20209059233449478,0.27631578947368424,0.20216606498194944,0.21639344262295082,0.14285714285714285,0.23841059602649006,0.2732919254658385,0.23859649122807017,0.2076923076923077,0.20689655172413793,0.2642857142857143,0.17898832684824903,0.25418060200668896,0.23841059602649006,0.26031746031746034,0.2153846153846154,0.17006802721088435,0.16901408450704225,0.19854721549636803,0.22382671480144403,0.20394736842105263,0.2977667493796526,0.20553359683794467,0.17218543046357615,0.2783171521035599,0.2229299363057325,0.26666666666666666,0.26440677966101694,0.22028985507246376,0.24087591240875914,0.23300970873786409,0.2247191011235955,0.259927797833935,0.16153846153846155,0.1672473867595819,0.19771863117870722,0.2032520325203252,0.1791044776119403,0.25196850393700787,0.3042071197411003,0.4105960264900662,0.4444444444444444,0.1510791366906475,0.18064516129032257,0.19047619047619047,0.16901408450704225,0.18947368421052632,0.2246376811594203,0.25,0.2620689655172414,0.2099125364431487,0.22388059701492538,0.25076452599388377,0.24761904761904763,0.22304832713754646,0.14150943396226415,0.1640625,0.1864951768488746,0.15434083601286175,0.26498422712933756,0.1806020066889632,0.216,0.1471861471861472
11373846,0.18181818181818182,0.3022222222222222,0.0970873786407767,0.16,0.17511520737327188,0.2288135593220339,0.17391304347826086,0.1708542713567839,0.2318840579710145,0.1414141414141414,0.12790697674418605,0.15023474178403756,0.09944751381215469,0.10112359550561797,0.16176470588235295,0.15730337078651685,0.14093959731543623,0.12060301507537688,0.12021857923497267,0.09045226130653267,0.1735159817351598,0.22018348623853212,0.19166666666666668,0.1984126984126984,0.19771863117870722,0.2,0.16023738872403562,0.21908127208480566,0.24313725490196078,0.14222222222222222,0.2465753424657534,0.20350877192982456,0.1721311475409836,0.19863013698630136,0.3008130081300813,0.1958762886597938,0.1688888888888889,0.17777777777777778,0.07881773399014778,0.08191126279863481,0.24324324324324326,0.11627906976744186,0.11475409836065574,0.17857142857142858,0.07453416149068323,0.1722488038277512,0.18584070796460178,0.30824372759856633,0.208955223880597,0.16243654822335024,0.32673267326732675,0.14782608695652175,0.19327731092436976,0.20930232558139536,0.24,0.2109704641350211,0.18947368421052632,0.200836820083682,0.0748663101604278,0.20618556701030927,0.16477272727272727,0.2743362831858407,0.21929824561403508,0.16356877323420074,0.24472573839662448,0.2109375,0.11560693641618497,0.22950819672131148,0.10080645161290322,0.2421875,0.1991701244813278,0.18565400843881857,0.24603174603174602,0.24066390041493776,0.20363636363636364,0.18374558303886926,0.15598885793871867,0.16597510373443983,0.19811320754716982,0.1728395061728395,0.11822660098522167,0.2648401826484018,0.1932367149758454,0.21359223300970873,0.10101010101010101,0.23225806451612904,0.2621359223300971,0.18,0.2608695652173913,0.26244343891402716,0.2242152466367713,0.17467248908296942,0.26506024096385544,0.2222222222222222,0.1810344827586207,0.24210526315789474,0.20689655172413793,0.21666666666666667,0.23809523809523808,0.2112676056338028,0.27350427350427353,0.25092250922509224,0.22009569377990432,0.25,0.21428571428571427,0.22140221402214022,0.22123893805309736,0.2824427480916031,0.23357664233576642,0.20300751879699247,0.2265625,0.1702127659574468,0.22950819672131148,0.23580786026200873,0.23715415019762845,0.23754789272030652,0.19607843137254902,0.21666666666666667,0.1602787456445993,0.2807017543859649,0.25327510917030566,0.22727272727272727,0.1572052401746725,0.21292775665399238,0.2140468227424749,0.2465753424657534,0.20689655172413793,0.18181818181818182,0.20454545454545456,0.19047619047619047,0.26244343891402716,0.19494584837545126,1.0,0.22935779816513763,0.2527075812274368,0.21739130434782608,0.3135593220338983,0.19213973799126638,0.1826086956521739,0.2,0.1981981981981982,0.23107569721115537,0.21311475409836064,0.19123505976095617,0.2702702702702703,0.203125,0.1306122448979592,0.23529411764705882,0.27692307692307694,0.2889733840304182,0.30115830115830117,0.20080321285140562,0.2,0.18848167539267016,0.23529411764705882,0.20069204152249134,0.21262458471760798,0.20276497695852536,0.16535433070866143,0.2066420664206642,0.12295081967213115,0.3161764705882353,0.11336032388663968,0.20817843866171004,0.22837370242214533,0.25396825396825395,0.2643171806167401,0.1867704280155642,0.2591093117408907,0.25892857142857145,0.24060150375939848,0.19330855018587362,0.28368794326241137,0.21232876712328766,0.14559386973180077,0.19123505976095617,0.19473684210526315,0.23770491803278687,0.24354243542435425,0.20540540540540542,0.13636363636363635,0.24535315985130113,0.2246376811594203,0.18505338078291814,0.22695035460992907,0.16793893129770993,0.22435897435897437,0.24066390041493776,0.21014492753623187,0.23931623931623933,0.1885245901639344,0.21145374449339208,0.25196850393700787,0.17391304347826086,0.2347417840375587,0.2978723404255319,0.13574660633484162,0.10869565217391304,0.22304832713754646,0.2196969696969697,0.2693877551020408,0.21660649819494585,0.20833333333333334,0.2151394422310757,0.24603174603174602,0.23045267489711935,0.18450184501845018,0.19455252918287938,0.25806451612903225,0.26382978723404255,0.2857142857142857,0.2907801418439716,0.211864406779661,0.1787709497206704,0.21524663677130046,0.2014388489208633,0.2589928057553957,0.16901408450704225,0.22556390977443608,0.23963133640552994,0.13131313131313133
11404337,0.17670682730923695,0.16080402010050251,0.08888888888888889,0.11290322580645161,0.2513089005235602,0.19047619047619047,0.17721518987341772,0.18497109826589594,0.192,0.13953488372093023,0.0821917808219178,0.12834224598930483,0.07741935483870968,0.15789473684210525,0.17886178861788618,0.14545454545454545,0.16911764705882354,0.11560693641618497,0.07643312101910828,0.057803468208092484,0.16580310880829016,0.21875,0.18691588785046728,0.22123893805309736,0.20253164556962025,0.14285714285714285,0.14790996784565916,0.22568093385214008,0.2096069868995633,0.21105527638190955,0.25906735751295334,0.19305019305019305,0.22935779816513763,0.18796992481203006,0.19090909090909092,0.15476190476190477,0.1708542713567839,0.18090452261306533,0.07909604519774012,0.06741573033707865,0.16326530612244897,0.09482758620689655,0.1559633027522936,0.21212121212121213,0.05925925925925926,0.2185792349726776,0.19,0.2134387351778656,0.21714285714285714,0.19883040935672514,0.17045454545454544,0.20588235294117646,0.20754716981132076,0.19827586206896552,0.21839080459770116,0.22748815165876776,0.15853658536585366,0.215962441314554,0.06321839080459771,0.21428571428571427,0.2085889570552147,0.2,0.22772277227722773,0.205761316872428,0.24644549763033174,0.16521739130434782,0.16326530612244897,0.21100917431192662,0.0851063829787234,0.2,0.17674418604651163,0.1895734597156398,0.23008849557522124,0.23255813953488372,0.21686746987951808,0.17898832684824903,0.1981981981981982,0.16744186046511628,0.17204301075268819,0.15668202764976957,0.10526315789473684,0.16580310880829016,0.19889502762430938,0.2,0.08139534883720931,0.2323943661971831,0.18888888888888888,0.20689655172413793,0.28193832599118945,0.1641025641025641,0.25380710659898476,0.18719211822660098,0.19730941704035873,0.2540983606557377,0.20388349514563106,0.15853658536585366,0.24271844660194175,0.2336448598130841,0.26548672566371684,0.23255813953488372,0.22115384615384615,0.17142857142857143,0.273224043715847,0.2523364485981308,0.22123893805309736,0.17959183673469387,0.26,0.211864406779661,0.1935483870967742,0.15833333333333333,0.19130434782608696,0.19138755980861244,0.24770642201834864,0.19704433497536947,0.2643171806167401,0.20425531914893616,0.2,0.2616822429906542,0.1685823754789272,0.2079207920792079,0.2660098522167488,0.226890756302521,0.1477832512315271,0.1940928270042194,0.21245421245421245,0.16580310880829016,0.2621359223300971,0.19327731092436976,0.2184873949579832,0.20353982300884957,0.15384615384615385,0.18326693227091634,0.22935779816513763,1.0,0.22310756972111553,0.208,0.22857142857142856,0.23645320197044334,0.20588235294117646,0.2549019607843137,0.24489795918367346,0.2222222222222222,0.2018348623853211,0.29333333333333333,0.22317596566523606,0.21739130434782608,0.1552511415525114,0.19811320754716982,0.23076923076923078,0.2109704641350211,0.20600858369098712,0.17040358744394618,0.24242424242424243,0.18181818181818182,0.22764227642276422,0.23574144486692014,0.17454545454545456,0.17801047120418848,0.17543859649122806,0.20408163265306123,0.13761467889908258,0.21951219512195122,0.15384615384615385,0.1646090534979424,0.22813688212927757,0.20353982300884957,0.1890547263681592,0.22510822510822512,0.14479638009049775,0.23232323232323232,0.175,0.19753086419753085,0.1953125,0.18796992481203006,0.13617021276595745,0.1511111111111111,0.14124293785310735,0.22935779816513763,0.22857142857142856,0.18604651162790697,0.12371134020618557,0.205761316872428,0.272,0.1568627450980392,0.203125,0.211864406779661,0.1888111888111888,0.24186046511627907,0.176,0.21153846153846154,0.27522935779816515,0.22885572139303484,0.21052631578947367,0.28431372549019607,0.21390374331550802,0.23923444976076555,0.08205128205128205,0.152,0.23868312757201646,0.2689075630252101,0.1552511415525114,0.2151394422310757,0.205607476635514,0.2222222222222222,0.23893805309734514,0.23963133640552994,0.18775510204081633,0.15584415584415584,0.18309859154929578,0.1722488038277512,0.23134328358208955,0.21875,0.2,0.13071895424836602,0.19289340101522842,0.14285714285714285,0.23015873015873015,0.13953488372093023,0.24166666666666667,0.2931937172774869,0.1744186046511628
11433190,0.18181818181818182,0.18604651162790697,0.08368200836820083,0.08743169398907104,0.184,0.21561338289962825,0.2119815668202765,0.16379310344827586,0.2588996763754045,0.1038961038961039,0.12682926829268293,0.17073170731707318,0.102803738317757,0.08530805687203792,0.2098360655737705,0.20051413881748073,0.18126888217522658,0.14655172413793102,0.10185185185185185,0.10344827586206896,0.19047619047619047,0.199203187250996,0.19047619047619047,0.21754385964912282,0.20945945945945946,0.1625441696113074,0.1891891891891892,0.2721518987341772,0.3263888888888889,0.16279069767441862,0.2857142857142857,0.24528301886792453,0.17328519855595667,0.2276923076923077,0.25806451612903225,0.2026431718061674,0.17054263565891473,0.17054263565891473,0.09322033898305085,0.09815950920245399,0.1568627450980392,0.12371134020618557,0.1371841155234657,0.21011673151750973,0.09278350515463918,0.2231404958677686,0.18532818532818532,0.20512820512820512,0.1794871794871795,0.14782608695652175,0.17872340425531916,0.22813688212927757,0.1992619926199262,0.20618556701030927,0.22317596566523606,0.2740740740740741,0.2062780269058296,0.22058823529411764,0.11302211302211303,0.16740088105726872,0.22337662337662337,0.23166023166023167,0.1839080459770115,0.2251655629139073,0.18518518518518517,0.21453287197231835,0.08737864077669903,0.21660649819494585,0.10964083175803403,0.22145328719723184,0.19708029197080293,0.17777777777777778,0.20350877192982456,0.21897810218978103,0.2922077922077922,0.18354430379746836,0.20408163265306123,0.18248175182481752,0.17142857142857143,0.18840579710144928,0.15034168564920272,0.20634920634920634,0.175,0.22594142259414227,0.11255411255411256,0.2565597667638484,0.22594142259414227,0.1459227467811159,0.22377622377622378,0.1732283464566929,0.1953125,0.20610687022900764,0.23404255319148937,0.25742574257425743,0.18867924528301888,0.17040358744394618,0.22641509433962265,0.21978021978021978,0.2596491228070175,0.2586750788643533,0.2247191011235955,0.18421052631578946,0.19834710743801653,0.2271062271062271,0.23157894736842105,0.2236842105263158,0.20077220077220076,0.2440677966101695,0.254071661237785,0.1939799331103679,0.2491349480968858,0.16417910447761194,0.21660649819494585,0.19083969465648856,0.21678321678321677,0.2108843537414966,0.2359882005899705,0.24175824175824176,0.20625,0.23754789272030652,0.22137404580152673,0.22895622895622897,0.16030534351145037,0.21621621621621623,0.24096385542168675,0.18253968253968253,0.2037735849056604,0.20202020202020202,0.24915824915824916,0.24561403508771928,0.2047244094488189,0.22580645161290322,0.2527075812274368,0.22310756972111553,1.0,0.2524271844660194,0.26022304832713755,0.19083969465648856,0.20532319391634982,0.2585551330798479,0.23529411764705882,0.2112676056338028,0.2527075812274368,0.22535211267605634,0.2465753424657534,0.22837370242214533,0.14388489208633093,0.22878228782287824,0.2525597269624573,0.22972972972972974,0.19863013698630136,0.19148936170212766,0.33436532507739936,0.16964285714285715,0.24262295081967214,0.2670807453416149,0.24550898203592814,0.184,0.17421602787456447,0.24342105263157895,0.15162454873646208,0.21639344262295082,0.1357142857142857,0.18543046357615894,0.2608695652173913,0.23859649122807017,0.2,0.18620689655172415,0.19285714285714287,0.26459143968871596,0.20735785953177258,0.2119205298013245,0.22857142857142856,0.2523076923076923,0.17687074829931973,0.1619718309859155,0.2469733656174334,0.24548736462093862,0.3026315789473684,0.23325062034739455,0.1422924901185771,0.23178807947019867,0.2912621359223301,0.19745222929936307,0.2222222222222222,0.2305084745762712,0.25507246376811593,0.24087591240875914,0.20711974110032363,0.18726591760299627,0.22382671480144403,0.18461538461538463,0.20209059233449478,0.19771863117870722,0.2926829268292683,0.26865671641791045,0.18110236220472442,0.18770226537216828,0.25165562913907286,0.26262626262626265,0.2446043165467626,0.24516129032258063,0.2564102564102564,0.2605633802816901,0.2596491228070175,0.34057971014492755,0.20394736842105263,0.20689655172413793,0.25072886297376096,0.17164179104477612,0.25076452599388377,0.26031746031746034,0.2379182156133829,0.12264150943396226,0.1953125,0.1864951768488746,0.2508038585209003,0.1892744479495268,0.23411371237458195,0.248,0.12987012987012986
11455910,0.18892508143322476,0.311284046692607,0.11764705882352941,0.06593406593406594,0.17670682730923695,0.27611940298507465,0.14814814814814814,0.2077922077922078,0.2792207792207792,0.2,0.08823529411764706,0.11428571428571428,0.09389671361502347,0.14285714285714285,0.21052631578947367,0.25257731958762886,0.1393939393939394,0.08658008658008658,0.08372093023255814,0.09523809523809523,0.2948207171314741,0.216,0.19117647058823528,0.15492957746478872,0.2440677966101695,0.19858156028368795,0.24932249322493225,0.2984126984126984,0.2578397212543554,0.21011673151750973,0.23904382470119523,0.2586750788643533,0.16666666666666666,0.2716049382716049,0.2805755395683453,0.13274336283185842,0.2490272373540856,0.24124513618677043,0.09361702127659574,0.09846153846153846,0.25196850393700787,0.10344827586206896,0.2028985507246377,0.3125,0.09326424870466321,0.14107883817427386,0.1937984496124031,0.2572347266881029,0.19742489270386265,0.13973799126637554,0.13675213675213677,0.2900763358778626,0.25925925925925924,0.18620689655172415,0.22413793103448276,0.19330855018587362,0.12612612612612611,0.2066420664206642,0.10344827586206896,0.1415929203539823,0.19270833333333334,0.24806201550387597,0.18461538461538463,0.13953488372093023,0.19330855018587362,0.14583333333333334,0.14634146341463414,0.2826086956521739,0.12121212121212122,0.2013888888888889,0.24175824175824176,0.2379182156133829,0.20422535211267606,0.2783882783882784,0.3322475570032573,0.16507936507936508,0.18414322250639387,0.18315018315018314,0.22131147540983606,0.1890909090909091,0.1415525114155251,0.19123505976095617,0.2928870292887029,0.33613445378151263,0.06086956521739131,0.2222222222222222,0.23529411764705882,0.14655172413793102,0.2596491228070175,0.2134387351778656,0.22745098039215686,0.16091954022988506,0.3274021352313167,0.23841059602649006,0.17424242424242425,0.1981981981981982,0.22727272727272727,0.2426470588235294,0.2112676056338028,0.2911392405063291,0.21052631578947367,0.13861386138613863,0.2074688796680498,0.3014705882352941,0.18309859154929578,0.2376237623762376,0.24031007751937986,0.3129251700680272,0.2679738562091503,0.19463087248322147,0.24305555555555555,0.20973782771535582,0.2608695652173913,0.19157088122605365,0.23157894736842105,0.18430034129692832,0.25443786982248523,0.21323529411764705,0.12539184952978055,0.23076923076923078,0.24521072796934865,0.1891891891891892,0.09961685823754789,0.2305084745762712,0.2175226586102719,0.16733067729083664,0.19696969696969696,0.1891891891891892,0.21621621621621623,0.24647887323943662,0.15019762845849802,0.16181229773462782,0.21739130434782608,0.208,0.2524271844660194,1.0,0.291044776119403,0.2222222222222222,0.2824427480916031,0.21374045801526717,0.1889763779527559,0.24028268551236748,0.14492753623188406,0.2756183745583039,0.24054982817869416,0.24305555555555555,0.12274368231046931,0.2740740740740741,0.3150684931506849,0.23728813559322035,0.2542955326460481,0.1708185053380783,0.2732919254658385,0.13452914798206278,0.2894736842105263,0.2554517133956386,0.22822822822822822,0.17670682730923695,0.1888111888111888,0.2838283828382838,0.11594202898550725,0.26973684210526316,0.2007168458781362,0.15946843853820597,0.2367601246105919,0.21830985915492956,0.21621621621621623,0.17993079584775087,0.16487455197132617,0.3515625,0.18120805369127516,0.23255813953488372,0.25477707006369427,0.2654320987654321,0.15017064846416384,0.24734982332155478,0.2669902912621359,0.2463768115942029,0.27722772277227725,0.26865671641791045,0.09523809523809523,0.2591362126245847,0.2922077922077922,0.17891373801916932,0.2229299363057325,0.16326530612244897,0.23837209302325582,0.24175824175824176,0.16233766233766234,0.19548872180451127,0.15217391304347827,0.20077220077220076,0.27972027972027974,0.16793893129770993,0.21224489795918366,0.17228464419475656,0.1422924901185771,0.11038961038961038,0.21926910299003322,0.21621621621621623,0.259927797833935,0.2977346278317152,0.22058823529411764,0.24734982332155478,0.31690140845070425,0.21818181818181817,0.15841584158415842,0.17993079584775087,0.2631578947368421,0.1348314606741573,0.25153374233128833,0.2611464968152866,0.2462686567164179,0.15165876777251186,0.3058823529411765,0.2645161290322581,0.3032258064516129,0.18354430379746836,0.31543624161073824,0.2891566265060241,0.17391304347826086
11485656,0.18726591760299627,0.2672811059907834,0.08080808080808081,0.1267605633802817,0.18181818181818182,0.2894736842105263,0.25,0.15706806282722513,0.30597014925373134,0.17894736842105263,0.12195121951219512,0.13658536585365855,0.10404624277456648,0.12941176470588237,0.17424242424242425,0.16666666666666666,0.1103448275862069,0.11518324607329843,0.11428571428571428,0.09424083769633508,0.22748815165876776,0.20952380952380953,0.16379310344827586,0.21311475409836064,0.20392156862745098,0.2066115702479339,0.1580547112462006,0.32,0.291497975708502,0.16589861751152074,0.2559241706161137,0.21660649819494585,0.19491525423728814,0.2887323943661972,0.3697478991596639,0.20430107526881722,0.2119815668202765,0.18433179723502305,0.07179487179487179,0.056140350877192984,0.19626168224299065,0.08,0.1271186440677966,0.25,0.06535947712418301,0.13930348258706468,0.24770642201834864,0.28044280442804426,0.3005181347150259,0.15873015873015872,0.21649484536082475,0.22522522522522523,0.2608695652173913,0.216,0.22916666666666666,0.19213973799126638,0.18681318681318682,0.23376623376623376,0.04918032786885246,0.1827956989247312,0.1686046511627907,0.3302752293577982,0.20909090909090908,0.14559386973180077,0.2183406113537118,0.1774193548387097,0.13333333333333333,0.2796610169491525,0.10245901639344263,0.27419354838709675,0.24892703862660945,0.2445414847161572,0.27049180327868855,0.30042918454935624,0.27715355805243447,0.15272727272727274,0.15384615384615385,0.17167381974248927,0.22549019607843138,0.1702127659574468,0.09045226130653267,0.2559241706161137,0.25125628140703515,0.30303030303030304,0.07368421052631578,0.25165562913907286,0.29292929292929293,0.21875,0.22857142857142856,0.2535211267605634,0.25116279069767444,0.13574660633484162,0.3236514522821577,0.2748091603053435,0.20535714285714285,0.2857142857142857,0.22321428571428573,0.2672413793103448,0.28688524590163933,0.2753623188405797,0.2831858407079646,0.1596958174904943,0.22885572139303484,0.31896551724137934,0.23770491803278687,0.2813688212927757,0.26605504587155965,0.33858267716535434,0.3007518796992481,0.21705426356589147,0.22580645161290322,0.2026431718061674,0.2627118644067797,0.23529411764705882,0.2938775510204082,0.25296442687747034,0.2483221476510067,0.2672413793103448,0.15053763440860216,0.3181818181818182,0.26244343891402716,0.21875,0.13574660633484162,0.2196078431372549,0.19931271477663232,0.2559241706161137,0.21428571428571427,0.1953125,0.2578125,0.2540983606557377,0.215962441314554,0.16356877323420074,0.3135593220338983,0.22857142857142856,0.26022304832713755,0.291044776119403,1.0,0.27149321266968324,0.3063063063063063,0.25225225225225223,0.21495327102803738,0.27983539094650206,0.23728813559322035,0.19753086419753085,0.3107569721115538,0.27419354838709675,0.12658227848101267,0.2956521739130435,0.3253968253968254,0.2901960784313726,0.23904382470119523,0.22406639004149378,0.28368794326241137,0.2185792349726776,0.25757575757575757,0.199288256227758,0.26621160409556316,0.2966507177033493,0.16260162601626016,0.2585551330798479,0.11864406779661017,0.30303030303030304,0.12552301255230125,0.21455938697318008,0.20640569395017794,0.2540983606557377,0.2557077625570776,0.21686746987951808,0.18410041841004185,0.3148148148148148,0.26356589147286824,0.22988505747126436,0.26277372262773724,0.3380281690140845,0.13438735177865613,0.24691358024691357,0.21505376344086022,0.2711864406779661,0.3269961977186312,0.23204419889502761,0.12264150943396226,0.2835249042145594,0.2462686567164179,0.23443223443223443,0.2116788321167883,0.1732283464566929,0.28289473684210525,0.2317596566523605,0.21641791044776118,0.20353982300884957,0.211864406779661,0.228310502283105,0.2926829268292683,0.1981981981981982,0.23414634146341465,0.24669603524229075,0.12206572769953052,0.08955223880597014,0.22988505747126436,0.234375,0.2616033755274262,0.3420074349442379,0.22413793103448276,0.32098765432098764,0.29508196721311475,0.28085106382978725,0.16730038022813687,0.20883534136546184,0.24503311258278146,0.16740088105726872,0.2517482517482518,0.2773722627737226,0.23684210526315788,0.1871345029239766,0.22325581395348837,0.25925925925925924,0.2814814814814815,0.17391304347826086,0.31007751937984496,0.23923444976076555,0.14736842105263157
11493598,0.14615384615384616,0.1523809523809524,0.06282722513089005,0.07407407407407407,0.16831683168316833,0.23529411764705882,0.22485207100591717,0.14130434782608695,0.22988505747126436,0.16393442622950818,0.12738853503184713,0.10101010101010101,0.12048192771084337,0.19631901840490798,0.1245136186770428,0.17008797653958943,0.09187279151943463,0.10869565217391304,0.11904761904761904,0.07608695652173914,0.2647058823529412,0.15763546798029557,0.1688888888888889,0.17721518987341772,0.25806451612903225,0.18723404255319148,0.17391304347826086,0.22388059701492538,0.25,0.22857142857142856,0.28431372549019607,0.25925925925925924,0.18340611353711792,0.19494584837545126,0.19047619047619047,0.1787709497206704,0.23809523809523808,0.2,0.02127659574468085,0.02158273381294964,0.21256038647342995,0.04938271604938271,0.13100436681222707,0.27751196172248804,0.0,0.1134020618556701,0.23696682464454977,0.23484848484848486,0.24731182795698925,0.16483516483516483,0.1711229946524064,0.25116279069767444,0.25112107623318386,0.1728395061728395,0.17297297297297298,0.14414414414414414,0.16,0.24107142857142858,0.027855153203342618,0.18994413407821228,0.16023738872403562,0.2559241706161137,0.16901408450704225,0.13385826771653545,0.13513513513513514,0.16597510373443983,0.189873417721519,0.2183406113537118,0.08316008316008316,0.1991701244813278,0.23893805309734514,0.2072072072072072,0.16033755274261605,0.3008849557522124,0.25384615384615383,0.11194029850746269,0.1511627906976744,0.19469026548672566,0.14213197969543148,0.21052631578947367,0.07161125319693094,0.1568627450980392,0.25,0.23036649214659685,0.04371584699453552,0.2440677966101695,0.2094240837696335,0.1945945945945946,0.226890756302521,0.1553398058252427,0.2403846153846154,0.1308411214953271,0.2222222222222222,0.20392156862745098,0.25806451612903225,0.18285714285714286,0.23963133640552994,0.2577777777777778,0.1940928270042194,0.24535315985130113,0.182648401826484,0.1640625,0.30927835051546393,0.3111111111111111,0.21940928270042195,0.265625,0.27488151658767773,0.2591093117408907,0.22393822393822393,0.18326693227091634,0.16597510373443983,0.2545454545454545,0.23580786026200873,0.17757009345794392,0.2857142857142857,0.16260162601626016,0.3161512027491409,0.26666666666666666,0.13970588235294118,0.22535211267605634,0.2523364485981308,0.18473895582329317,0.1308411214953271,0.1532258064516129,0.14788732394366197,0.17647058823529413,0.22119815668202766,0.2248995983935743,0.20080321285140562,0.25316455696202533,0.14563106796116504,0.1297709923664122,0.19213973799126638,0.23645320197044334,0.19083969465648856,0.2222222222222222,0.27149321266968324,1.0,0.24186046511627907,0.22325581395348837,0.1642512077294686,0.3050847457627119,0.2096069868995633,0.22033898305084745,0.22950819672131148,0.34854771784232363,0.2,0.21524663677130046,0.21224489795918366,0.1693548387096774,0.19672131147540983,0.18803418803418803,0.1890909090909091,0.14772727272727273,0.2490272373540856,0.19708029197080293,0.22377622377622378,0.21782178217821782,0.20920502092050208,0.1875,0.14847161572052403,0.2490272373540856,0.12931034482758622,0.1889763779527559,0.15328467153284672,0.23628691983122363,0.1792452830188679,0.17355371900826447,0.15517241379310345,0.24880382775119617,0.27091633466135456,0.25984251968503935,0.1947565543071161,0.19494584837545126,0.08943089430894309,0.1271186440677966,0.16986301369863013,0.314410480349345,0.1875,0.19718309859154928,0.17560975609756097,0.2204724409448819,0.22988505747126436,0.22556390977443608,0.2247191011235955,0.20242914979757085,0.16835016835016836,0.20353982300884957,0.1839080459770115,0.136986301369863,0.20087336244541484,0.22641509433962265,0.23430962343096234,0.27906976744186046,0.1717171717171717,0.21818181818181817,0.07766990291262135,0.09961685823754789,0.2125984251968504,0.21686746987951808,0.19130434782608696,0.25190839694656486,0.20444444444444446,0.3728813559322034,0.2616033755274262,0.22807017543859648,0.15625,0.1652892561983471,0.21016949152542372,0.17272727272727273,0.17921146953405018,0.1947565543071161,0.22624434389140272,0.10975609756097561,0.3076923076923077,0.1520912547528517,0.2509505703422053,0.17843866171003717,0.26294820717131473,0.22772277227722773,0.15300546448087432
11609586,0.13793103448275862,0.20853080568720378,0.09375,0.10294117647058823,0.15763546798029557,0.3153153153153153,0.18823529411764706,0.12972972972972974,0.2900763358778626,0.18478260869565216,0.06329113924050633,0.08040201005025126,0.08383233532934131,0.18292682926829268,0.10077519379844961,0.17543859649122806,0.07042253521126761,0.0972972972972973,0.08284023668639054,0.05405405405405406,0.2634146341463415,0.1568627450980392,0.1415929203539823,0.18487394957983194,0.21686746987951808,0.16101694915254236,0.14860681114551083,0.275092936802974,0.2572614107883817,0.21800947867298578,0.25365853658536586,0.25830258302583026,0.2,0.2733812949640288,0.27586206896551724,0.14444444444444443,0.21800947867298578,0.22748815165876776,0.021164021164021163,0.035842293906810034,0.22115384615384615,0.04918032786885246,0.1391304347826087,0.3142857142857143,0.027210884353741496,0.09230769230769231,0.29245283018867924,0.24150943396226415,0.32085561497326204,0.16393442622950818,0.1702127659574468,0.28703703703703703,0.24107142857142858,0.16393442622950818,0.1827956989247312,0.12556053811659193,0.14772727272727273,0.20444444444444446,0.03888888888888889,0.18888888888888888,0.17751479289940827,0.2830188679245283,0.14018691588785046,0.13333333333333333,0.14349775784753363,0.14049586776859505,0.16352201257861634,0.23478260869565218,0.08298755186721991,0.19834710743801653,0.24669603524229075,0.43946188340807174,0.19327731092436976,0.28193832599118945,0.26053639846743293,0.11152416356877323,0.1681159420289855,0.19383259911894274,0.1717171717171717,0.2183406113537118,0.07142857142857142,0.18536585365853658,0.23834196891191708,0.28125,0.043478260869565216,0.16891891891891891,0.2604166666666667,0.1935483870967742,0.19246861924686193,0.1932367149758454,0.18181818181818182,0.11162790697674418,0.3659574468085106,0.2421875,0.2018348623853211,0.17045454545454544,0.21100917431192662,0.21238938053097345,0.18487394957983194,0.31851851851851853,0.18181818181818182,0.16342412451361868,0.27692307692307694,0.2743362831858407,0.2184873949579832,0.22568093385214008,0.2169811320754717,0.3225806451612903,0.2692307692307692,0.23015873015873015,0.1652892561983471,0.3167420814479638,0.22608695652173913,0.17674418604651163,0.39330543933054396,0.17813765182186234,0.2602739726027397,0.21238938053097345,0.13186813186813187,0.205607476635514,0.23255813953488372,0.176,0.11162790697674418,0.1285140562248996,0.14035087719298245,0.15609756097560976,0.22935779816513763,0.224,0.216,0.25210084033613445,0.15458937198067632,0.12927756653992395,0.1826086956521739,0.20588235294117646,0.20532319391634982,0.2824427480916031,0.3063063063063063,0.24186046511627907,1.0,0.2222222222222222,0.16346153846153846,0.24472573839662448,0.1391304347826087,0.1940928270042194,0.23673469387755103,0.24793388429752067,0.1471861471861472,0.33035714285714285,0.2682926829268293,0.17670682730923695,0.22857142857142856,0.26382978723404255,0.2536231884057971,0.15819209039548024,0.2558139534883721,0.1890909090909091,0.1951219512195122,0.17733990147783252,0.19166666666666668,0.25680933852140075,0.09565217391304348,0.2558139534883721,0.13733905579399142,0.1568627450980392,0.15272727272727274,0.226890756302521,0.19718309859154928,0.19753086419753085,0.11158798283261803,0.2761904761904762,0.19047619047619047,0.27450980392156865,0.21641791044776118,0.20863309352517986,0.11336032388663968,0.18565400843881857,0.1912568306010929,0.2608695652173913,0.28793774319066145,0.19662921348314608,0.14563106796116504,0.23529411764705882,0.24427480916030533,0.21722846441947566,0.19402985074626866,0.1532258064516129,0.24161073825503357,0.18502202643171806,0.1984732824427481,0.15454545454545454,0.1391304347826087,0.24413145539906103,0.2,0.18518518518518517,0.20100502512562815,0.17194570135746606,0.06763285024154589,0.09923664122137404,0.20392156862745098,0.2,0.2077922077922078,0.2737642585551331,0.1415929203539823,0.270042194092827,0.2689075630252101,0.20087336244541484,0.14007782101167315,0.2139917695473251,0.22972972972972974,0.18099547511312217,0.21428571428571427,0.2462686567164179,0.26126126126126126,0.10909090909090909,0.27751196172248804,0.1893939393939394,0.26515151515151514,0.17777777777777778,0.2777777777777778,0.24630541871921183,0.16304347826086957
11617559,0.23754789272030652,0.1990521327014218,0.09375,0.058823529411764705,0.2857142857142857,0.27927927927927926,0.3058823529411765,0.16216216216216217,0.2595419847328244,0.10869565217391304,0.11392405063291139,0.1507537688442211,0.11976047904191617,0.15853658536585366,0.17829457364341086,0.14619883040935672,0.176056338028169,0.10810810810810811,0.11834319526627218,0.10810810810810811,0.18536585365853658,0.18627450980392157,0.18584070796460178,0.2689075630252101,0.17670682730923695,0.2627118644067797,0.13622291021671826,0.2379182156133829,0.23236514522821577,0.20853080568720378,0.2146341463414634,0.18450184501845018,0.2782608695652174,0.26618705035971224,0.25,0.14444444444444443,0.16113744075829384,0.1990521327014218,0.042328042328042326,0.07168458781362007,0.17307692307692307,0.07377049180327869,0.1391304347826087,0.20952380952380953,0.09523809523809523,0.22564102564102564,0.2358490566037736,0.21132075471698114,0.23529411764705882,0.14207650273224043,0.1702127659574468,0.25,0.21428571428571427,0.20491803278688525,0.1935483870967742,0.242152466367713,0.13636363636363635,0.18666666666666668,0.07777777777777778,0.18888888888888888,0.1834319526627219,0.27358490566037735,0.17757009345794392,0.25882352941176473,0.16143497757847533,0.17355371900826447,0.10062893081761007,0.20869565217391303,0.11203319502074689,0.19008264462809918,0.16740088105726872,0.2242152466367713,0.226890756302521,0.22026431718061673,0.23754789272030652,0.16356877323420074,0.17971014492753623,0.14977973568281938,0.18181818181818182,0.14847161572052403,0.11224489795918367,0.18536585365853658,0.16580310880829016,0.19791666666666666,0.06521739130434782,0.22972972972972974,0.23958333333333334,0.24731182795698925,0.33472803347280333,0.1932367149758454,0.22966507177033493,0.18604651162790697,0.24680851063829787,0.296875,0.21100917431192662,0.19318181818181818,0.1926605504587156,0.2743362831858407,0.31932773109243695,0.2814814814814815,0.21818181818181817,0.19455252918287938,0.2153846153846154,0.25663716814159293,0.24369747899159663,0.22568093385214008,0.25471698113207547,0.20967741935483872,0.25384615384615383,0.1984126984126984,0.2066115702479339,0.23529411764705882,0.25217391304347825,0.20465116279069767,0.26778242677824265,0.20242914979757085,0.21232876712328766,0.336283185840708,0.1978021978021978,0.2523364485981308,0.19534883720930232,0.176,0.14883720930232558,0.1927710843373494,0.16140350877192983,0.13658536585365855,0.24770642201834864,0.216,0.272,0.19327731092436976,0.12560386473429952,0.20532319391634982,0.2,0.2549019607843137,0.2585551330798479,0.21374045801526717,0.25225225225225223,0.22325581395348837,0.2222222222222222,1.0,0.3557692307692308,0.21940928270042195,0.23478260869565218,0.3291139240506329,0.22857142857142856,0.256198347107438,0.12987012987012986,0.24107142857142858,0.21951219512195122,0.17670682730923695,0.22857142857142856,0.19574468085106383,0.2971014492753623,0.14689265536723164,0.2248062015503876,0.24,0.2787456445993031,0.24630541871921183,0.175,0.2801556420233463,0.2,0.21705426356589147,0.13733905579399142,0.17254901960784313,0.24727272727272728,0.21008403361344538,0.20657276995305165,0.26337448559670784,0.1459227467811159,0.22857142857142856,0.19047619047619047,0.2196078431372549,0.22388059701492538,0.2446043165467626,0.21862348178137653,0.16877637130801687,0.14754098360655737,0.20869565217391303,0.31906614785992216,0.2303370786516854,0.14563106796116504,0.24313725490196078,0.2366412213740458,0.1947565543071161,0.208955223880597,0.25,0.26174496644295303,0.18502202643171806,0.19083969465648856,0.20909090909090908,0.22608695652173913,0.22535211267605634,0.25833333333333336,0.32407407407407407,0.3015075376884422,0.2171945701357466,0.06763285024154589,0.19083969465648856,0.25098039215686274,0.264,0.24242424242424243,0.23574144486692014,0.19469026548672566,0.22784810126582278,0.226890756302521,0.29694323144104806,0.1556420233463035,0.18106995884773663,0.19594594594594594,0.2081447963800905,0.2357142857142857,0.2462686567164179,0.23423423423423423,0.12121212121212122,0.20095693779904306,0.19696969696969696,0.23484848484848486,0.1259259259259259,0.2222222222222222,0.24630541871921183,0.14130434782608695
11624601,0.26877470355731226,0.22660098522167488,0.11956521739130435,0.078125,0.2564102564102564,0.21495327102803738,0.2345679012345679,0.192090395480226,0.1889763779527559,0.17045454545454544,0.13333333333333333,0.17801047120418848,0.13836477987421383,0.14102564102564102,0.2,0.1317365269461078,0.18840579710144928,0.12429378531073447,0.13664596273291926,0.12429378531073447,0.14213197969543148,0.20408163265306123,0.21100917431192662,0.23478260869565218,0.13278008298755187,0.21052631578947367,0.13333333333333333,0.2222222222222222,0.17167381974248927,0.19704433497536947,0.16243654822335024,0.12927756653992395,0.26126126126126126,0.18518518518518517,0.22321428571428573,0.1744186046511628,0.15763546798029557,0.16748768472906403,0.08839779005524862,0.11070110701107011,0.11,0.1016949152542373,0.15315315315315314,0.12871287128712872,0.15827338129496402,0.27807486631016043,0.19607843137254902,0.1867704280155642,0.1787709497206704,0.13714285714285715,0.16666666666666666,0.20192307692307693,0.2037037037037037,0.22033898305084745,0.19101123595505617,0.28837209302325584,0.17857142857142858,0.14746543778801843,0.10795454545454546,0.1744186046511628,0.19393939393939394,0.23529411764705882,0.18446601941747573,0.27530364372469635,0.21395348837209302,0.18803418803418803,0.15894039735099338,0.16216216216216217,0.11392405063291139,0.21367521367521367,0.1461187214611872,0.16744186046511628,0.3130434782608696,0.182648401826484,0.1976284584980237,0.19157088122605365,0.18991097922848665,0.1552511415525114,0.24210526315789474,0.13574660633484162,0.125,0.20304568527918782,0.15135135135135136,0.17391304347826086,0.07954545454545454,0.2152777777777778,0.20652173913043478,0.23595505617977527,0.2943722943722944,0.21105527638190955,0.1890547263681592,0.1932367149758454,0.21145374449339208,0.2661290322580645,0.1523809523809524,0.21428571428571427,0.19047619047619047,0.21100917431192662,0.3130434782608696,0.2366412213740458,0.1792452830188679,0.17670682730923695,0.1711229946524064,0.24770642201834864,0.21739130434782608,0.18473895582329317,0.18627450980392157,0.2,0.19047619047619047,0.18032786885245902,0.19658119658119658,0.18779342723004694,0.2072072072072072,0.2318840579710145,0.2077922077922078,0.2175732217573222,0.13380281690140844,0.30275229357798167,0.18867924528301888,0.1941747572815534,0.15458937198067632,0.1652892561983471,0.2028985507246377,0.1991701244813278,0.15162454873646208,0.19289340101522842,0.2,0.1487603305785124,0.2066115702479339,0.13043478260869565,0.1708542713567839,0.23529411764705882,0.1981981981981982,0.24489795918367346,0.23529411764705882,0.1889763779527559,0.21495327102803738,0.1642512077294686,0.16346153846153846,0.3557692307692308,1.0,0.17467248908296942,0.18018018018018017,0.314410480349345,0.1940928270042194,0.1623931623931624,0.12556053811659193,0.2037037037037037,0.226890756302521,0.1908713692946058,0.18565400843881857,0.19383259911894274,0.26865671641791045,0.1893491124260355,0.184,0.1947565543071161,0.23655913978494625,0.22564102564102564,0.14655172413793102,0.21686746987951808,0.1981981981981982,0.192,0.16,0.15384615384615385,0.2247191011235955,0.16521739130434782,0.22439024390243903,0.2723404255319149,0.18666666666666668,0.21782178217821782,0.1885245901639344,0.1862348178137652,0.2,0.23703703703703705,0.19246861924686193,0.2096069868995633,0.12290502793296089,0.17117117117117117,0.27309236947791166,0.21264367816091953,0.1414141414141414,0.1862348178137652,0.2204724409448819,0.138996138996139,0.16923076923076924,0.23333333333333334,0.22758620689655173,0.2100456621004566,0.1968503937007874,0.2358490566037736,0.23423423423423423,0.17560975609756097,0.1896551724137931,0.2692307692307692,0.2513089005235602,0.16901408450704225,0.1407035175879397,0.1968503937007874,0.22672064777327935,0.21487603305785125,0.18834080717488788,0.21176470588235294,0.2018348623853211,0.1572052401746725,0.20869565217391303,0.2986425339366516,0.20883534136546184,0.18723404255319148,0.1527777777777778,0.18779342723004694,0.22794117647058823,0.2230769230769231,0.18691588785046728,0.22929936305732485,0.1791044776119403,0.1953125,0.1953125,0.11450381679389313,0.1721311475409836,0.22564102564102564,0.18181818181818182
11625818,0.1773049645390071,0.1896551724137931,0.10328638497652583,0.14012738853503184,0.22321428571428573,0.23045267489711935,0.2094240837696335,0.1650485436893204,0.2332155477031802,0.17560975609756097,0.1340782122905028,0.10909090909090909,0.11702127659574468,0.17297297297297298,0.14336917562724014,0.18181818181818182,0.10491803278688525,0.11650485436893204,0.12631578947368421,0.07766990291262135,0.24778761061946902,0.16,0.20242914979757085,0.2471042471042471,0.2518518518518518,0.2178988326848249,0.18604651162790697,0.22758620689655173,0.22900763358778625,0.29310344827586204,0.26548672566371684,0.2534246575342466,0.23904382470119523,0.26755852842809363,0.2134387351778656,0.1691542288557214,0.2413793103448276,0.23275862068965517,0.0380952380952381,0.05333333333333334,0.22707423580786026,0.07547169811320754,0.1593625498007968,0.24242424242424243,0.047619047619047616,0.12037037037037036,0.24892703862660945,0.25874125874125875,0.2403846153846154,0.16666666666666666,0.19138755980861244,0.24472573839662448,0.22857142857142856,0.2037735849056604,0.18357487922705315,0.1557377049180328,0.1218274111675127,0.24390243902439024,0.05774278215223097,0.208955223880597,0.1671309192200557,0.26609442060085836,0.18723404255319148,0.15217391304347827,0.1885245901639344,0.21292775665399238,0.17777777777777778,0.23107569721115537,0.1073558648111332,0.19771863117870722,0.25806451612903225,0.22131147540983606,0.21621621621621623,0.27419354838709675,0.2907801418439716,0.1310344827586207,0.15300546448087432,0.20967741935483872,0.1552511415525114,0.216,0.09200968523002422,0.19469026548672566,0.2523364485981308,0.2535211267605634,0.06829268292682927,0.23974763406940064,0.2347417840375587,0.21256038647342995,0.23846153846153847,0.20175438596491227,0.21739130434782608,0.1271186440677966,0.2578125,0.2743682310469314,0.22594142259414227,0.18274111675126903,0.26778242677824265,0.26720647773279355,0.2084942084942085,0.29553264604810997,0.23236514522821577,0.17985611510791366,0.2777777777777778,0.32388663967611336,0.2548262548262548,0.2589928057553957,0.27467811158798283,0.2527881040892193,0.2206405693950178,0.21245421245421245,0.21292775665399238,0.2975206611570248,0.24701195219123506,0.2033898305084746,0.2692307692307692,0.23880597014925373,0.28753993610223644,0.2591093117408907,0.20408163265306123,0.2553191489361702,0.2457627118644068,0.22878228782287824,0.1271186440677966,0.17037037037037037,0.17647058823529413,0.168141592920354,0.24267782426778242,0.24354243542435425,0.2140221402214022,0.2548262548262548,0.14912280701754385,0.16901408450704225,0.23107569721115537,0.2222222222222222,0.2112676056338028,0.24028268551236748,0.27983539094650206,0.3050847457627119,0.24472573839662448,0.21940928270042195,0.17467248908296942,1.0,0.20717131474103587,0.23255813953488372,0.2932330827067669,0.2889733840304182,0.23015873015873015,0.24489795918367346,0.2546816479400749,0.25925925925925924,0.2556390977443609,0.234375,0.22895622895622897,0.16161616161616163,0.2867383512544803,0.23648648648648649,0.24675324675324675,0.24107142857142858,0.23754789272030652,0.2302158273381295,0.15139442231075698,0.26523297491039427,0.16535433070866143,0.1956521739130435,0.18243243243243243,0.23938223938223938,0.23076923076923078,0.23484848484848486,0.15748031496062992,0.2510822510822511,0.23443223443223443,0.2608695652173913,0.22145328719723184,0.20066889632107024,0.11940298507462686,0.13953488372093023,0.20155038759689922,0.27091633466135456,0.22302158273381295,0.22811671087533156,0.19383259911894274,0.2608695652173913,0.26148409893992935,0.2361111111111111,0.2560553633217993,0.18587360594795538,0.21316614420062696,0.23387096774193547,0.21201413427561838,0.1825726141078838,0.199203187250996,0.2564102564102564,0.27586206896551724,0.270042194092827,0.2,0.2644628099173554,0.10526315789473684,0.127208480565371,0.26811594202898553,0.25830258302583026,0.21428571428571427,0.24647887323943662,0.20242914979757085,0.29457364341085274,0.2857142857142857,0.232,0.16546762589928057,0.2878787878787879,0.26498422712933756,0.21487603305785125,0.21926910299003322,0.23529411764705882,0.23045267489711935,0.11827956989247312,0.28695652173913044,0.20350877192982456,0.3017543859649123,0.17869415807560138,0.3076923076923077,0.24107142857142858,0.16585365853658537
11626560,0.15272727272727274,0.1511111111111111,0.06796116504854369,0.10666666666666667,0.18433179723502305,0.15254237288135594,0.22826086956521738,0.1407035175879397,0.2028985507246377,0.08080808080808081,0.11627906976744186,0.13145539906103287,0.11049723756906077,0.10112359550561797,0.15441176470588236,0.11797752808988764,0.1342281879194631,0.1507537688442211,0.12021857923497267,0.10050251256281408,0.1187214611872146,0.1651376146788991,0.16666666666666666,0.2777777777777778,0.16730038022813687,0.184,0.11869436201780416,0.18374558303886926,0.21176470588235294,0.17777777777777778,0.2374429223744292,0.21052631578947367,0.18032786885245902,0.19863013698630136,0.2032520325203252,0.20618556701030927,0.09777777777777778,0.1511111111111111,0.059113300492610835,0.04778156996587031,0.10810810810810811,0.10077519379844961,0.09836065573770492,0.14285714285714285,0.024844720496894408,0.15311004784688995,0.18584070796460178,0.1863799283154122,0.1791044776119403,0.15228426395939088,0.18811881188118812,0.12173913043478261,0.15126050420168066,0.2248062015503876,0.22,0.23628691983122363,0.21052631578947367,0.18410041841004185,0.0748663101604278,0.18556701030927836,0.1534090909090909,0.19469026548672566,0.18421052631578946,0.22304832713754646,0.1518987341772152,0.265625,0.09248554913294797,0.1557377049180328,0.0967741935483871,0.21875,0.14107883817427386,0.11814345991561181,0.23809523809523808,0.17427385892116182,0.18181818181818182,0.1413427561837456,0.15041782729805014,0.14107883817427386,0.1792452830188679,0.1646090534979424,0.12315270935960591,0.2557077625570776,0.11594202898550725,0.13592233009708737,0.1111111111111111,0.23870967741935484,0.1941747572815534,0.2,0.1976284584980237,0.19004524886877827,0.2062780269058296,0.1572052401746725,0.15261044176706828,0.17777777777777778,0.22413793103448276,0.17894736842105263,0.21551724137931033,0.2,0.20634920634920634,0.19718309859154928,0.21367521367521367,0.1918819188191882,0.20095693779904306,0.19166666666666668,0.23015873015873015,0.2140221402214022,0.20353982300884957,0.16793893129770993,0.19708029197080293,0.18045112781954886,0.203125,0.16170212765957448,0.1885245901639344,0.22707423580786026,0.22924901185770752,0.2681992337164751,0.20915032679738563,0.225,0.23693379790940766,0.19298245614035087,0.18340611353711792,0.21212121212121213,0.25327510917030566,0.1596958174904943,0.20735785953177258,0.2374429223744292,0.19827586206896552,0.1893939393939394,0.18181818181818182,0.1746031746031746,0.2986425339366516,0.21660649819494585,0.21311475409836064,0.2018348623853211,0.2527075812274368,0.14492753623188406,0.23728813559322035,0.2096069868995633,0.1391304347826087,0.23478260869565218,0.18018018018018017,0.20717131474103587,1.0,0.18326693227091634,0.2471042471042471,0.234375,0.17142857142857143,0.17647058823529413,0.16153846153846155,0.21292775665399238,0.19305019305019305,0.20883534136546184,0.19310344827586207,0.17801047120418848,0.20588235294117646,0.2629757785467128,0.2059800664451827,0.22119815668202766,0.2047244094488189,0.1992619926199262,0.22950819672131148,0.19117647058823528,0.09716599190283401,0.19330855018587362,0.20761245674740483,0.23809523809523808,0.23788546255506607,0.17120622568093385,0.20242914979757085,0.22321428571428573,0.24060150375939848,0.20074349442379183,0.20567375886524822,0.1917808219178082,0.11494252873563218,0.12749003984063745,0.14736842105263157,0.26229508196721313,0.1918819188191882,0.1945945945945946,0.2545454545454545,0.23048327137546468,0.2318840579710145,0.199288256227758,0.19148936170212766,0.21374045801526717,0.19230769230769232,0.2157676348547718,0.3115942028985507,0.20512820512820512,0.2540983606557377,0.16740088105726872,0.1968503937007874,0.21739130434782608,0.22535211267605634,0.2297872340425532,0.14479638009049775,0.17391304347826086,0.2379182156133829,0.2196969696969697,0.21224489795918366,0.18772563176895307,0.19166666666666668,0.2151394422310757,0.15079365079365079,0.2139917695473251,0.1992619926199262,0.19455252918287938,0.2129032258064516,0.22127659574468084,0.19727891156462585,0.20567375886524822,0.17796610169491525,0.11173184357541899,0.13452914798206278,0.18705035971223022,0.17985611510791366,0.15492957746478872,0.17293233082706766,0.1935483870967742,0.1111111111111111
11626927,0.20567375886524822,0.22413793103448276,0.09389671361502347,0.07643312101910828,0.32142857142857145,0.205761316872428,0.15706806282722513,0.1650485436893204,0.19081272084805653,0.14634146341463414,0.12290502793296089,0.13636363636363635,0.09574468085106383,0.14054054054054055,0.1863799283154122,0.15426997245179064,0.20327868852459016,0.11650485436893204,0.09473684210526316,0.10679611650485436,0.168141592920354,0.17777777777777778,0.20242914979757085,0.2702702702702703,0.2074074074074074,0.1556420233463035,0.1569767441860465,0.22758620689655173,0.22900763358778625,0.21551724137931033,0.25663716814159293,0.21232876712328766,0.2868525896414343,0.2608695652173913,0.1976284584980237,0.14925373134328357,0.1810344827586207,0.19827586206896552,0.05714285714285714,0.08,0.20087336244541484,0.09056603773584905,0.1593625498007968,0.19047619047619047,0.10714285714285714,0.25925925925925924,0.1888412017167382,0.2097902097902098,0.19230769230769232,0.16666666666666666,0.14354066985645933,0.20253164556962025,0.21224489795918366,0.19622641509433963,0.2222222222222222,0.28688524590163933,0.1218274111675127,0.21951219512195122,0.08398950131233596,0.19900497512437812,0.22284122562674094,0.19742489270386265,0.17872340425531916,0.3188405797101449,0.1721311475409836,0.1596958174904943,0.16666666666666666,0.23107569721115537,0.09542743538767395,0.16730038022813687,0.1693548387096774,0.18032786885245902,0.277992277992278,0.20967741935483872,0.2553191489361702,0.16551724137931034,0.21311475409836064,0.1774193548387097,0.2191780821917808,0.168,0.12106537530266344,0.1592920353982301,0.21495327102803738,0.19718309859154928,0.06829268292682927,0.24605678233438485,0.1784037558685446,0.2028985507246377,0.6692307692307692,0.15789473684210525,0.19130434782608696,0.17796610169491525,0.2265625,0.23826714801444043,0.19246861924686193,0.17258883248730963,0.22594142259414227,0.26720647773279355,0.3474903474903475,0.281786941580756,0.1908713692946058,0.19424460431654678,0.25,0.2591093117408907,0.21621621621621623,0.18705035971223022,0.22317596566523606,0.21561338289962825,0.19217081850533807,0.19047619047619047,0.18250950570342206,0.2396694214876033,0.27091633466135456,0.22033898305084745,0.24615384615384617,0.21641791044776118,0.20447284345047922,0.3076923076923077,0.19047619047619047,0.20425531914893616,0.2288135593220339,0.2066420664206642,0.16101694915254236,0.2,0.1830065359477124,0.168141592920354,0.2594142259414226,0.1992619926199262,0.1992619926199262,0.21621621621621623,0.13157894736842105,0.19718309859154928,0.19123505976095617,0.29333333333333333,0.22535211267605634,0.2756183745583039,0.19753086419753085,0.22033898305084745,0.1940928270042194,0.3291139240506329,0.314410480349345,0.23255813953488372,0.18326693227091634,1.0,0.21052631578947367,0.22053231939163498,0.15873015873015872,0.19591836734693877,0.27715355805243447,0.2,0.24812030075187969,0.171875,0.24915824915824916,0.13131313131313133,0.26523297491039427,0.28378378378378377,0.21428571428571427,0.17857142857142858,0.21455938697318008,0.23741007194244604,0.15139442231075698,0.2007168458781362,0.15748031496062992,0.21739130434782608,0.23648648648648649,0.20077220077220076,0.21367521367521367,0.2803030303030303,0.14960629921259844,0.27705627705627706,0.17582417582417584,0.2028985507246377,0.20761245674740483,0.22073578595317725,0.1417910447761194,0.15503875968992248,0.17571059431524547,0.2151394422310757,0.31654676258992803,0.259946949602122,0.14977973568281938,0.2536231884057971,0.303886925795053,0.1736111111111111,0.23529411764705882,0.20817843866171004,0.26332288401253917,0.22580645161290322,0.21201413427561838,0.23236514522821577,0.199203187250996,0.2222222222222222,0.25287356321839083,0.3459915611814346,0.2,0.2066115702479339,0.09649122807017543,0.19081272084805653,0.2536231884057971,0.2656826568265683,0.20634920634920634,0.2112676056338028,0.20242914979757085,0.21705426356589147,0.23166023166023167,0.224,0.2158273381294964,0.1590909090909091,0.21451104100946372,0.17355371900826447,0.21926910299003322,0.22145328719723184,0.2222222222222222,0.15053763440860216,0.21739130434782608,0.1543859649122807,0.21754385964912282,0.15120274914089346,0.27106227106227104,0.32142857142857145,0.17560975609756097
11634725,0.21379310344827587,0.23333333333333334,0.09049773755656108,0.12121212121212122,0.20689655172413793,0.23904382470119523,0.23115577889447236,0.16822429906542055,0.30927835051546393,0.15023474178403756,0.11764705882352941,0.11403508771929824,0.11224489795918367,0.11398963730569948,0.1672473867595819,0.1778975741239892,0.12140575079872204,0.102803738317757,0.12121212121212122,0.09345794392523364,0.20512820512820512,0.2145922746781116,0.19607843137254902,0.23220973782771537,0.20863309352517986,0.2339622641509434,0.17613636363636365,0.2348993288590604,0.3111111111111111,0.225,0.2905982905982906,0.20666666666666667,0.21621621621621623,0.2996742671009772,0.27586206896551724,0.14354066985645933,0.2,0.23333333333333334,0.07339449541284404,0.06493506493506493,0.17721518987341772,0.08791208791208792,0.138996138996139,0.200836820083682,0.06818181818181818,0.13392857142857142,0.34854771784232363,0.3333333333333333,0.26851851851851855,0.14150943396226415,0.18433179723502305,0.17959183673469387,0.22924901185770752,0.2857142857142857,0.29767441860465116,0.21428571428571427,0.18536585365853658,0.2047244094488189,0.061696658097686374,0.18181818181818182,0.16348773841961853,0.2821576763485477,0.205761316872428,0.22535211267605634,0.23015873015873015,0.22140221402214022,0.11702127659574468,0.2471042471042471,0.12915851272015655,0.22878228782287824,0.25,0.23015873015873015,0.27715355805243447,0.2578125,0.2620689655172414,0.1476510067114094,0.1497326203208556,0.1640625,0.24669603524229075,0.17054263565891473,0.10451306413301663,0.2905982905982906,0.22522522522522523,0.25339366515837103,0.06572769953051644,0.24,0.27149321266968324,0.20465116279069767,0.23134328358208955,0.2796610169491525,0.24369747899159663,0.13934426229508196,0.25,0.2736842105263158,0.21862348178137653,0.23414634146341465,0.21052631578947367,0.25882352941176473,0.299625468164794,0.24749163879598662,0.24899598393574296,0.16783216783216784,0.22321428571428573,0.3137254901960784,0.33707865168539325,0.26573426573426573,0.26556016597510373,0.24548736462093862,0.2837370242214533,0.25622775800711745,0.22140221402214022,0.24,0.2702702702702703,0.319672131147541,0.27611940298507465,0.2608695652173913,0.23052959501557632,0.26666666666666666,0.18543046357615894,0.2880658436213992,0.2540983606557377,0.3225806451612903,0.11475409836065574,0.19424460431654678,0.2229299363057325,0.24786324786324787,0.21052631578947367,0.2007168458781362,0.22939068100358423,0.20973782771535582,0.23728813559322035,0.2328767123287671,0.2702702702702703,0.22317596566523606,0.2465753424657534,0.24054982817869416,0.3107569721115538,0.22950819672131148,0.23673469387755103,0.22857142857142856,0.1940928270042194,0.2932330827067669,0.2471042471042471,0.21052631578947367,1.0,0.24354243542435425,0.13846153846153847,0.26877470355731226,0.29818181818181816,0.26618705035971224,0.27007299270072993,0.26515151515151514,0.26885245901639343,0.17475728155339806,0.23693379790940766,0.27631578947368424,0.25949367088607594,0.25,0.17100371747211895,0.2867132867132867,0.138996138996139,0.313588850174216,0.13740458015267176,0.18309859154929578,0.23026315789473684,0.20973782771535582,0.2892561983471074,0.2426470588235294,0.16793893129770993,0.30962343096234307,0.24199288256227758,0.23943661971830985,0.26262626262626265,0.2280130293159609,0.13043478260869565,0.18796992481203006,0.21265822784810126,0.277992277992278,0.25874125874125875,0.2597402597402597,0.1702127659574468,0.2887323943661972,0.26804123711340205,0.25,0.24242424242424243,0.18772563176895307,0.24464831804281345,0.234375,0.2611683848797251,0.24096385542168675,0.20077220077220076,0.23140495867768596,0.26022304832713755,0.19591836734693877,0.2543859649122807,0.256,0.1016949152542373,0.11683848797250859,0.28169014084507044,0.2724014336917563,0.25384615384615383,0.273972602739726,0.22745098039215686,0.24060150375939848,0.24719101123595505,0.2558139534883721,0.16783216783216784,0.22058823529411764,0.24,0.184,0.2588996763754045,0.26262626262626265,0.22310756972111553,0.16494845360824742,0.226890756302521,0.19112627986348124,0.28668941979522183,0.1605351170568562,0.2918149466192171,0.19827586206896552,0.15023474178403756
11640390,0.1602787456445993,0.17721518987341772,0.07339449541284404,0.04938271604938271,0.18340611353711792,0.25806451612903225,0.24489795918367346,0.13270142180094788,0.2916666666666667,0.1523809523809524,0.13043478260869565,0.11555555555555555,0.13471502590673576,0.16842105263157894,0.16901408450704225,0.21739130434782608,0.12258064516129032,0.12322274881516587,0.14358974358974358,0.0947867298578199,0.2597402597402597,0.2,0.21428571428571427,0.1893939393939394,0.2690909090909091,0.20610687022900764,0.20057306590257878,0.23728813559322035,0.26217228464419473,0.24472573839662448,0.24242424242424243,0.26262626262626265,0.1796875,0.23684210526315788,0.21705426356589147,0.17475728155339806,0.20253164556962025,0.2109704641350211,0.07441860465116279,0.07213114754098361,0.2222222222222222,0.1037037037037037,0.125,0.2966101694915254,0.011560693641618497,0.12669683257918551,0.2605042016806723,0.26804123711340205,0.26291079812206575,0.16267942583732056,0.18691588785046728,0.24793388429752067,0.24,0.2074074074074074,0.16981132075471697,0.15261044176706828,0.1485148514851485,0.23904382470119523,0.07253886010362694,0.18446601941747573,0.18681318681318682,0.2605042016806723,0.19166666666666668,0.15658362989323843,0.1285140562248996,0.1791044776119403,0.16216216216216217,0.265625,0.0984251968503937,0.208955223880597,0.2450592885375494,0.20080321285140562,0.16666666666666666,0.26877470355731226,0.2857142857142857,0.1288135593220339,0.1778975741239892,0.18972332015810275,0.16071428571428573,0.21176470588235294,0.10047846889952153,0.17316017316017315,0.228310502283105,0.24770642201834864,0.09523809523809523,0.2732919254658385,0.22018348623853212,0.19811320754716982,0.22641509433962265,0.15450643776824036,0.26382978723404255,0.14937759336099585,0.25287356321839083,0.22695035460992907,0.2786885245901639,0.1782178217821782,0.2540983606557377,0.2698412698412698,0.20454545454545456,0.28378378378378377,0.21138211382113822,0.17667844522968199,0.26244343891402716,0.3492063492063492,0.2196969696969697,0.28975265017667845,0.31092436974789917,0.291970802919708,0.2727272727272727,0.19424460431654678,0.19402985074626866,0.26720647773279355,0.2578125,0.17427385892116182,0.2792452830188679,0.18315018315018314,0.3333333333333333,0.30158730158730157,0.17391304347826086,0.24166666666666667,0.22406639004149378,0.1956521739130435,0.14107883817427386,0.18181818181818182,0.16720257234726688,0.17316017316017315,0.22131147540983606,0.2246376811594203,0.2463768115942029,0.26515151515151514,0.13733905579399142,0.15916955017301038,0.203125,0.21739130434782608,0.22837370242214533,0.24305555555555555,0.27419354838709675,0.34854771784232363,0.24793388429752067,0.256198347107438,0.1623931623931624,0.2889733840304182,0.234375,0.22053231939163498,0.24354243542435425,1.0,0.19455252918287938,0.248,0.2426470588235294,0.20363636363636364,0.2140221402214022,0.19157088122605365,0.25165562913907286,0.17733990147783252,0.3028169014084507,0.22591362126245848,0.26198083067092653,0.23580786026200873,0.21804511278195488,0.22614840989399293,0.1875,0.2746478873239437,0.12355212355212356,0.19217081850533807,0.17275747508305647,0.21212121212121213,0.1589958158995816,0.17843866171003717,0.1776061776061776,0.2627118644067797,0.23741007194244604,0.30604982206405695,0.22448979591836735,0.24342105263157895,0.12454212454212454,0.1444866920152091,0.2193877551020408,0.34375,0.254416961130742,0.2670157068062827,0.1724137931034483,0.2704626334519573,0.2569444444444444,0.24573378839590443,0.23129251700680273,0.24817518248175183,0.2222222222222222,0.22924901185770752,0.19444444444444445,0.16260162601626016,0.234375,0.24267782426778242,0.2706766917293233,0.2644628099173554,0.20444444444444446,0.23481781376518218,0.0944206008583691,0.1388888888888889,0.25622775800711745,0.2463768115942029,0.21011673151750973,0.2768166089965398,0.20634920634920634,0.40304182509505704,0.26515151515151514,0.24313725490196078,0.1696113074204947,0.19330855018587362,0.2857142857142857,0.19433198380566802,0.19607843137254902,0.22448979591836735,0.23387096774193547,0.11518324607329843,0.23829787234042554,0.1793103448275862,0.25517241379310346,0.1891891891891892,0.2949640287769784,0.2183406113537118,0.17142857142857143
11647372,0.10869565217391304,0.11504424778761062,0.057971014492753624,0.06622516556291391,0.11926605504587157,0.1350210970464135,0.17297297297297298,0.12,0.19494584837545126,0.11055276381909548,0.10404624277456648,0.07476635514018691,0.0989010989010989,0.12290502793296089,0.11721611721611722,0.11764705882352941,0.10033444816053512,0.21,0.11956521739130435,0.06,0.12727272727272726,0.1278538812785388,0.15767634854771784,0.2450592885375494,0.18181818181818182,0.1593625498007968,0.11834319526627218,0.2323943661971831,0.1328125,0.19469026548672566,0.18181818181818182,0.20279720279720279,0.1306122448979592,0.12286689419795221,0.1214574898785425,0.1641025641025641,0.10619469026548672,0.13274336283185842,0.049019607843137254,0.034013605442176874,0.13452914798206278,0.10810810810810811,0.09795918367346938,0.14222222222222222,0.0,0.12380952380952381,0.14977973568281938,0.15,0.1485148514851485,0.15151515151515152,0.18719211822660098,0.12121212121212122,0.12552301255230125,0.22393822393822393,0.11940298507462686,0.15126050420168066,0.13612565445026178,0.3,0.08533333333333333,0.15384615384615385,0.1529745042492918,0.14977973568281938,0.1572052401746725,0.16296296296296298,0.10084033613445378,0.22568093385214008,0.12643678160919541,0.11428571428571428,0.08450704225352113,0.23346303501945526,0.1322314049586777,0.12605042016806722,0.11857707509881422,0.1487603305785124,0.16666666666666666,0.08450704225352113,0.16111111111111112,0.19834710743801653,0.12206572769953052,0.16393442622950818,0.11302211302211303,0.14545454545454545,0.125,0.13526570048309178,0.10050251256281408,0.2379421221864952,0.12560386473429952,0.1890547263681592,0.1732283464566929,0.13513513513513514,0.17857142857142858,0.11304347826086956,0.176,0.11808118081180811,0.33476394849785407,0.1256544502617801,0.33476394849785407,0.15767634854771784,0.12648221343873517,0.23859649122807017,0.1276595744680851,0.23529411764705882,0.2,0.15767634854771784,0.13438735177865613,0.29411764705882354,0.1762114537444934,0.1520912547528517,0.1890909090909091,0.1797752808988764,0.22568093385214008,0.22033898305084745,0.1469387755102041,0.1391304347826087,0.15748031496062992,0.16793893129770993,0.21498371335504887,0.14937759336099585,0.24305555555555555,0.14847161572052403,0.1391304347826087,0.25660377358490566,0.1391304347826087,0.10606060606060606,0.16666666666666666,0.15454545454545454,0.1630901287553648,0.24150943396226415,0.12075471698113208,0.2845849802371542,0.15315315315315314,0.2014388489208633,0.1306122448979592,0.1552511415525114,0.14388489208633093,0.12274368231046931,0.12658227848101267,0.2,0.1471861471861472,0.12987012987012986,0.12556053811659193,0.23015873015873015,0.17142857142857143,0.15873015873015872,0.13846153846153847,0.19455252918287938,1.0,0.13389121338912133,0.12260536398467432,0.15151515151515152,0.15384615384615385,0.192,0.18556701030927836,0.15625,0.18315018315018314,0.2482758620689655,0.24503311258278146,0.13761467889908258,0.17254901960784313,0.16911764705882354,0.1469387755102041,0.1684981684981685,0.0967741935483871,0.34074074074074073,0.16551724137931034,0.23715415019762845,0.13157894736842105,0.12403100775193798,0.1693548387096774,0.14222222222222222,0.2247191011235955,0.1925925925925926,0.1978798586572438,0.22525597269624573,0.09923664122137404,0.09523809523809523,0.22572178477690288,0.17142857142857143,0.125,0.20485175202156333,0.16289592760180996,0.14074074074074075,0.19494584837545126,0.425531914893617,0.254416961130742,0.2813688212927757,0.2108626198083067,0.32231404958677684,0.17328519855595667,0.14468085106382977,0.17959183673469387,0.14912280701754385,0.16470588235294117,0.18181818181818182,0.11214953271028037,0.15254237288135594,0.12612612612612611,0.20216606498194944,0.21481481481481482,0.2339622641509434,0.14634146341463414,0.11510791366906475,0.14107883817427386,0.19047619047619047,0.12648221343873517,0.13934426229508196,0.25735294117647056,0.17829457364341086,0.2315112540192926,0.2542372881355932,0.1694915254237288,0.17667844522968199,0.21940928270042195,0.08888888888888889,0.17857142857142858,0.12186379928315412,0.14336917562724014,0.20350877192982456,0.14232209737827714,0.1651376146788991,0.1407035175879397
11667893,0.19330855018587362,0.2557077625570776,0.09,0.08333333333333333,0.1895734597156398,0.3130434782608696,0.20224719101123595,0.16580310880829016,0.34074074074074073,0.17708333333333334,0.13253012048192772,0.14492753623188406,0.09142857142857143,0.13953488372093023,0.15037593984962405,0.18857142857142858,0.10273972602739725,0.12435233160621761,0.1016949152542373,0.09326424870466321,0.215962441314554,0.27358490566037735,0.1794871794871795,0.2032520325203252,0.21011673151750973,0.20491803278688525,0.18126888217522658,0.24548736462093862,0.2248995983935743,0.273972602739726,0.215962441314554,0.2222222222222222,0.2184873949579832,0.2517482517482518,0.3,0.1595744680851064,0.228310502283105,0.2648401826484018,0.1218274111675127,0.09059233449477352,0.18518518518518517,0.1111111111111111,0.15126050420168066,0.2018348623853211,0.09032258064516129,0.15763546798029557,0.2818181818181818,0.29304029304029305,0.3282051282051282,0.16753926701570682,0.1836734693877551,0.21428571428571427,0.2672413793103448,0.23015873015873015,0.20618556701030927,0.19047619047619047,0.17391304347826086,0.19742489270386265,0.08152173913043478,0.22340425531914893,0.1676300578034682,0.2909090909090909,0.18018018018018017,0.1444866920152091,0.19047619047619047,0.184,0.1317365269461078,0.2689075630252101,0.09387755102040816,0.248,0.26382978723404255,0.23376623376623376,0.22764227642276422,0.3148936170212766,0.23048327137546468,0.15162454873646208,0.15864022662889518,0.19574468085106383,0.21359223300970873,0.2109704641350211,0.1,0.2347417840375587,0.23880597014925373,0.29,0.10416666666666667,0.21710526315789475,0.29,0.2268041237113402,0.21052631578947367,0.22325581395348837,0.22119815668202766,0.15246636771300448,0.31275720164609055,0.2727272727272727,0.22123893805309736,0.22826086956521738,0.22123893805309736,0.27350427350427353,0.24390243902439024,0.28776978417266186,0.23684210526315788,0.17358490566037735,0.2660098522167488,0.3076923076923077,0.22764227642276422,0.2943396226415094,0.2545454545454545,0.25,0.3283582089552239,0.2692307692307692,0.216,0.2794759825327511,0.25210084033613445,0.2242152466367713,0.22672064777327935,0.24313725490196078,0.20666666666666667,0.3333333333333333,0.15658362989323843,0.23423423423423423,0.19730941704035873,0.20930232558139536,0.12556053811659193,0.17120622568093385,0.18430034129692832,0.215962441314554,0.23008849557522124,0.2248062015503876,0.2248062015503876,0.2032520325203252,0.20465116279069767,0.1918819188191882,0.23529411764705882,0.19811320754716982,0.22878228782287824,0.2740740740740741,0.2956521739130435,0.21524663677130046,0.33035714285714285,0.24107142857142858,0.2037037037037037,0.24489795918367346,0.17647058823529413,0.19591836734693877,0.26877470355731226,0.248,0.13389121338912133,1.0,0.2992125984251969,0.23346303501945526,0.308300395256917,0.27983539094650206,0.2535211267605634,0.22702702702702704,0.21804511278195488,0.21201413427561838,0.2576271186440678,0.21800947867298578,0.1935483870967742,0.2641509433962264,0.12605042016806722,0.3082706766917293,0.14937759336099585,0.16730038022813687,0.24734982332155478,0.22764227642276422,0.2171945701357466,0.23107569721115537,0.1991701244813278,0.3761467889908257,0.2692307692307692,0.2585551330798479,0.30434782608695654,0.24475524475524477,0.18823529411764706,0.22040816326530613,0.1925133689839572,0.25210084033613445,0.2792452830188679,0.21978021978021978,0.14953271028037382,0.22813688212927757,0.22962962962962963,0.21818181818181817,0.2318840579710145,0.171875,0.24836601307189543,0.2297872340425532,0.2074074074074074,0.17543859649122806,0.18487394957983194,0.2895927601809955,0.22580645161290322,0.20535714285714285,0.2318840579710145,0.2096069868995633,0.16744186046511628,0.1259259259259259,0.22053231939163498,0.21705426356589147,0.22594142259414227,0.2878228782287823,0.18803418803418803,0.23673469387755103,0.2926829268292683,0.23628691983122363,0.1811320754716981,0.24701195219123506,0.21052631578947367,0.19213973799126638,0.2638888888888889,0.2898550724637681,0.25217391304347825,0.17341040462427745,0.2488479262672811,0.22058823529411764,0.2426470588235294,0.17985611510791366,0.25384615384615383,0.26540284360189575,0.20833333333333334
11676786,0.21305841924398625,0.2821576763485477,0.09009009009009009,0.08433734939759036,0.22317596566523606,0.2777777777777778,0.16,0.16744186046511628,0.4246575342465753,0.1588785046728972,0.1595744680851064,0.13100436681222707,0.09137055837563451,0.10309278350515463,0.1597222222222222,0.20430107526881722,0.1337579617834395,0.12093023255813953,0.09045226130653267,0.10232558139534884,0.2297872340425532,0.23931623931623933,0.21875,0.22388059701492538,0.1935483870967742,0.19548872180451127,0.20396600566572237,0.3010033444816054,0.3173431734317343,0.1908713692946058,0.26382978723404255,0.23920265780730898,0.24615384615384617,0.2987012987012987,0.32061068702290074,0.1619047619047619,0.22406639004149378,0.1991701244813278,0.091324200913242,0.08414239482200647,0.19327731092436976,0.10948905109489052,0.14615384615384616,0.225,0.07909604519774012,0.17777777777777778,0.24793388429752067,0.3864406779661017,0.25806451612903225,0.15023474178403756,0.1743119266055046,0.22764227642276422,0.2283464566929134,0.24087591240875914,0.23148148148148148,0.22134387351778656,0.14563106796116504,0.2196078431372549,0.07179487179487179,0.2,0.18478260869565216,0.32231404958677684,0.18032786885245902,0.22456140350877193,0.2134387351778656,0.21323529411764705,0.14814814814814814,0.2692307692307692,0.1015625,0.25735294117647056,0.2490272373540856,0.20553359683794467,0.30597014925373134,0.26459143968871596,0.29553264604810997,0.1605351170568562,0.17066666666666666,0.17898832684824903,0.20175438596491227,0.18532818532818532,0.12322274881516587,0.2127659574468085,0.23318385650224216,0.2972972972972973,0.08411214953271028,0.24539877300613497,0.2882882882882883,0.2037037037037037,0.26022304832713755,0.2109704641350211,0.2510460251046025,0.15510204081632653,0.32452830188679244,0.32867132867132864,0.20161290322580644,0.20388349514563106,0.22580645161290322,0.2421875,0.2835820895522388,0.3333333333333333,0.208,0.1951219512195122,0.24888888888888888,0.328125,0.23134328358208955,0.29965156794425085,0.2892561983471074,0.2949640287769784,0.4206896551724138,0.2553191489361702,0.22058823529411764,0.22310756972111553,0.3384615384615385,0.2693877551020408,0.24535315985130113,0.259927797833935,0.21739130434782608,0.2578125,0.1716171617161716,0.2540983606557377,0.22857142857142856,0.22857142857142856,0.1306122448979592,0.2078853046594982,0.19682539682539682,0.2127659574468085,0.21774193548387097,0.2,0.22142857142857142,0.2462686567164179,0.1940928270042194,0.23208191126279865,0.27692307692307694,0.23076923076923078,0.2525597269624573,0.3150684931506849,0.3253968253968254,0.21224489795918366,0.2682926829268293,0.21951219512195122,0.226890756302521,0.2546816479400749,0.16153846153846155,0.27715355805243447,0.29818181818181816,0.2426470588235294,0.12260536398467432,0.2992125984251969,1.0,0.30824372759856633,0.2545454545454545,0.24150943396226415,0.30718954248366015,0.15458937198067632,0.3680555555555556,0.2360655737704918,0.2902208201892745,0.20600858369098712,0.17037037037037037,0.32752613240418116,0.13846153846153847,0.4236111111111111,0.1444866920152091,0.17543859649122806,0.26229508196721313,0.208955223880597,0.2139917695473251,0.2564102564102564,0.19011406844106463,0.325,0.22695035460992907,0.24561403508771928,0.348993288590604,0.2792207792207792,0.15162454873646208,0.2397003745318352,0.20707070707070707,0.24615384615384617,0.313588850174216,0.24870466321243523,0.1440677966101695,0.2807017543859649,0.2671232876712329,0.2356902356902357,0.2483221476510067,0.17266187050359713,0.2865853658536585,0.24124513618677043,0.2534246575342466,0.184,0.17692307692307693,0.23868312757201646,0.26666666666666666,0.21138211382113822,0.22707423580786026,0.23107569721115537,0.1350210970464135,0.1232876712328767,0.24561403508771928,0.2571428571428571,0.21455938697318008,0.31399317406143346,0.234375,0.2546816479400749,0.3283582089552239,0.2471042471042471,0.20209059233449478,0.21978021978021978,0.26993865030674846,0.1752988047808765,0.32903225806451614,0.348993288590604,0.25396825396825395,0.19487179487179487,0.2510460251046025,0.24489795918367346,0.2585034013605442,0.19333333333333333,0.36879432624113473,0.24892703862660945,0.14953271028037382
11707110,0.16326530612244897,0.23770491803278687,0.09777777777777778,0.1301775147928994,0.17796610169491525,0.19607843137254902,0.1477832512315271,0.1834862385321101,0.26440677966101694,0.16589861751152074,0.14659685863874344,0.16379310344827586,0.09,0.10152284263959391,0.20618556701030927,0.18133333333333335,0.14511041009463724,0.13761467889908258,0.09900990099009901,0.08256880733944955,0.15126050420168066,0.22784810126582278,0.22393822393822393,0.2066420664206642,0.24113475177304963,0.17100371747211895,0.1853932584269663,0.25165562913907286,0.24087591240875914,0.16393442622950818,0.25210084033613445,0.25,0.19771863117870722,0.22508038585209003,0.2339622641509434,0.22535211267605634,0.18032786885245902,0.16393442622950818,0.10810810810810811,0.10897435897435898,0.14937759336099585,0.1371841155234657,0.1520912547528517,0.1646090534979424,0.08888888888888889,0.19298245614035087,0.21224489795918366,0.2684563758389262,0.22727272727272727,0.16666666666666666,0.17194570135746606,0.1606425702811245,0.20233463035019456,0.23104693140794225,0.2374429223744292,0.2265625,0.1722488038277512,0.21705426356589147,0.09669211195928754,0.16901408450704225,0.19946091644204852,0.22857142857142856,0.20242914979757085,0.19444444444444445,0.21875,0.27636363636363637,0.11458333333333333,0.22813688212927757,0.10485436893203884,0.27636363636363637,0.18461538461538463,0.1640625,0.25092250922509224,0.19230769230769232,0.23129251700680273,0.1986754966887417,0.19047619047619047,0.19230769230769232,0.22510822510822512,0.183206106870229,0.15058823529411763,0.3277310924369748,0.23008849557522124,0.2222222222222222,0.11981566820276497,0.2978723404255319,0.20444444444444446,0.1643835616438356,0.20588235294117646,0.3333333333333333,0.21487603305785125,0.18548387096774194,0.208955223880597,0.22837370242214533,0.19123505976095617,0.22009569377990432,0.23904382470119523,0.20077220077220076,0.25092250922509224,0.22442244224422442,0.2450592885375494,0.1724137931034483,0.20175438596491227,0.23938223938223938,0.1918819188191882,0.2482758620689655,0.21224489795918366,0.2277580071174377,0.26621160409556316,0.25263157894736843,0.22545454545454546,0.14960629921259844,0.2509505703422053,0.24193548387096775,0.18382352941176472,0.2571428571428571,0.23384615384615384,0.22393822393822393,0.19607843137254902,0.242914979757085,0.25,0.22614840989399293,0.14516129032258066,0.23404255319148937,0.2641509433962264,0.25210084033613445,0.20717131474103587,0.19081272084805653,0.19081272084805653,0.2140221402214022,0.21666666666666667,0.25,0.2889733840304182,0.2109704641350211,0.22972972972972974,0.23728813559322035,0.2901960784313726,0.1693548387096774,0.17670682730923695,0.17670682730923695,0.1908713692946058,0.25925925925925924,0.21292775665399238,0.2,0.26618705035971224,0.20363636363636364,0.15151515151515152,0.23346303501945526,0.30824372759856633,1.0,0.23741007194244604,0.23880597014925373,0.2588996763754045,0.1619047619047619,0.26804123711340205,0.2727272727272727,0.24375,0.19491525423728814,0.18315018315018314,0.2413793103448276,0.12927756653992395,0.29553264604810997,0.15037593984962405,0.18055555555555555,0.24675324675324675,0.2656826568265683,0.22764227642276422,0.21014492753623187,0.22556390977443608,0.2551440329218107,0.2596491228070175,0.2222222222222222,0.2591362126245847,0.2315112540192926,0.16428571428571428,0.1925925925925926,0.21052631578947367,0.22813688212927757,0.2482758620689655,0.26735218508997427,0.13389121338912133,0.2222222222222222,0.2711864406779661,0.21333333333333335,0.24584717607973422,0.18505338078291814,0.23564954682779457,0.25384615384615383,0.25084745762711863,0.3241106719367589,0.20532319391634982,0.18699186991869918,0.2490842490842491,0.17670682730923695,0.19827586206896552,0.23622047244094488,0.16666666666666666,0.1423728813559322,0.2847222222222222,0.26855123674911663,0.19696969696969696,0.23648648648648649,0.21621621621621623,0.2,0.2730627306273063,0.2366412213740458,0.2206896551724138,0.21739130434782608,0.2553191489361702,0.15748031496062992,0.24920127795527156,0.24584717607973422,0.22745098039215686,0.1717171717171717,0.2231404958677686,0.19528619528619529,0.24915824915824916,0.23102310231023102,0.3017543859649123,0.2542372881355932,0.14746543778801843
11713159,0.2206896551724138,0.30833333333333335,0.09954751131221719,0.10909090909090909,0.21551724137931033,0.20717131474103587,0.18090452261306533,0.16822429906542055,0.27491408934707906,0.14084507042253522,0.12834224598930483,0.13157894736842105,0.10204081632653061,0.10362694300518134,0.1602787456445993,0.1347708894878706,0.12140575079872204,0.11214953271028037,0.12121212121212122,0.07476635514018691,0.1452991452991453,0.17167381974248927,0.19607843137254902,0.23220973782771537,0.18705035971223022,0.2188679245283019,0.14204545454545456,0.19463087248322147,0.2074074074074074,0.25,0.23076923076923078,0.21333333333333335,0.23166023166023167,0.2736156351791531,0.29118773946360155,0.19138755980861244,0.18333333333333332,0.2,0.05504587155963303,0.07142857142857142,0.23628691983122363,0.09523809523809523,0.13127413127413126,0.1589958158995816,0.07954545454545454,0.14285714285714285,0.2987551867219917,0.3197278911564626,0.24074074074074073,0.16037735849056603,0.2488479262672811,0.16326530612244897,0.20553359683794467,0.2271062271062271,0.22325581395348837,0.1746031746031746,0.13658536585365855,0.18110236220472442,0.06683804627249357,0.22966507177033493,0.15258855585831063,0.2821576763485477,0.19753086419753085,0.16901408450704225,0.2222222222222222,0.24354243542435425,0.10638297872340426,0.277992277992278,0.10567514677103718,0.22878228782287824,0.1875,0.1746031746031746,0.2546816479400749,0.21875,0.23448275862068965,0.16778523489932887,0.1443850267379679,0.1640625,0.22026431718061673,0.17054263565891473,0.10451306413301663,0.20512820512820512,0.21621621621621623,0.19909502262443438,0.08450704225352113,0.19692307692307692,0.19909502262443438,0.22325581395348837,0.2835820895522388,0.2033898305084746,0.226890756302521,0.1557377049180328,0.2878787878787879,0.2596491228070175,0.23481781376518218,0.17560975609756097,0.21052631578947367,0.2980392156862745,0.21722846441947566,0.22742474916387959,0.23293172690763053,0.23076923076923078,0.25892857142857145,0.23529411764705882,0.26217228464419473,0.24475524475524477,0.2572614107883817,0.2527075812274368,0.2491349480968858,0.2918149466192171,0.1992619926199262,0.232,0.33976833976833976,0.20491803278688525,0.208955223880597,0.2608695652173913,0.19314641744548286,0.27450980392156865,0.17880794701986755,0.23868312757201646,0.21311475409836064,0.2222222222222222,0.13934426229508196,0.17985611510791366,0.2229299363057325,0.1794871794871795,0.23481781376518218,0.2007168458781362,0.2222222222222222,0.1797752808988764,0.1694915254237288,0.2191780821917808,0.30115830115830117,0.20600858369098712,0.19863013698630136,0.2542955326460481,0.23904382470119523,0.19672131147540983,0.22857142857142856,0.22857142857142856,0.18565400843881857,0.2556390977443609,0.19305019305019305,0.24812030075187969,0.27007299270072993,0.2140221402214022,0.15384615384615385,0.308300395256917,0.2545454545454545,0.23741007194244604,1.0,0.3106060606060606,0.24918032786885247,0.1553398058252427,0.21602787456445993,0.26973684210526316,0.2088607594936709,0.1896551724137931,0.22304832713754646,0.32867132867132864,0.15444015444015444,0.30662020905923343,0.1297709923664122,0.22535211267605634,0.21052631578947367,0.20973782771535582,0.256198347107438,0.22794117647058823,0.22137404580152673,0.28451882845188287,0.25622775800711745,0.23943661971830985,0.30303030303030304,0.21498371335504887,0.12318840579710146,0.18796992481203006,0.20253164556962025,0.20077220077220076,0.23076923076923078,0.23896103896103896,0.16170212765957448,0.2535211267605634,0.24054982817869416,0.23648648648648649,0.24242424242424243,0.18772563176895307,0.20795107033639143,0.2109375,0.24742268041237114,0.23293172690763053,0.18532818532818532,0.256198347107438,0.2825278810408922,0.22857142857142856,0.20175438596491227,0.24,0.11016949152542373,0.12371134020618557,0.2605633802816901,0.25806451612903225,0.27692307692307694,0.23972602739726026,0.18823529411764706,0.21052631578947367,0.24719101123595505,0.20930232558139536,0.17482517482517482,0.27205882352941174,0.25846153846153846,0.264,0.2783171521035599,0.2895622895622896,0.18326693227091634,0.12371134020618557,0.19327731092436976,0.19795221843003413,0.20477815699658702,0.14715719063545152,0.2918149466192171,0.33620689655172414,0.13145539906103287
11754511,0.22857142857142856,0.2,0.0947867298578199,0.09032258064516129,0.1981981981981982,0.2157676348547718,0.1693121693121693,0.13725490196078433,0.30604982206405695,0.19704433497536947,0.13559322033898305,0.11926605504587157,0.10752688172043011,0.14207650273224043,0.1444043321299639,0.12742382271468145,0.09900990099009901,0.16666666666666666,0.10638297872340426,0.09803921568627451,0.15178571428571427,0.17937219730941703,0.17142857142857143,0.2490272373540856,0.16417910447761194,0.19607843137254902,0.1286549707602339,0.22916666666666666,0.17692307692307693,0.24347826086956523,0.17857142857142858,0.19310344827586207,0.24096385542168675,0.20875420875420875,0.22310756972111553,0.19095477386934673,0.1565217391304348,0.20869565217391303,0.08653846153846154,0.06040268456375839,0.13215859030837004,0.10646387832699619,0.13654618473895583,0.13973799126637554,0.060240963855421686,0.1588785046728972,0.329004329004329,0.24647887323943662,0.2621359223300971,0.16831683168316833,0.18357487922705315,0.14468085106382977,0.19753086419753085,0.2889733840304182,0.16585365853658537,0.19834710743801653,0.19487179487179487,0.21311475409836064,0.07387862796833773,0.19095477386934673,0.16246498599439776,0.23376623376623376,0.1630901287553648,0.1897810218978102,0.1652892561983471,0.2835249042145594,0.12359550561797752,0.17670682730923695,0.12375249500998003,0.2681992337164751,0.1951219512195122,0.19834710743801653,0.22568093385214008,0.2032520325203252,0.17857142857142858,0.1388888888888889,0.16483516483516483,0.22764227642276422,0.2119815668202765,0.24193548387096775,0.12652068126520682,0.20535714285714285,0.2169811320754717,0.1895734597156398,0.08866995073891626,0.21587301587301588,0.21800947867298578,0.25365853658536586,0.18604651162790697,0.19469026548672566,0.19298245614035087,0.13675213675213677,0.2125984251968504,0.23272727272727273,0.25316455696202533,0.18461538461538463,0.2616033755274262,0.20408163265306123,0.19455252918287938,0.2698961937716263,0.17573221757322174,0.2028985507246377,0.19626168224299065,0.22857142857142856,0.2490272373540856,0.2898550724637681,0.2077922077922078,0.1947565543071161,0.27956989247311825,0.6420664206642066,0.21455938697318008,0.25833333333333336,0.24899598393574296,0.23076923076923078,0.20155038759689922,0.24060150375939848,0.21864951768488747,0.23673469387755103,0.19863013698630136,0.19742489270386265,0.1623931623931624,0.23048327137546468,0.1452991452991453,0.13432835820895522,0.2236842105263158,0.24107142857142858,0.2109704641350211,0.23048327137546468,0.17843866171003717,0.20233463035019456,0.23008849557522124,0.2624113475177305,0.20080321285140562,0.17040358744394618,0.19148936170212766,0.1708185053380783,0.22406639004149378,0.18803418803418803,0.26382978723404255,0.19574468085106383,0.19383259911894274,0.234375,0.20883534136546184,0.171875,0.26515151515151514,0.19157088122605365,0.192,0.27983539094650206,0.24150943396226415,0.23880597014925373,0.3106060606060606,1.0,0.2576271186440678,0.21428571428571427,0.17328519855595667,0.2585034013605442,0.27450980392156865,0.1981981981981982,0.2084942084942085,0.38405797101449274,0.17670682730923695,0.2743682310469314,0.1349206349206349,0.22627737226277372,0.23129251700680273,0.24124513618677043,0.21551724137931033,0.2595419847328244,0.1746031746031746,0.22707423580786026,0.2952029520295203,0.26277372262773724,0.2508710801393728,0.2356902356902357,0.14285714285714285,0.1875,0.16103896103896104,0.24899598393574296,0.2028985507246377,0.21333333333333335,0.2222222222222222,0.17518248175182483,0.2277580071174377,0.23776223776223776,0.2508710801393728,0.1947565543071161,0.22712933753943218,0.24390243902439024,0.26334519572953735,0.17573221757322174,0.2248995983935743,0.20689655172413793,0.18532818532818532,0.18723404255319148,0.1743119266055046,0.19166666666666668,0.168141592920354,0.19217081850533807,0.26277372262773724,0.26022304832713755,0.192,0.2198581560283688,0.16326530612244897,0.2109375,0.22568093385214008,0.20967741935483872,0.17391304347826086,0.32061068702290074,0.21587301587301588,0.25833333333333336,0.24749163879598662,0.2508710801393728,0.2157676348547718,0.18478260869565216,0.20175438596491227,0.21908127208480566,0.17667844522968199,0.2422145328719723,0.2066420664206642,0.2072072072072072,0.15763546798029557
11844351,0.23052959501557632,0.1918819188191882,0.06349206349206349,0.05102040816326531,0.23574144486692014,0.22695035460992907,0.1565217391304348,0.1306122448979592,0.4161490683229814,0.11475409836065574,0.12844036697247707,0.13127413127413126,0.07929515418502203,0.08928571428571429,0.1949685534591195,0.20398009950248755,0.1744186046511628,0.2530612244897959,0.07860262008733625,0.08163265306122448,0.18867924528301888,0.2196969696969697,0.17482517482517482,0.2550335570469799,0.18770226537216828,0.17567567567567569,0.18798955613577023,0.3161094224924012,0.26578073089701,0.17712177121771217,0.21132075471698114,0.2537764350453172,0.22758620689655173,0.2603550295857988,0.273972602739726,0.15,0.17712177121771217,0.16974169741697417,0.11244979919678715,0.0943952802359882,0.15671641791044777,0.125,0.1310344827586207,0.21481481481481482,0.0966183574879227,0.23529411764705882,0.2647058823529412,0.31384615384615383,0.242914979757085,0.13991769547325103,0.16129032258064516,0.2391304347826087,0.19718309859154928,0.3026315789473684,0.17886178861788618,0.24734982332155478,0.1440677966101695,0.23157894736842105,0.10476190476190476,0.15833333333333333,0.23115577889447236,0.29411764705882354,0.17518248175182483,0.3047619047619048,0.18374558303886926,0.26490066225165565,0.1004566210045662,0.22758620689655173,0.1070110701107011,0.3443708609271523,0.20209059233449478,0.18374558303886926,0.2214765100671141,0.23693379790940766,0.2616822429906542,0.1884498480243161,0.2222222222222222,0.20209059233449478,0.16279069767441862,0.19377162629757785,0.1504424778761062,0.18867924528301888,0.18972332015810275,0.2222222222222222,0.09836065573770492,0.28651685393258425,0.2222222222222222,0.18699186991869918,0.25418060200668896,0.17228464419475656,0.22304832713754646,0.16727272727272727,0.2847457627118644,0.3037974683544304,0.2446043165467626,0.16101694915254236,0.2517985611510791,0.2517482517482518,0.3087248322147651,0.32727272727272727,0.17857142857142858,0.20189274447949526,0.20392156862745098,0.2867132867132867,0.2080536912751678,0.2902208201892745,0.2426470588235294,0.2857142857142857,0.375,0.2564102564102564,0.2185430463576159,0.21352313167259787,0.3724137931034483,0.19636363636363635,0.2140468227424749,0.2280130293159609,0.2556818181818182,0.3006993006993007,0.26426426426426425,0.25547445255474455,0.18181818181818182,0.25161290322580643,0.12363636363636364,0.1941747572815534,0.22608695652173913,0.17358490566037735,0.20863309352517986,0.25806451612903225,0.25161290322580643,0.26174496644295303,0.1647940074906367,0.2786377708978328,0.2,0.24242424242424243,0.33436532507739936,0.2732919254658385,0.28368794326241137,0.1890909090909091,0.2536231884057971,0.2971014492753623,0.26865671641791045,0.22895622895622897,0.19310344827586207,0.24915824915824916,0.26885245901639343,0.25165562913907286,0.18556701030927836,0.2535211267605634,0.30718954248366015,0.2588996763754045,0.24918032786885247,0.2576271186440678,1.0,0.16877637130801687,0.2830188679245283,0.3582089552238806,0.29394812680115273,0.19011406844106463,0.18,0.35962145110410093,0.15172413793103448,0.2893081761006289,0.1296928327645051,0.21587301587301588,0.2865671641791045,0.22818791946308725,0.1684981684981685,0.23102310231023102,0.18430034129692832,0.2518518518518518,0.24358974358974358,0.25396825396825395,0.3353658536585366,0.28994082840236685,0.18892508143322476,0.1750841750841751,0.27699530516431925,0.23448275862068965,0.35962145110410093,0.3317307692307692,0.13533834586466165,0.25396825396825395,0.3105590062111801,0.3669724770642202,0.31097560975609756,0.24025974025974026,0.30726256983240224,0.2508710801393728,0.2236024844720497,0.18571428571428572,0.23448275862068965,0.20512820512820512,0.24,0.2463768115942029,0.22393822393822393,0.199288256227758,0.1797752808988764,0.19875776397515527,0.31746031746031744,0.41935483870967744,0.19243986254295534,0.3157894736842105,0.21678321678321677,0.2558922558922559,0.26174496644295303,0.2768166089965398,0.2082018927444795,0.264026402640264,0.30337078651685395,0.2277580071174377,0.3058823529411765,0.3170731707317073,0.24822695035460993,0.12444444444444444,0.18587360594795538,0.2037037037037037,0.24074074074074073,0.21212121212121213,0.28846153846153844,0.2509505703422053,0.13114754098360656
11960529,0.11711711711711711,0.1511627906976744,0.0915032679738562,0.16494845360824742,0.10975609756097561,0.16393442622950818,0.1984732824427481,0.1643835616438356,0.17040358744394618,0.13793103448275862,0.20168067226890757,0.1625,0.140625,0.16,0.182648401826484,0.1254125412541254,0.09795918367346938,0.2054794520547945,0.15384615384615385,0.136986301369863,0.1566265060240964,0.23030303030303031,0.1711229946524064,0.1407035175879397,0.1619047619047619,0.17258883248730963,0.13380281690140844,0.1565217391304348,0.1485148514851485,0.16279069767441862,0.1566265060240964,0.14655172413793102,0.13612565445026178,0.11715481171548117,0.14507772020725387,0.24113475177304963,0.13953488372093023,0.1511627906976744,0.17333333333333334,0.08333333333333333,0.11834319526627218,0.16585365853658537,0.11518324607329843,0.11695906432748537,0.07407407407407407,0.16666666666666666,0.15028901734104047,0.1415929203539823,0.1891891891891892,0.18055555555555555,0.22818791946308725,0.13559322033898305,0.17297297297297298,0.1951219512195122,0.14965986394557823,0.17391304347826086,0.30656934306569344,0.16129032258064516,0.08722741433021806,0.1702127659574468,0.15384615384615385,0.20809248554913296,0.17142857142857143,0.1111111111111111,0.17391304347826086,0.20689655172413793,0.13333333333333333,0.1256544502617801,0.07223476297968397,0.18719211822660098,0.1702127659574468,0.17391304347826086,0.1407035175879397,0.20212765957446807,0.15315315315315314,0.1391304347826087,0.1503267973856209,0.1702127659574468,0.18867924528301888,0.15789473684210525,0.0906515580736544,0.18072289156626506,0.16883116883116883,0.16993464052287582,0.16551724137931034,0.14785992217898833,0.20915032679738563,0.17687074829931973,0.18,0.15476190476190477,0.2,0.125,0.14285714285714285,0.12903225806451613,0.18994413407821228,0.24817518248175183,0.18994413407821228,0.1497326203208556,0.1407035175879397,0.15584415584415584,0.19889502762430938,0.12844036697247707,0.1794871794871795,0.18181818181818182,0.1407035175879397,0.1926605504587156,0.18497109826589594,0.14354066985645933,0.17194570135746606,0.18779342723004694,0.16748768472906403,0.13186813186813187,0.14659685863874344,0.18181818181818182,0.17,0.16346153846153846,0.16600790513833993,0.23529411764705882,0.11965811965811966,0.24,0.17045454545454544,0.18009478672985782,0.17045454545454544,0.12380952380952381,0.17886178861788618,0.26506024096385544,0.1452513966480447,0.15165876777251186,0.17061611374407584,0.1507537688442211,0.25,0.16964285714285715,0.18848167539267016,0.18181818181818182,0.16964285714285715,0.13452914798206278,0.2185792349726776,0.14772727272727273,0.15819209039548024,0.14689265536723164,0.1893491124260355,0.16161616161616163,0.17801047120418848,0.13131313131313133,0.17475728155339806,0.17733990147783252,0.15625,0.22702702702702704,0.15458937198067632,0.1619047619047619,0.1553398058252427,0.21428571428571427,0.16877637130801687,1.0,0.1187214611872146,0.1440677966101695,0.1693548387096774,0.18292682926829268,0.15920398009950248,0.1743119266055046,0.16753926701570682,0.1552511415525114,0.1134020618556701,0.19444444444444445,0.15254237288135594,0.19095477386934673,0.1839080459770115,0.1568627450980392,0.24742268041237114,0.1871345029239766,0.22535211267605634,0.14814814814814814,0.1572052401746725,0.1506276150627615,0.19230769230769232,0.1414141414141414,0.12232415902140673,0.2094240837696335,0.1651376146788991,0.13249211356466878,0.16766467065868262,0.1111111111111111,0.16143497757847533,0.12280701754385964,0.17467248908296942,0.14354066985645933,0.14671814671814673,0.22340425531914893,0.13452914798206278,0.16574585635359115,0.23036649214659685,0.13793103448275862,0.15920398009950248,0.14689265536723164,0.1875,0.15384615384615385,0.16666666666666666,0.11659192825112108,0.1574074074074074,0.16113744075829384,0.15625,0.16071428571428573,0.1497326203208556,0.21212121212121213,0.16080402010050251,0.14736842105263157,0.1743119266055046,0.19607843137254902,0.14007782101167315,0.1978021978021978,0.14937759336099585,0.1572052401746725,0.18579234972677597,0.19047619047619047,0.15294117647058825,0.13333333333333333,0.1688888888888889,0.15584415584415584,0.13145539906103287,0.17073170731707318,0.20689655172413793
11977753,0.1848184818481848,0.20553359683794467,0.07692307692307693,0.06741573033707865,0.19591836734693877,0.23484848484848486,0.1792452830188679,0.14096916299559473,0.27631578947368424,0.11504424778761062,0.14,0.0912863070539419,0.0861244019138756,0.11650485436893204,0.14,0.18229166666666666,0.12269938650306748,0.12334801762114538,0.08530805687203792,0.06167400881057269,0.242914979757085,0.17886178861788618,0.208955223880597,0.18571428571428572,0.24054982817869416,0.15827338129496402,0.16986301369863013,0.2958199356913183,0.3674911660777385,0.18972332015810275,0.27530364372469635,0.28115015974440893,0.20588235294117646,0.30625,0.22627737226277372,0.13513513513513514,0.18181818181818182,0.18181818181818182,0.05194805194805195,0.04984423676012461,0.216,0.07692307692307693,0.11764705882352941,0.2857142857142857,0.031746031746031744,0.14345991561181434,0.2125984251968504,0.28664495114006516,0.2096069868995633,0.1511111111111111,0.2,0.2558139534883721,0.18796992481203006,0.18181818181818182,0.17543859649122806,0.15849056603773584,0.11926605504587157,0.2247191011235955,0.04975124378109453,0.2072072072072072,0.17894736842105263,0.25196850393700787,0.1875,0.21548821548821548,0.1509433962264151,0.20422535211267606,0.14925373134328357,0.23529411764705882,0.07633587786259542,0.19014084507042253,0.22304832713754646,0.19622641509433963,0.22857142857142856,0.2527881040892193,0.27722772277227725,0.1157556270096463,0.165374677002584,0.16356877323420074,0.15,0.16236162361623616,0.0967741935483871,0.145748987854251,0.18723404255319148,0.21367521367521367,0.07079646017699115,0.2781065088757396,0.20512820512820512,0.20175438596491227,0.24199288256227758,0.14457831325301204,0.23904382470119523,0.14007782101167315,0.2888086642599278,0.2684563758389262,0.2076923076923077,0.1651376146788991,0.2230769230769231,0.2537313432835821,0.22857142857142856,0.26282051282051283,0.1984732824427481,0.1939799331103679,0.2616033755274262,0.291044776119403,0.2357142857142857,0.24749163879598662,0.29133858267716534,0.35172413793103446,0.2582781456953642,0.17687074829931973,0.19014084507042253,0.2585551330798479,0.25735294117647056,0.1867704280155642,0.3274021352313167,0.18685121107266436,0.31137724550898205,0.2462686567164179,0.17142857142857143,0.2109375,0.2490272373540856,0.19863013698630136,0.1245136186770428,0.19243986254295534,0.17737003058103976,0.13765182186234817,0.23076923076923078,0.2191780821917808,0.2328767123287671,0.2571428571428571,0.12048192771084337,0.17049180327868851,0.23529411764705882,0.22764227642276422,0.24262295081967214,0.2894736842105263,0.25757575757575757,0.2490272373540856,0.2558139534883721,0.2248062015503876,0.184,0.2867383512544803,0.20588235294117646,0.26523297491039427,0.23693379790940766,0.3028169014084507,0.18315018315018314,0.21804511278195488,0.3680555555555556,0.26804123711340205,0.21602787456445993,0.17328519855595667,0.2830188679245283,0.1187214611872146,1.0,0.23974763406940064,0.23708206686930092,0.20408163265306123,0.18439716312056736,0.2408026755852843,0.15441176470588236,0.29333333333333333,0.11636363636363636,0.1750841750841751,0.1892744479495268,0.20714285714285716,0.17254901960784313,0.19649122807017544,0.16,0.24603174603174602,0.19047619047619047,0.2356902356902357,0.24516129032258063,0.25,0.11072664359861592,0.17204301075268819,0.23529411764705882,0.29411764705882354,0.25418060200668896,0.23618090452261306,0.1693548387096774,0.37037037037037035,0.2565789473684211,0.22653721682847897,0.2645161290322581,0.19310344827586207,0.21764705882352942,0.21561338289962825,0.21052631578947367,0.13740458015267176,0.15441176470588236,0.26666666666666666,0.2553191489361702,0.23255813953488372,0.1825726141078838,0.22813688212927757,0.08835341365461848,0.125,0.26936026936026936,0.273972602739726,0.20512820512820512,0.28852459016393445,0.22388059701492538,0.30824372759856633,0.2642857142857143,0.23616236162361623,0.20066889632107024,0.1543859649122807,0.5798816568047337,0.19771863117870722,0.22981366459627328,0.23225806451612904,0.24242424242424243,0.13526570048309178,0.22310756972111553,0.20261437908496732,0.26143790849673204,0.15384615384615385,0.3197278911564626,0.22857142857142856,0.1504424778761062
16038120,0.2,0.17777777777777778,0.07171314741035857,0.06153846153846154,0.20610687022900764,0.2206405693950178,0.17467248908296942,0.13934426229508196,0.3302180685358255,0.13168724279835392,0.11981566820276497,0.11627906976744186,0.08849557522123894,0.10762331838565023,0.17034700315457413,0.1745635910224439,0.15160349854227406,0.22950819672131148,0.08771929824561403,0.08196721311475409,0.1590909090909091,0.18250950570342206,0.16842105263157894,0.26262626262626265,0.2012987012987013,0.17627118644067796,0.17801047120418848,0.2865853658536585,0.21333333333333335,0.24444444444444444,0.25,0.2727272727272727,0.20069204152249134,0.23738872403560832,0.21305841924398625,0.16736401673640167,0.17777777777777778,0.21481481481481482,0.08064516129032258,0.07100591715976332,0.1797752808988764,0.132013201320132,0.16608996539792387,0.17843866171003717,0.06796116504854369,0.1889763779527559,0.22878228782287824,0.24074074074074073,0.2032520325203252,0.1487603305785124,0.16194331983805668,0.17454545454545456,0.21201413427561838,0.27722772277227725,0.24489795918367346,0.2624113475177305,0.16170212765957448,0.23943661971830985,0.11455847255369929,0.1589958158995816,0.24181360201511334,0.1992619926199262,0.15384615384615385,0.29936305732484075,0.14893617021276595,0.31893687707641194,0.11926605504587157,0.20761245674740483,0.10720887245841035,0.32558139534883723,0.20279720279720279,0.16312056737588654,0.2222222222222222,0.2097902097902098,0.2625,0.1524390243902439,0.24752475247524752,0.22377622377622378,0.21011673151750973,0.2222222222222222,0.15964523281596452,0.24242424242424243,0.21428571428571427,0.22310756972111553,0.10699588477366255,0.38309859154929576,0.199203187250996,0.18775510204081633,0.22818791946308725,0.18796992481203006,0.208955223880597,0.1678832116788321,0.20408163265306123,0.22857142857142856,0.23826714801444043,0.15319148936170213,0.2743682310469314,0.2807017543859649,0.26262626262626265,0.2796352583586626,0.17921146953405018,0.189873417721519,0.2204724409448819,0.23157894736842105,0.22895622895622897,0.24050632911392406,0.22140221402214022,0.20195439739413681,0.3072100313479624,0.27009646302250806,0.22591362126245848,0.21428571428571427,0.2837370242214533,0.22627737226277372,0.2080536912751678,0.24836601307189543,0.25071225071225073,0.2596491228070175,0.3072289156626506,0.19047619047619047,0.21897810218978103,0.23948220064724918,0.16058394160583941,0.16883116883116883,0.2558139534883721,0.1893939393939394,0.23104693140794225,0.26537216828478966,0.18770226537216828,0.22895622895622897,0.21804511278195488,0.391304347826087,0.20069204152249134,0.23574144486692014,0.2670807453416149,0.2554517133956386,0.199288256227758,0.19708029197080293,0.1890909090909091,0.24,0.1947565543071161,0.23648648648648649,0.2629757785467128,0.28378378378378377,0.27631578947368424,0.22591362126245848,0.2482758620689655,0.21201413427561838,0.2360655737704918,0.2727272727272727,0.26973684210526316,0.2585034013605442,0.3582089552238806,0.1440677966101695,0.23974763406940064,1.0,0.2254335260115607,0.17557251908396945,0.25418060200668896,0.3291139240506329,0.17301038062283736,0.23974763406940064,0.1643835616438356,0.28662420382165604,0.2934131736526946,0.2760942760942761,0.22058823529411764,0.2119205298013245,0.2191780821917808,0.26022304832713755,0.26366559485530544,0.25477707006369427,0.2874617737003058,0.2314540059347181,0.1437908496732026,0.1554054054054054,0.28705882352941176,0.2491349480968858,0.22784810126582278,0.40963855421686746,0.17358490566037735,0.2356687898089172,0.5856697819314641,0.294478527607362,0.3119266055045872,0.26058631921824105,0.23529411764705882,0.2937062937062937,0.26791277258566976,0.24372759856630824,0.23529411764705882,0.19852941176470587,0.24749163879598662,0.23272727272727273,0.20155038759689922,0.2,0.22556390977443608,0.2616822429906542,0.4585987261146497,0.5436893203883495,0.20689655172413793,0.19875776397515527,0.19649122807017544,0.22297297297297297,0.21548821548821548,0.2361111111111111,0.3037974683544304,0.24503311258278146,0.2591549295774648,0.22142857142857142,0.24778761061946902,0.23853211009174313,0.24199288256227758,0.11607142857142858,0.19402985074626866,0.19195046439628483,0.19195046439628483,0.3221884498480243,0.26366559485530544,0.31297709923664124,0.13991769547325103
16095342,0.21084337349397592,0.19858156028368795,0.09125475285171103,0.04830917874396135,0.18248175182481752,0.27986348122866894,0.1908713692946058,0.125,0.3663663663663664,0.14901960784313725,0.13100436681222707,0.1259259259259259,0.1092436974789916,0.11063829787234042,0.1762917933130699,0.1791767554479419,0.1352112676056338,0.1640625,0.10833333333333334,0.109375,0.18115942028985507,0.19636363636363635,0.20875420875420875,0.34951456310679613,0.2,0.254071661237785,0.16243654822335024,0.38823529411764707,0.24358974358974358,0.18439716312056736,0.2028985507246377,0.23976608187134502,0.23255813953488372,0.2521489971346705,0.2838283828382838,0.1593625498007968,0.1702127659574468,0.1773049645390071,0.06923076923076923,0.08571428571428572,0.15053763440860216,0.10158730158730159,0.11960132890365449,0.17793594306049823,0.07339449541284404,0.15789473684210525,0.24028268551236748,0.27976190476190477,0.21705426356589147,0.13385826771653545,0.15444015444015444,0.2787456445993031,0.2033898305084746,0.27936507936507937,0.16342412451361868,0.19727891156462585,0.145748987854251,0.28378378378378377,0.09280742459396751,0.15139442231075698,0.19070904645476772,0.2826855123674912,0.19649122807017544,0.25153374233128833,0.17006802721088435,0.2108626198083067,0.09565217391304348,0.21926910299003322,0.12658227848101267,0.24281150159744408,0.18791946308724833,0.19047619047619047,0.22653721682847897,0.2214765100671141,0.25301204819277107,0.1411764705882353,0.18269230769230768,0.2080536912751678,0.16356877323420074,0.21333333333333335,0.12958963282937366,0.18840579710144928,0.1893939393939394,0.23574144486692014,0.09411764705882353,0.2779291553133515,0.2661596958174905,0.20233463035019456,0.23225806451612904,0.17985611510791366,0.20714285714285716,0.14685314685314685,0.26143790849673204,0.28134556574923547,0.2906574394463668,0.1700404858299595,0.2906574394463668,0.24242424242424243,0.26537216828478966,0.4281524926686217,0.18556701030927836,0.29878048780487804,0.19548872180451127,0.2962962962962963,0.22653721682847897,0.4146341463414634,0.22614840989399293,0.23824451410658307,0.3564954682779456,0.2786377708978328,0.30670926517571884,0.2191780821917808,0.23920265780730898,0.21678321678321677,0.23870967741935484,0.23270440251572327,0.2644628099173554,0.24915824915824916,0.3081395348837209,0.23157894736842105,0.18181818181818182,0.27414330218068533,0.14685314685314685,0.18125,0.21348314606741572,0.1956521739130435,0.22145328719723184,0.2367601246105919,0.27414330218068533,0.2977346278317152,0.17985611510791366,0.2275449101796407,0.21262458471760798,0.17454545454545456,0.24550898203592814,0.22822822822822822,0.26621160409556316,0.22377622377622378,0.1951219512195122,0.2787456445993031,0.23655913978494625,0.24675324675324675,0.2059800664451827,0.21428571428571427,0.25949367088607594,0.26198083067092653,0.24503311258278146,0.2576271186440678,0.2902208201892745,0.24375,0.2088607594936709,0.27450980392156865,0.29394812680115273,0.1693548387096774,0.23708206686930092,0.2254335260115607,1.0,0.23357664233576642,0.1864951768488746,0.38414634146341464,0.3122923588039867,0.3161094224924012,0.125,0.26993865030674846,0.27167630057803466,0.21359223300970873,0.19014084507042253,0.24203821656050956,0.16447368421052633,0.26334519572953735,0.25386996904024767,0.24539877300613497,0.3185840707964602,0.44126074498567336,0.1761006289308176,0.18831168831168832,0.2929061784897025,0.23255813953488372,0.27439024390243905,0.2576112412177986,0.1588447653429603,0.2392638036809816,0.24024024024024024,0.2958579881656805,0.26548672566371684,0.2507836990595611,0.37398373983739835,0.28187919463087246,0.25225225225225223,0.16494845360824742,0.21926910299003322,0.20422535211267606,0.2315112540192926,0.2229965156794425,0.22962962962962963,0.19863013698630136,0.1366906474820144,0.2042042042042042,0.26380368098159507,0.24922118380062305,0.2185430463576159,0.2754491017964072,0.18181818181818182,0.24675324675324675,0.26537216828478966,0.24666666666666667,0.23780487804878048,0.21656050955414013,0.2615803814713896,0.2328767123287671,0.3247863247863248,0.3421828908554572,0.27986348122866894,0.1271186440677966,0.21428571428571427,0.20298507462686566,0.24477611940298508,0.19941348973607037,0.23529411764705882,0.1897810218978102,0.14901960784313725
16663089,0.20161290322580644,0.20202020202020202,0.1564245810055866,0.08130081300813008,0.21052631578947367,0.21052631578947367,0.34394904458598724,0.20930232558139536,0.21686746987951808,0.19883040935672514,0.19310344827586207,0.16129032258064516,0.16883116883116883,0.15894039735099338,0.17142857142857143,0.1276595744680851,0.1033210332103321,0.13953488372093023,0.16666666666666666,0.1511627906976744,0.1875,0.2198952879581152,0.18779342723004694,0.24888888888888888,0.2033898305084746,0.26905829596412556,0.12903225806451613,0.2421875,0.20175438596491227,0.23232323232323232,0.20833333333333334,0.17054263565891473,0.2304147465437788,0.2339622641509434,0.2100456621004566,0.17964071856287425,0.16161616161616163,0.1919191919191919,0.09090909090909091,0.10526315789473684,0.15384615384615385,0.09523809523809523,0.14746543778801843,0.17258883248730963,0.07462686567164178,0.15384615384615385,0.2914572864321608,0.21428571428571427,0.22988505747126436,0.15294117647058825,0.21714285714285714,0.17733990147783252,0.21800947867298578,0.2597402597402597,0.21965317919075145,0.19047619047619047,0.18404907975460122,0.16981132075471697,0.069164265129683,0.2155688622754491,0.13538461538461538,0.2613065326633166,0.208955223880597,0.18181818181818182,0.2,0.2096069868995633,0.1232876712328767,0.18433179723502305,0.11940298507462686,0.2096069868995633,0.17757009345794392,0.22857142857142856,0.20444444444444446,0.21495327102803738,0.29838709677419356,0.15625,0.13253012048192772,0.16822429906542055,0.2702702702702703,0.18518518518518517,0.12137203166226913,0.21875,0.17777777777777778,0.18994413407821228,0.08187134502923976,0.2756183745583039,0.2346368715083799,0.2774566473988439,0.20353982300884957,0.23711340206185566,0.22448979591836735,0.1485148514851485,0.1981981981981982,0.23868312757201646,0.2048780487804878,0.25766871165644173,0.1951219512195122,0.24413145539906103,0.21333333333333335,0.2490272373540856,0.2318840579710145,0.19672131147540983,0.21978021978021978,0.2535211267605634,0.2222222222222222,0.22131147540983606,0.24120603015075376,0.2127659574468085,0.21052631578947367,0.20920502092050208,0.23580786026200873,0.19230769230769232,0.22119815668202766,0.26732673267326734,0.22123893805309736,0.2222222222222222,0.17921146953405018,0.2535211267605634,0.2076923076923077,0.208955223880597,0.2079207920792079,0.18565400843881857,0.1485148514851485,0.211864406779661,0.18382352941176472,0.17708333333333334,0.25365853658536586,0.2109704641350211,0.20253164556962025,0.16,0.16494845360824742,0.176,0.20276497695852536,0.17801047120418848,0.184,0.17670682730923695,0.2966507177033493,0.21782178217821782,0.17733990147783252,0.24630541871921183,0.22564102564102564,0.24107142857142858,0.22119815668202766,0.17857142857142858,0.25,0.23580786026200873,0.13761467889908258,0.21800947867298578,0.20600858369098712,0.19491525423728814,0.1896551724137931,0.1981981981981982,0.19011406844106463,0.18292682926829268,0.20408163265306123,0.17557251908396945,0.23357664233576642,1.0,0.2290748898678414,0.21311475409836064,0.18433179723502305,0.21224489795918366,0.15454545454545454,0.1652892561983471,0.19083969465648856,0.19555555555555557,0.23,0.2608695652173913,0.19090909090909092,0.233502538071066,0.19246861924686193,0.19008264462809918,0.20392156862745098,0.2188679245283019,0.17094017094017094,0.24107142857142858,0.16997167138810199,0.22119815668202766,0.18032786885245902,0.15743440233236153,0.19689119170984457,0.19834710743801653,0.1686746987951807,0.1732283464566929,0.2196078431372549,0.2127659574468085,0.19649122807017544,0.22429906542056074,0.17670682730923695,0.18357487922705315,0.22119815668202766,0.21,0.2026431718061674,0.22660098522167488,0.25806451612903225,0.22115384615384615,0.10309278350515463,0.13654618473895583,0.19834710743801653,0.18565400843881857,0.25688073394495414,0.232,0.27230046948356806,0.22321428571428573,0.18666666666666668,0.2777777777777778,0.1557377049180328,0.20869565217391303,0.1978798586572438,0.20192307692307693,0.1947565543071161,0.20392156862745098,0.22009569377990432,0.17105263157894737,0.23469387755102042,0.3346613545816733,0.1752988047808765,0.13229571984435798,0.22594142259414227,0.18947368421052632,0.24561403508771928
16720766,0.12631578947368421,0.19574468085106383,0.09259259259259259,0.075,0.19383259911894274,0.21138211382113822,0.16494845360824742,0.1339712918660287,0.1888111888111888,0.16346153846153846,0.13186813186813187,0.14349775784753363,0.19895287958115182,0.14893617021276595,0.18439716312056736,0.18032786885245902,0.13636363636363635,0.14354066985645933,0.18652849740932642,0.18181818181818182,0.18340611353711792,0.15789473684210525,0.16,0.22900763358778625,0.1978021978021978,0.16923076923076924,0.19020172910662825,0.20477815699658702,0.15849056603773584,0.22127659574468084,0.20087336244541484,0.2305084745762712,0.2125984251968504,0.2185430463576159,0.1640625,0.20588235294117646,0.1702127659574468,0.19574468085106383,0.07511737089201878,0.0858085808580858,0.20689655172413793,0.14925373134328357,0.13385826771653545,0.1794871794871795,0.05847953216374269,0.136986301369863,0.19491525423728814,0.15916955017301038,0.18009478672985782,0.18357487922705315,0.16981132075471697,0.16666666666666666,0.1935483870967742,0.1865671641791045,0.19047619047619047,0.17813765182186234,0.19,0.20080321285140562,0.109375,0.17647058823529413,0.18232044198895028,0.22033898305084745,0.14285714285714285,0.15053763440860216,0.11336032388663968,0.21052631578947367,0.14207650273224043,0.1968503937007874,0.09090909090909091,0.18796992481203006,0.1752988047808765,0.19433198380566802,0.15267175572519084,0.199203187250996,0.21052631578947367,0.17064846416382254,0.1842818428184282,0.20717131474103587,0.17117117117117117,0.22134387351778656,0.13942307692307693,0.19213973799126638,0.22119815668202766,0.19444444444444445,0.1346153846153846,0.25625,0.19444444444444445,0.19047619047619047,0.19011406844106463,0.15584415584415584,0.15450643776824036,0.18410041841004185,0.20077220077220076,0.2,0.2231404958677686,0.17,0.2231404958677686,0.224,0.16793893129770993,0.25170068027210885,0.18032786885245902,0.18505338078291814,0.2191780821917808,0.2,0.16030534351145037,0.21352313167259787,0.1694915254237288,0.19117647058823528,0.18309859154929578,0.21739130434782608,0.18045112781954886,0.19591836734693877,0.2204724409448819,0.16736401673640167,0.19011406844106463,0.22878228782287824,0.20253164556962025,0.216,0.20202020202020202,0.16806722689075632,0.19246861924686193,0.18248175182481752,0.17573221757322174,0.1684981684981685,0.18122977346278318,0.20087336244541484,0.21487603305785125,0.24087591240875914,0.1678832116788321,0.1984732824427481,0.19047619047619047,0.20209059233449478,0.16535433070866143,0.17543859649122806,0.17421602787456447,0.1888111888111888,0.16260162601626016,0.20920502092050208,0.19166666666666668,0.175,0.14655172413793102,0.23754789272030652,0.2047244094488189,0.21455938697318008,0.17100371747211895,0.21804511278195488,0.17254901960784313,0.1935483870967742,0.17037037037037037,0.18315018315018314,0.22304832713754646,0.2084942084942085,0.18,0.15920398009950248,0.18439716312056736,0.25418060200668896,0.1864951768488746,0.2290748898678414,1.0,0.23487544483985764,0.16535433070866143,0.1773049645390071,0.13229571984435798,0.1935483870967742,0.1806020066889632,0.2366412213740458,0.18565400843881857,0.21722846441947566,0.20233463035019456,0.2222222222222222,0.21739130434782608,0.25089605734767023,0.18493150684931506,0.17218543046357615,0.14022140221402213,0.14559386973180077,0.1641025641025641,0.2440944881889764,0.1708185053380783,0.2,0.21739130434782608,0.1935483870967742,0.25874125874125875,0.1718213058419244,0.2328767123287671,0.19117647058823528,0.17391304347826086,0.23107569721115537,0.1958041958041958,0.18032786885245902,0.2125984251968504,0.1940928270042194,0.20454545454545456,0.21666666666666667,0.17040358744394618,0.18775510204081633,0.13852813852813853,0.16083916083916083,0.25089605734767023,0.21897810218978103,0.19607843137254902,0.1672473867595819,0.152,0.22988505747126436,0.17557251908396945,0.18181818181818182,0.16370106761565836,0.21722846441947566,0.2,0.17959183673469387,0.17763157894736842,0.18493150684931506,0.24390243902439024,0.1164021164021164,0.22317596566523606,0.2361111111111111,0.18055555555555555,0.20408163265306123,0.2318840579710145,0.2555066079295154,0.16346153846153846
16722836,0.25165562913907286,0.25396825396825395,0.0944206008583691,0.06779661016949153,0.19672131147540983,0.22813688212927757,0.18009478672985782,0.1504424778761062,0.33003300330033003,0.1511111111111111,0.11055276381909548,0.125,0.09615384615384616,0.1073170731707317,0.15384615384615385,0.17754569190600522,0.12307692307692308,0.1592920353982301,0.09523809523809523,0.08849557522123894,0.17886178861788618,0.21224489795918366,0.18726591760299627,0.3010752688172043,0.1793103448275862,0.19494584837545126,0.19230769230769232,0.3548387096774194,0.22695035460992907,0.23015873015873015,0.2032520325203252,0.23076923076923078,0.2730627306273063,0.2884012539184953,0.29304029304029305,0.17194570135746606,0.18253968253968253,0.1984126984126984,0.10434782608695652,0.0875,0.2248995983935743,0.13333333333333333,0.15498154981549817,0.18326693227091634,0.07446808510638298,0.1694915254237288,0.30039525691699603,0.26143790849673204,0.2807017543859649,0.15178571428571427,0.18340611353711792,0.26459143968871596,0.2188679245283019,0.29473684210526313,0.23788546255506607,0.20454545454545456,0.14746543778801843,0.23308270676691728,0.08977556109725686,0.17194570135746606,0.18469656992084432,0.31620553359683795,0.17254901960784313,0.24324324324324326,0.17424242424242425,0.26148409893992935,0.1,0.25092250922509224,0.10707456978967496,0.26855123674911663,0.20149253731343283,0.1893939393939394,0.23655913978494625,0.21641791044776118,0.2582781456953642,0.15483870967741936,0.18134715025906736,0.21641791044776118,0.22594142259414227,0.21481481481481482,0.15704387990762125,0.2032520325203252,0.28205128205128205,0.24034334763948498,0.10666666666666667,0.2314540059347181,0.20600858369098712,0.2290748898678414,0.20714285714285716,0.1935483870967742,0.264,0.1640625,0.26811594202898553,0.30976430976430974,0.23938223938223938,0.16589861751152074,0.2625482625482625,0.29213483146067415,0.22939068100358423,0.34726688102893893,0.19157088122605365,0.2348993288590604,0.2033898305084746,0.2546816479400749,0.23655913978494625,0.2684563758389262,0.2766798418972332,0.22837370242214533,0.3122923588039867,0.3822525597269625,0.2332155477031802,0.22137404580152673,0.33210332103321033,0.2109375,0.22857142857142856,0.24305555555555555,0.22822822822822822,0.24719101123595505,0.27388535031847133,0.2196078431372549,0.1796875,0.23367697594501718,0.1484375,0.16551724137931034,0.2822085889570552,0.1951219512195122,0.2471042471042471,0.2268041237113402,0.281786941580756,0.23655913978494625,0.18548387096774194,0.27631578947368424,0.2066420664206642,0.20408163265306123,0.24342105263157895,0.2838283828382838,0.2585551330798479,0.1875,0.25680933852140075,0.2801556420233463,0.21686746987951808,0.2302158273381295,0.1992619926199262,0.23741007194244604,0.2867132867132867,0.22614840989399293,0.16911764705882354,0.2641509433962264,0.32752613240418116,0.2413793103448276,0.32867132867132864,0.38405797101449274,0.35962145110410093,0.1743119266055046,0.2408026755852843,0.3291139240506329,0.38414634146341464,0.21311475409836064,0.23487544483985764,1.0,0.2140221402214022,0.27424749163879597,0.15328467153284672,0.24324324324324326,0.25949367088607594,0.2222222222222222,0.2125984251968504,0.2676056338028169,0.18248175182481752,0.2788844621513944,0.26621160409556316,0.2905405405405405,0.2912621359223301,0.3824451410658307,0.2013888888888889,0.23741007194244604,0.24078624078624078,0.23616236162361623,0.2751677852348993,0.2619647355163728,0.17813765182186234,0.24324324324324326,0.297029702970297,0.2857142857142857,0.2588996763754045,0.22145328719723184,0.2890855457227139,0.2462686567164179,0.25742574257425743,0.21455938697318008,0.1992619926199262,0.2204724409448819,0.2846975088967972,0.19455252918287938,0.225,0.19083969465648856,0.16129032258064516,0.264026402640264,0.30405405405405406,0.3024054982817869,0.2426470588235294,0.2631578947368421,0.2247191011235955,0.23741007194244604,0.25089605734767023,0.25925925925925924,0.18120805369127516,0.3028169014084507,0.23738872403560832,0.2366412213740458,0.2866043613707165,0.2912621359223301,0.23574144486692014,0.11650485436893204,0.208,0.2360655737704918,0.22295081967213115,0.2315112540192926,0.3003412969283277,0.27049180327868855,0.1511111111111111
16725726,0.17454545454545456,0.11555555555555555,0.10679611650485436,0.06666666666666667,0.14746543778801843,0.11016949152542373,0.17391304347826086,0.12060301507537688,0.15942028985507245,0.050505050505050504,0.12790697674418605,0.1596244131455399,0.13259668508287292,0.056179775280898875,0.14705882352941177,0.09550561797752809,0.12751677852348994,0.1507537688442211,0.13114754098360656,0.1407035175879397,0.0730593607305936,0.11926605504587157,0.175,0.18253968253968253,0.13688212927756654,0.184,0.11275964391691394,0.18374558303886926,0.11764705882352941,0.17777777777777778,0.1004566210045662,0.14035087719298245,0.1557377049180328,0.1232876712328767,0.10569105691056911,0.16494845360824742,0.05333333333333334,0.10666666666666667,0.09852216748768473,0.09556313993174062,0.07207207207207207,0.14728682170542637,0.06557377049180328,0.08035714285714286,0.049689440993788817,0.1339712918660287,0.13274336283185842,0.13620071684587814,0.09950248756218906,0.08121827411167512,0.13861386138613863,0.11304347826086956,0.09243697478991597,0.18604651162790697,0.08,0.14345991561181434,0.14736842105263157,0.11715481171548117,0.0962566844919786,0.1134020618556701,0.13636363636363635,0.11504424778761062,0.14912280701754385,0.18587360594795538,0.12658227848101267,0.2109375,0.046242774566473986,0.09836065573770492,0.10887096774193548,0.171875,0.07468879668049792,0.08438818565400844,0.16666666666666666,0.1078838174273859,0.13818181818181818,0.13427561837455831,0.13370473537604458,0.0995850622406639,0.1320754716981132,0.12345679012345678,0.1330049261083744,0.1461187214611872,0.04830917874396135,0.06796116504854369,0.13131313131313133,0.18064516129032257,0.10679611650485436,0.18,0.15019762845849802,0.1085972850678733,0.18834080717488788,0.13100436681222707,0.10441767068273092,0.14814814814814814,0.1810344827586207,0.07368421052631578,0.14655172413793102,0.16666666666666666,0.14285714285714285,0.1619718309859155,0.1282051282051282,0.16236162361623616,0.1339712918660287,0.14166666666666666,0.16666666666666666,0.17712177121771217,0.19469026548672566,0.09923664122137404,0.145985401459854,0.15037593984962405,0.171875,0.14468085106382977,0.14754098360655737,0.14847161572052403,0.1422924901185771,0.1685823754789272,0.1503267973856209,0.15833333333333333,0.17421602787456447,0.10526315789473684,0.08733624454148471,0.14393939393939395,0.22707423580786026,0.11406844106463879,0.14046822742474915,0.2009132420091324,0.16379310344827586,0.14393939393939395,0.14393939393939395,0.1111111111111111,0.15384615384615385,0.20216606498194944,0.12295081967213115,0.13761467889908258,0.15162454873646208,0.11594202898550725,0.11864406779661017,0.14847161572052403,0.09565217391304348,0.2,0.1981981981981982,0.15139442231075698,0.22950819672131148,0.15139442231075698,0.138996138996139,0.1875,0.1469387755102041,0.12605042016806722,0.13846153846153847,0.12927756653992395,0.15444015444015444,0.17670682730923695,0.15172413793103448,0.16753926701570682,0.15441176470588236,0.17301038062283736,0.3122923588039867,0.18433179723502305,0.16535433070866143,0.2140221402214022,1.0,0.1323529411764706,0.0728744939271255,0.16356877323420074,0.1522491349480969,0.14285714285714285,0.14096916299559473,0.14785992217898833,0.1700404858299595,0.09821428571428571,0.18796992481203006,0.17100371747211895,0.1702127659574468,0.1917808219178082,0.12260536398467432,0.14342629482071714,0.1,0.16393442622950818,0.11808118081180811,0.15135135135135136,0.2,0.11895910780669144,0.17391304347826086,0.1423487544483986,0.16312056737588654,0.1984732824427481,0.14102564102564102,0.15767634854771784,0.1956521739130435,0.13675213675213677,0.21311475409836064,0.10572687224669604,0.1732283464566929,0.1826086956521739,0.12206572769953052,0.13617021276595745,0.14479638009049775,0.18840579710144928,0.21561338289962825,0.17424242424242425,0.1306122448979592,0.15162454873646208,0.175,0.15139442231075698,0.10317460317460317,0.1646090534979424,0.16974169741697417,0.19455252918287938,0.14193548387096774,0.20425531914893616,0.17687074829931973,0.1773049645390071,0.15254237288135594,0.0782122905027933,0.10762331838565023,0.17985611510791366,0.10071942446043165,0.09154929577464789,0.10526315789473684,0.12903225806451613,0.10101010101010101
16747388,0.21122112211221122,0.26877470355731226,0.06837606837606838,0.06741573033707865,0.20408163265306123,0.32575757575757575,0.18867924528301888,0.14096916299559473,0.4473684210526316,0.1592920353982301,0.15,0.1078838174273859,0.0861244019138756,0.10679611650485436,0.14666666666666667,0.17708333333333334,0.11042944785276074,0.1145374449339207,0.10426540284360189,0.07048458149779736,0.22672064777327935,0.21951219512195122,0.1865671641791045,0.2,0.19243986254295534,0.22302158273381295,0.1643835616438356,0.26366559485530544,0.31095406360424027,0.2134387351778656,0.242914979757085,0.23003194888178913,0.22058823529411764,0.26875,0.32116788321167883,0.13513513513513514,0.20553359683794467,0.22134387351778656,0.06926406926406926,0.056074766355140186,0.224,0.08391608391608392,0.125,0.2222222222222222,0.06349206349206349,0.14345991561181434,0.2677165354330709,0.5732899022801303,0.28820960698689957,0.14222222222222222,0.24347826086956523,0.21705426356589147,0.22556390977443608,0.25874125874125875,0.21052631578947367,0.18867924528301888,0.13761467889908258,0.20973782771535582,0.04975124378109453,0.16216216216216217,0.16842105263157894,0.33858267716535434,0.1796875,0.18181818181818182,0.1811320754716981,0.21830985915492956,0.11940298507462686,0.2426470588235294,0.11450381679389313,0.2605633802816901,0.2527881040892193,0.19622641509433963,0.24285714285714285,0.26765799256505574,0.264026402640264,0.12861736334405144,0.15503875968992248,0.16356877323420074,0.2,0.22140221402214022,0.0967741935483871,0.21862348178137653,0.2297872340425532,0.26495726495726496,0.07079646017699115,0.25443786982248523,0.27350427350427353,0.21052631578947367,0.2704626334519573,0.2248995983935743,0.23904382470119523,0.13229571984435798,0.33212996389891697,0.28859060402684567,0.2692307692307692,0.2018348623853211,0.23846153846153847,0.2835820895522388,0.2642857142857143,0.30128205128205127,0.1984732824427481,0.23411371237458195,0.23628691983122363,0.35074626865671643,0.24285714285714285,0.39464882943143814,0.2755905511811024,0.3310344827586207,0.44370860927152317,0.2653061224489796,0.19718309859154928,0.2737642585551331,0.3088235294117647,0.23346303501945526,0.2704626334519573,0.23529411764705882,0.23952095808383234,0.291044776119403,0.16507936507936508,0.2578125,0.2178988326848249,0.21232876712328766,0.0933852140077821,0.18556701030927836,0.1834862385321101,0.21862348178137653,0.23076923076923078,0.19863013698630136,0.22602739726027396,0.2357142857142857,0.18473895582329317,0.21639344262295082,0.3161764705882353,0.21951219512195122,0.21639344262295082,0.26973684210526316,0.30303030303030304,0.2490272373540856,0.2558139534883721,0.21705426356589147,0.192,0.26523297491039427,0.19117647058823528,0.2007168458781362,0.313588850174216,0.2746478873239437,0.1684981684981685,0.3082706766917293,0.4236111111111111,0.29553264604810997,0.30662020905923343,0.2743682310469314,0.2893081761006289,0.1552511415525114,0.29333333333333333,0.23974763406940064,0.3161094224924012,0.21224489795918366,0.1773049645390071,0.27424749163879597,0.1323529411764706,1.0,0.12363636363636364,0.19528619528619529,0.23974763406940064,0.2,0.21176470588235294,0.23157894736842105,0.21818181818181817,0.30158730158730157,0.25170068027210885,0.24915824915824916,0.4064516129032258,0.25,0.1245674740484429,0.1935483870967742,0.24509803921568626,0.25735294117647056,0.27424749163879597,0.2663316582914573,0.14516129032258066,0.2962962962962963,0.2565789473684211,0.23948220064724918,0.2709677419354839,0.19310344827586207,0.2529411764705882,0.2379182156133829,0.21710526315789475,0.19083969465648856,0.19117647058823528,0.22745098039215686,0.2907801418439716,0.24031007751937986,0.1991701244813278,0.2509505703422053,0.11244979919678715,0.13157894736842105,0.24242424242424243,0.2465753424657534,0.2490842490842491,0.3016393442622951,0.21641791044776118,0.2724014336917563,0.30714285714285716,0.24354243542435425,0.1605351170568562,0.21754385964912282,0.2958579881656805,0.2509505703422053,0.36645962732919257,0.38064516129032255,0.25,0.15458937198067632,0.22310756972111553,0.20261437908496732,0.2549019607843137,0.1987179487179487,0.3333333333333333,0.22040816326530613,0.1504424778761062
16760646,0.18705035971223022,0.14035087719298245,0.14354066985645933,0.05228758169934641,0.09090909090909091,0.2594142259414226,0.10695187165775401,0.13861386138613863,0.12903225806451613,0.29850746268656714,0.08,0.10185185185185185,0.06521739130434782,0.2541436464088398,0.11636363636363636,0.19498607242339833,0.0664451827242525,0.06930693069306931,0.06451612903225806,0.07920792079207921,0.18018018018018017,0.15384615384615385,0.11522633744855967,0.11764705882352941,0.12030075187969924,0.20553359683794467,0.21176470588235294,0.16783216783216784,0.09302325581395349,0.2807017543859649,0.13513513513513514,0.11805555555555555,0.13765182186234817,0.14915254237288136,0.15261044176706828,0.10152284263959391,0.23684210526315788,0.38596491228070173,0.11650485436893204,0.1891891891891892,0.16,0.0842911877394636,0.8663967611336032,0.1145374449339207,0.17073170731707318,0.1320754716981132,0.13100436681222707,0.11347517730496454,0.10784313725490197,0.12,0.07804878048780488,0.2145922746781116,0.29045643153526973,0.13793103448275862,0.12807881773399016,0.16666666666666666,0.09326424870466321,0.11570247933884298,0.13793103448275862,0.1116751269035533,0.16901408450704225,0.1222707423580786,0.11255411255411256,0.11029411764705882,0.175,0.10810810810810811,0.19318181818181818,0.11336032388663968,0.17635270541082165,0.11583011583011583,0.21311475409836064,0.19166666666666668,0.16470588235294117,0.1557377049180328,0.2733812949640288,0.14685314685314685,0.16574585635359115,0.23770491803278687,0.15813953488372093,0.22764227642276422,0.11246943765281174,0.13513513513513514,0.21904761904761905,0.28708133971291866,0.04975124378109453,0.14696485623003194,0.14354066985645933,0.11822660098522167,0.15625,0.15178571428571427,0.11504424778761062,0.09482758620689655,0.15079365079365079,0.14652014652014653,0.0851063829787234,0.15544041450777202,0.17872340425531916,0.12345679012345678,0.13333333333333333,0.18118466898954705,0.11814345991561181,0.12408759124087591,0.1509433962264151,0.18930041152263374,0.10196078431372549,0.10218978102189781,0.11353711790393013,0.12830188679245283,0.1299638989169675,0.17100371747211895,0.1776061776061776,0.15966386554621848,0.1214574898785425,0.14655172413793102,0.1328125,0.13636363636363635,0.11650485436893204,0.13168724279835392,0.0896551724137931,0.12987012987012986,0.1206896551724138,0.10486891385767791,0.06896551724137931,0.14285714285714285,0.13245033112582782,0.15315315315315314,0.1702127659574468,0.1198501872659176,0.10486891385767791,0.10980392156862745,0.14285714285714285,0.14285714285714285,0.11336032388663968,0.15384615384615385,0.1357142857142857,0.2007168458781362,0.12552301255230125,0.12931034482758622,0.13733905579399142,0.13733905579399142,0.16,0.16535433070866143,0.09716599190283401,0.15748031496062992,0.13740458015267176,0.12355212355212356,0.0967741935483871,0.14937759336099585,0.1444866920152091,0.15037593984962405,0.1297709923664122,0.1349206349206349,0.1296928327645051,0.1134020618556701,0.11636363636363636,0.1643835616438356,0.125,0.15454545454545454,0.13229571984435798,0.15328467153284672,0.0728744939271255,0.12363636363636364,1.0,0.09558823529411764,0.2191780821917808,0.16470588235294117,0.16521739130434782,0.17692307692307693,0.104,0.15859030837004406,0.11152416356877323,0.19117647058823528,0.11228070175438597,0.1288135593220339,0.23484848484848486,0.25196850393700787,0.1618798955613577,0.145748987854251,0.1386861313868613,0.13941018766756033,0.08071748878923767,0.09558823529411764,0.16487455197132617,0.06338028169014084,0.14035087719298245,0.09811320754716982,0.13968253968253969,0.1721311475409836,0.1003584229390681,0.1350210970464135,0.11336032388663968,0.12173913043478261,0.1245136186770428,0.11158798283261803,0.1388888888888889,0.08403361344537816,0.16071428571428573,0.10752688172043011,0.14705882352941177,0.14232209737827714,0.14516129032258066,0.16428571428571428,0.13991769547325103,0.12598425196850394,0.2196078431372549,0.15447154471544716,0.10218978102189781,0.16153846153846155,0.12140575079872204,0.10084033613445378,0.13468013468013468,0.12631578947368421,0.16736401673640167,0.14285714285714285,0.25663716814159293,0.18505338078291814,0.19217081850533807,0.15331010452961671,0.15613382899628253,0.17272727272727273,0.21890547263681592
17755052,0.16,0.16,0.08658008658008658,0.08,0.15702479338842976,0.13793103448275862,0.1722488038277512,0.14285714285714285,0.26578073089701,0.10762331838565023,0.1218274111675127,0.1092436974789916,0.10679611650485436,0.09852216748768473,0.16835016835016836,0.11023622047244094,0.11764705882352941,0.20535714285714285,0.10576923076923077,0.08035714285714286,0.10655737704918032,0.14814814814814814,0.2037735849056604,0.2743682310469314,0.18055555555555555,0.17454545454545456,0.11049723756906077,0.2532467532467532,0.18571428571428572,0.168,0.19672131147540983,0.23225806451612904,0.17100371747211895,0.19558359621451105,0.14022140221402213,0.2009132420091324,0.112,0.136,0.06140350877192982,0.05660377358490566,0.13765182186234817,0.12014134275618374,0.09665427509293681,0.13654618473895583,0.043010752688172046,0.1452991452991453,0.16733067729083664,0.16447368421052633,0.17699115044247787,0.15315315315315314,0.1762114537444934,0.10980392156862745,0.13688212927756654,0.303886925795053,0.17777777777777778,0.17557251908396945,0.16744186046511628,0.3106060606060606,0.09022556390977443,0.1917808219178082,0.1909814323607427,0.15139442231075698,0.1976284584980237,0.22448979591836735,0.15267175572519084,0.26334519572953735,0.09090909090909091,0.18587360594795538,0.09596928982725528,0.26334519572953735,0.11278195488721804,0.1450381679389313,0.16606498194945848,0.18045112781954886,0.20666666666666667,0.12987012987012986,0.19791666666666666,0.22556390977443608,0.1940928270042194,0.16417910447761194,0.12529002320185614,0.1557377049180328,0.15517241379310345,0.12121212121212122,0.09865470852017937,0.22686567164179106,0.1471861471861472,0.18666666666666668,0.17985611510791366,0.13821138211382114,0.20967741935483872,0.14173228346456693,0.15328467153284672,0.1694915254237288,0.3735408560311284,0.15813953488372093,0.3035019455252918,0.21132075471698114,0.16606498194945848,0.2588996763754045,0.19305019305019305,0.25675675675675674,0.1794871794871795,0.19622641509433963,0.18050541516245489,0.33783783783783783,0.20717131474103587,0.15331010452961671,0.26755852842809363,0.21305841924398625,0.2704626334519573,0.18461538461538463,0.21561338289962825,0.16535433070866143,0.2014388489208633,0.20279720279720279,0.23564954682779457,0.1811320754716981,0.27564102564102566,0.18181818181818182,0.1889763779527559,0.2906574394463668,0.15748031496062992,0.1388888888888889,0.24691358024691357,0.19672131147540983,0.20233463035019456,0.2491349480968858,0.16608996539792387,0.3176895306859206,0.2032520325203252,0.23841059602649006,0.20817843866171004,0.1646090534979424,0.18543046357615894,0.15946843853820597,0.21455938697318008,0.1889763779527559,0.1568627450980392,0.17254901960784313,0.15384615384615385,0.1956521739130435,0.19330855018587362,0.21739130434782608,0.18309859154929578,0.19217081850533807,0.34074074074074073,0.16730038022813687,0.17543859649122806,0.18055555555555555,0.22535211267605634,0.22627737226277372,0.21587301587301588,0.19444444444444445,0.1750841750841751,0.28662420382165604,0.26993865030674846,0.1652892561983471,0.1935483870967742,0.24324324324324326,0.16356877323420074,0.19528619528619529,0.09558823529411764,1.0,0.21656050955414013,0.2527075812274368,0.21428571428571427,0.1702127659574468,0.17647058823529413,0.20080321285140562,0.2268041237113402,0.19047619047619047,0.254071661237785,0.2586750788643533,0.11888111888111888,0.13043478260869565,0.2716049382716049,0.20074349442379183,0.16216216216216217,0.28354430379746837,0.17959183673469387,0.19727891156462585,0.23255813953488372,0.30718954248366015,0.2671009771986971,0.2857142857142857,0.2433234421364985,0.3082706766917293,0.21262458471760798,0.18532818532818532,0.21561338289962825,0.18253968253968253,0.22939068100358423,0.20392156862745098,0.15966386554621848,0.18461538461538463,0.15447154471544716,0.21262458471760798,0.25170068027210885,0.2629757785467128,0.17777777777777778,0.17880794701986755,0.17358490566037735,0.21739130434782608,0.17328519855595667,0.1791044776119403,0.3108108108108108,0.20567375886524822,0.22686567164179106,0.3230769230769231,0.23824451410658307,0.24104234527687296,0.19157088122605365,0.10784313725490197,0.16129032258064516,0.132013201320132,0.15841584158415842,0.20711974110032363,0.20618556701030927,0.19834710743801653,0.12556053811659193
20635522,0.2125,0.1925925925925926,0.0796812749003984,0.06153846153846154,0.19083969465648856,0.31316725978647686,0.14847161572052403,0.16393442622950818,0.3426791277258567,0.14814814814814814,0.11981566820276497,0.14728682170542637,0.07964601769911504,0.10762331838565023,0.1829652996845426,0.2194513715710723,0.15160349854227406,0.1721311475409836,0.07894736842105263,0.09836065573770492,0.15151515151515152,0.2661596958174905,0.17543859649122806,0.2356902356902357,0.16883116883116883,0.25084745762711863,0.21465968586387435,0.2621951219512195,0.18666666666666668,0.21481481481481482,0.18181818181818182,0.2,0.18685121107266436,0.19584569732937684,0.23367697594501718,0.1506276150627615,0.1925925925925926,0.22962962962962963,0.13709677419354838,0.13609467455621302,0.12734082397003746,0.14521452145214522,0.22837370242214533,0.14869888475836432,0.14563106796116504,0.2125984251968504,0.17712177121771217,0.24074074074074073,0.18699186991869918,0.14049586776859505,0.16194331983805668,0.18181818181818182,0.24028268551236748,0.297029702970297,0.20408163265306123,0.2624113475177305,0.14468085106382977,0.2112676056338028,0.1431980906921241,0.1589958158995816,0.24181360201511334,0.1992619926199262,0.1684981684981685,0.24203821656050956,0.18439716312056736,0.22591362126245848,0.09174311926605505,0.18685121107266436,0.1589648798521257,0.2724252491694352,0.17482517482517482,0.1702127659574468,0.2222222222222222,0.21678321678321677,0.2625,0.18902439024390244,0.24257425742574257,0.21678321678321677,0.22568093385214008,0.22916666666666666,0.15964523281596452,0.21212121212121213,0.1746031746031746,0.2788844621513944,0.09876543209876543,0.3267605633802817,0.26294820717131473,0.17959183673469387,0.2348993288590604,0.20300751879699247,0.19402985074626866,0.1678832116788321,0.2108843537414966,0.24126984126984127,0.20216606498194944,0.22127659574468084,0.23826714801444043,0.21754385964912282,0.24915824915824916,0.2857142857142857,0.22939068100358423,0.21518987341772153,0.1732283464566929,0.26666666666666666,0.18855218855218855,0.2468354430379747,0.1992619926199262,0.18892508143322476,0.3510971786833856,0.2572347266881029,0.2724252491694352,0.18571428571428572,0.22837370242214533,0.21897810218978103,0.18791946308724833,0.2222222222222222,0.20512820512820512,0.24561403508771928,0.20481927710843373,0.20512820512820512,0.1678832116788321,0.22006472491909385,0.13138686131386862,0.2077922077922078,0.22093023255813954,0.22727272727272727,0.20938628158844766,0.26537216828478966,0.18122977346278318,0.20202020202020202,0.20300751879699247,0.2732919254658385,0.22837370242214533,0.22813688212927757,0.2608695652173913,0.2367601246105919,0.20640569395017794,0.15328467153284672,0.15272727272727274,0.24727272727272728,0.2247191011235955,0.18243243243243243,0.20761245674740483,0.23648648648648649,0.23026315789473684,0.17275747508305647,0.16551724137931034,0.24734982332155478,0.26229508196721313,0.24675324675324675,0.21052631578947367,0.23129251700680273,0.2865671641791045,0.15254237288135594,0.1892744479495268,0.2934131736526946,0.27167630057803466,0.19083969465648856,0.1806020066889632,0.25949367088607594,0.1522491349480969,0.23974763406940064,0.2191780821917808,0.21656050955414013,1.0,0.3501683501683502,0.20588235294117646,0.2119205298013245,0.18493150684931506,0.2379182156133829,0.22508038585209003,0.19745222929936307,0.29357798165137616,0.2551928783382789,0.22875816993464052,0.22297297297297297,0.2211764705882353,0.22145328719723184,0.25949367088607594,0.25542168674698795,0.1509433962264151,0.19745222929936307,0.27414330218068533,0.2085889570552147,0.27522935779816515,0.23452768729641693,0.25770308123249297,0.26573426573426573,0.21806853582554517,0.21505376344086022,0.20761245674740483,0.19117647058823528,0.1939799331103679,0.20363636363636364,0.2248062015503876,0.18571428571428572,0.21804511278195488,0.2118380062305296,0.2484076433121019,0.284789644012945,0.18620689655172415,0.2236024844720497,0.22456140350877193,0.17567567567567569,0.24242424242424243,0.2361111111111111,0.20253164556962025,0.23178807947019867,0.24225352112676057,0.20714285714285716,0.30678466076696165,0.2996941896024465,0.2775800711743772,0.16071428571428573,0.21641791044776118,0.21052631578947367,0.21671826625386997,0.24924012158054712,0.21221864951768488,0.2366412213740458,0.13168724279835392
23725625,0.127208480565371,0.2145922746781116,0.09345794392523364,0.1518987341772152,0.13333333333333333,0.2459016393442623,0.17708333333333334,0.1642512077294686,0.2605633802816901,0.18446601941747573,0.13333333333333333,0.15384615384615385,0.1164021164021164,0.17204301075268819,0.17142857142857143,0.1813186813186813,0.11764705882352941,0.1932367149758454,0.1256544502617801,0.10628019323671498,0.19383259911894274,0.21238938053097345,0.18548387096774194,0.23076923076923078,0.2730627306273063,0.1937984496124031,0.1855072463768116,0.28865979381443296,0.19771863117870722,0.18025751072961374,0.27312775330396477,0.30716723549488056,0.16666666666666666,0.18666666666666668,0.2125984251968504,0.22772277227722773,0.20600858369098712,0.20600858369098712,0.08530805687203792,0.09302325581395349,0.19130434782608696,0.12781954887218044,0.16666666666666666,0.2413793103448276,0.09467455621301775,0.17511520737327188,0.1794871794871795,0.18118466898954705,0.18181818181818182,0.18536585365853658,0.20952380952380953,0.18487394957983194,0.22764227642276422,0.23308270676691728,0.19230769230769232,0.19591836734693877,0.21212121212121213,0.2591093117408907,0.1099476439790576,0.18811881188118812,0.2388888888888889,0.20512820512820512,0.17796610169491525,0.18772563176895307,0.17959183673469387,0.25757575757575757,0.143646408839779,0.1984126984126984,0.0873015873015873,0.3181818181818182,0.1927710843373494,0.24489795918367346,0.2,0.2570281124497992,0.24028268551236748,0.15807560137457044,0.23978201634877383,0.27309236947791166,0.17272727272727273,0.2948207171314741,0.1497584541062802,0.27312775330396477,0.22325581395348837,0.22429906542056074,0.11650485436893204,0.3018867924528302,0.205607476635514,0.15384615384615385,0.21455938697318008,0.22707423580786026,0.19047619047619047,0.16033755274261605,0.24124513618677043,0.17985611510791366,0.25,0.24242424242424243,0.25833333333333336,0.1774193548387097,0.17692307692307693,0.2465753424657534,0.2396694214876033,0.2222222222222222,0.2672811059907834,0.22580645161290322,0.16923076923076924,0.24372759856630824,0.18803418803418803,0.2518518518518518,0.2624113475177305,0.25547445255474455,0.25,0.19753086419753085,0.19047619047619047,0.20253164556962025,0.24521072796934865,0.23048327137546468,0.2611464968152866,0.20161290322580644,0.21694915254237288,0.2627118644067797,0.23628691983122363,0.22058823529411764,0.20253164556962025,0.1992619926199262,0.2671009771986971,0.2555066079295154,0.21666666666666667,0.33088235294117646,0.18382352941176472,0.2846153846153846,0.2445414847161572,0.23859649122807017,0.25396825396825395,0.20353982300884957,0.23859649122807017,0.21830985915492956,0.2540983606557377,0.23628691983122363,0.226890756302521,0.21008403361344538,0.16521739130434782,0.23938223938223938,0.23809523809523808,0.20077220077220076,0.20973782771535582,0.21212121212121213,0.23715415019762845,0.22764227642276422,0.208955223880597,0.2656826568265683,0.20973782771535582,0.24124513618677043,0.22818791946308725,0.19095477386934673,0.20714285714285716,0.2760942760942761,0.21359223300970873,0.19555555555555557,0.2366412213740458,0.2222222222222222,0.14285714285714285,0.2,0.16470588235294117,0.2527075812274368,0.3501683501683502,1.0,0.24680851063829787,0.1811320754716981,0.24313725490196078,0.25,0.2846715328467153,0.24548736462093862,0.2482758620689655,0.21333333333333335,0.17843866171003717,0.1776061776061776,0.21649484536082475,0.29365079365079366,0.2222222222222222,0.25396825396825395,0.19298245614035087,0.18772563176895307,0.2676056338028169,0.23529411764705882,0.2827586206896552,0.22962962962962963,0.25,0.2891566265060241,0.24647887323943662,0.18181818181818182,0.23809523809523808,0.2127659574468085,0.1984732824427481,0.18487394957983194,0.2171945701357466,0.2222222222222222,0.25327510917030566,0.19014084507042253,0.2743682310469314,0.2647058823529412,0.22134387351778656,0.20350877192982456,0.1774193548387097,0.2625482625482625,0.24615384615384617,0.20717131474103587,0.25089605734767023,0.2490566037735849,0.2830188679245283,0.23045267489711935,0.24503311258278146,0.25517241379310346,0.30327868852459017,0.13903743315508021,0.30303030303030304,0.16083916083916083,0.2727272727272727,0.3219178082191781,0.2116788321167883,0.2577777777777778,0.17475728155339806
24180719,0.1937984496124031,0.25961538461538464,0.13756613756613756,0.18045112781954886,0.19,0.2009132420091324,0.2275449101796407,0.18681318681318682,0.20077220077220076,0.16574585635359115,0.14193548387096774,0.14285714285714285,0.0975609756097561,0.13664596273291926,0.1568627450980392,0.11799410029498525,0.10676156583629894,0.12087912087912088,0.12048192771084337,0.10989010989010989,0.13861386138613863,0.1890547263681592,0.2062780269058296,0.24680851063829787,0.16260162601626016,0.22317596566523606,0.11875,0.20300751879699247,0.20168067226890757,0.18269230769230768,0.2376237623762376,0.17164179104477612,0.19383259911894274,0.24,0.23580786026200873,0.1694915254237288,0.15384615384615385,0.19230769230769232,0.06451612903225806,0.09420289855072464,0.17560975609756097,0.08298755186721991,0.14977973568281938,0.15458937198067632,0.1111111111111111,0.15625,0.21052631578947367,0.20610687022900764,0.17391304347826086,0.14444444444444443,0.1837837837837838,0.15023474178403756,0.19004524886877827,0.23236514522821577,0.30601092896174864,0.21818181818181817,0.23121387283236994,0.15315315315315314,0.08403361344537816,0.21468926553672316,0.16119402985074627,0.21052631578947367,0.1990521327014218,0.1984126984126984,0.24545454545454545,0.2175732217573222,0.1282051282051282,0.22026431718061673,0.10438413361169102,0.18410041841004185,0.16964285714285715,0.2,0.2978723404255319,0.22321428571428573,0.24806201550387597,0.16541353383458646,0.15789473684210525,0.16071428571428573,0.27692307692307694,0.1592920353982301,0.10282776349614396,0.31683168316831684,0.22105263157894736,0.1693121693121693,0.06629834254143646,0.17747440273037543,0.26455026455026454,0.2185792349726776,0.211864406779661,0.30392156862745096,0.18446601941747573,0.14150943396226415,0.21551724137931033,0.2134387351778656,0.17674418604651163,0.24277456647398843,0.16744186046511628,0.23318385650224216,0.23829787234042554,0.1947565543071161,0.22119815668202766,0.18110236220472442,0.20833333333333334,0.2242152466367713,0.2297872340425532,0.1889763779527559,0.19138755980861244,0.20408163265306123,0.19455252918287938,0.1927710843373494,0.20920502092050208,0.1743119266055046,0.2290748898678414,0.3113207547169811,0.211864406779661,0.26229508196721313,0.1522491349480969,0.21524663677130046,0.17777777777777778,0.2559241706161137,0.20754716981132076,0.20242914979757085,0.1320754716981132,0.17886178861788618,0.2198581560283688,0.21782178217821782,0.21395348837209302,0.17813765182186234,0.17813765182186234,0.15319148936170213,0.22549019607843138,0.2076923076923077,0.2643171806167401,0.1890547263681592,0.2,0.21621621621621623,0.2557077625570776,0.1792452830188679,0.19718309859154928,0.20657276995305165,0.22439024390243903,0.23076923076923078,0.23788546255506607,0.21367521367521367,0.2892561983471074,0.1589958158995816,0.13157894736842105,0.2171945701357466,0.2139917695473251,0.22764227642276422,0.256198347107438,0.21551724137931033,0.1684981684981685,0.1839080459770115,0.17254901960784313,0.22058823529411764,0.19014084507042253,0.23,0.18565400843881857,0.2125984251968504,0.14096916299559473,0.21176470588235294,0.16521739130434782,0.21428571428571427,0.20588235294117646,0.24680851063829787,1.0,0.20833333333333334,0.20869565217391303,0.2898550724637681,0.20883534136546184,0.16666666666666666,0.2037735849056604,0.17454545454545456,0.1557377049180328,0.18803418803418803,0.1928374655647383,0.27312775330396477,0.2125984251968504,0.2096317280453258,0.18719211822660098,0.2698412698412698,0.23166023166023167,0.1590909090909091,0.2037735849056604,0.16326530612244897,0.21694915254237288,0.21428571428571427,0.23938223938223938,0.30414746543778803,0.18502202643171806,0.19047619047619047,0.27848101265822783,0.1784037558685446,0.23469387755102042,0.22935779816513763,0.11764705882352941,0.11583011583011583,0.20634920634920634,0.19433198380566802,0.2894736842105263,0.2230769230769231,0.2062780269058296,0.17094017094017094,0.20425531914893616,0.24778761061946902,0.1732283464566929,0.20833333333333334,0.19795221843003413,0.22018348623853212,0.2527075812274368,0.2490566037735849,0.1917808219178082,0.18518518518518517,0.22330097087378642,0.1685823754789272,0.24521072796934865,0.14232209737827714,0.2248995983935743,0.24,0.16574585635359115
24756910,0.2569444444444444,0.20168067226890757,0.1917808219178082,0.06134969325153374,0.46956521739130436,0.1927710843373494,0.16243654822335024,0.16037735849056603,0.20761245674740483,0.4075829383886256,0.11891891891891893,0.12389380530973451,0.09278350515463918,0.1256544502617801,0.1824561403508772,0.13008130081300814,0.15434083601286175,0.10377358490566038,0.09183673469387756,0.10377358490566038,0.15517241379310345,0.18181818181818182,0.18181818181818182,0.5811320754716981,0.15942028985507245,0.20532319391634982,0.13142857142857142,0.22297297297297297,0.1865671641791045,0.21008403361344538,0.1810344827586207,0.15436241610738255,0.669260700389105,0.3475409836065574,0.21621621621621623,0.13526570048309178,0.16806722689075632,0.20168067226890757,0.06481481481481481,0.16339869281045752,0.13617021276595745,0.07380073800738007,0.1556420233463035,0.16033755274261605,0.10344827586206896,0.1981981981981982,0.2928870292887029,0.2191780821917808,0.24299065420560748,0.14285714285714285,0.13023255813953488,0.18106995884773663,0.22310756972111553,0.22140221402214022,0.1784037558685446,0.24,0.1477832512315271,0.16666666666666666,0.07751937984496124,0.1932367149758454,0.18082191780821918,0.26778242677824265,0.15767634854771784,0.3120567375886525,0.176,0.17843866171003717,0.12903225806451613,0.19455252918287938,0.11394891944990176,0.20074349442379183,0.1732283464566929,0.224,0.2943396226415094,0.2125984251968504,0.2152777777777778,0.14864864864864866,0.1774193548387097,0.18110236220472442,0.19555555555555557,0.1796875,0.11455847255369929,0.19827586206896552,0.22727272727272727,0.2100456621004566,0.05687203791469194,0.21671826625386997,0.2009132420091324,0.20657276995305165,0.2857142857142857,0.21367521367521367,0.17796610169491525,0.1652892561983471,0.22137404580152673,0.3674911660777385,0.19591836734693877,0.16748768472906403,0.19591836734693877,0.22134387351778656,0.3169811320754717,0.46464646464646464,0.17813765182186234,0.3028169014084507,0.1981981981981982,0.22924901185770752,0.21132075471698114,0.2112676056338028,0.20920502092050208,0.20363636363636364,0.20209059233449478,0.25806451612903225,0.17100371747211895,0.1935483870967742,0.22568093385214008,0.24793388429752067,0.21052631578947367,0.38686131386861317,0.15673981191222572,0.30039525691699603,0.24666666666666667,0.1908713692946058,0.18181818181818182,0.19494584837545126,0.1322314049586777,0.17391304347826086,0.15384615384615385,0.1810344827586207,0.22857142857142856,0.20216606498194944,0.18050541516245489,0.15849056603773584,0.1623931623931624,0.20689655172413793,0.1867704280155642,0.22510822510822512,0.18620689655172415,0.17993079584775087,0.21686746987951808,0.17355371900826447,0.19753086419753085,0.26337448559670784,0.2723404255319149,0.23484848484848486,0.17120622568093385,0.2803030303030303,0.2426470588235294,0.17843866171003717,0.12403100775193798,0.23107569721115537,0.2564102564102564,0.21014492753623187,0.22794117647058823,0.2595419847328244,0.23102310231023102,0.1568627450980392,0.19649122807017544,0.2119205298013245,0.24203821656050956,0.2608695652173913,0.21722846441947566,0.2676056338028169,0.14785992217898833,0.23157894736842105,0.17692307692307693,0.1702127659574468,0.2119205298013245,0.1811320754716981,0.20833333333333334,1.0,0.15384615384615385,0.22784810126582278,0.21505376344086022,0.2127659574468085,0.2033898305084746,0.2098360655737705,0.145985401459854,0.36363636363636365,0.14249363867684478,0.20233463035019456,0.2887323943661972,0.20365535248041775,0.1630901287553648,0.2198581560283688,0.22145328719723184,0.17687074829931973,0.18983050847457628,0.1890909090909091,0.31384615384615383,0.2047244094488189,0.22145328719723184,0.22672064777327935,0.2178988326848249,0.20833333333333334,0.1797752808988764,0.3374485596707819,0.21238938053097345,0.1935483870967742,0.10256410256410256,0.2629757785467128,0.2127659574468085,0.21660649819494585,0.1937984496124031,0.2206896551724138,0.16600790513833993,0.17424242424242425,0.21132075471698114,0.234375,0.1619718309859155,0.1925925925925926,0.19195046439628483,0.1774193548387097,0.20846905537459284,0.21694915254237288,0.2248995983935743,0.16666666666666666,0.2033898305084746,0.2268041237113402,0.18556701030927836,0.14814814814814814,0.24372759856630824,0.22608695652173913,0.24644549763033174
24772860,0.1366906474820144,0.22807017543859648,0.10526315789473684,0.10457516339869281,0.14545454545454545,0.1506276150627615,0.16042780748663102,0.19801980198019803,0.1863799283154122,0.11940298507462686,0.17142857142857143,0.18518518518518517,0.15217391304347827,0.09944751381215469,0.21818181818181817,0.1615598885793872,0.1461794019933555,0.15841584158415842,0.1827956989247312,0.15841584158415842,0.12612612612612611,0.2171945701357466,0.19753086419753085,0.17254901960784313,0.17293233082706766,0.16600790513833993,0.17058823529411765,0.21678321678321677,0.16279069767441862,0.14035087719298245,0.16216216216216217,0.1736111111111111,0.13765182186234817,0.1288135593220339,0.2248995983935743,0.2131979695431472,0.12280701754385964,0.14035087719298245,0.13592233009708737,0.11486486486486487,0.16,0.19157088122605365,0.10526315789473684,0.1145374449339207,0.08536585365853659,0.1792452830188679,0.13100436681222707,0.2198581560283688,0.13725490196078433,0.14,0.24390243902439024,0.10300429184549356,0.16597510373443983,0.19923371647509577,0.16748768472906403,0.20833333333333334,0.21761658031088082,0.1652892561983471,0.13793103448275862,0.16243654822335024,0.16901408450704225,0.23580786026200873,0.17316017316017315,0.15441176470588236,0.18333333333333332,0.2548262548262548,0.09090909090909091,0.15384615384615385,0.09619238476953908,0.23166023166023167,0.13114754098360656,0.125,0.17254901960784313,0.16393442622950818,0.17266187050359713,0.18181818181818182,0.16574585635359115,0.16393442622950818,0.19534883720930232,0.17073170731707318,0.16625916870415647,0.24324324324324326,0.14285714285714285,0.15311004784688995,0.1691542288557214,0.2364217252396166,0.1722488038277512,0.17733990147783252,0.2421875,0.21428571428571427,0.1592920353982301,0.1896551724137931,0.1984126984126984,0.14652014652014653,0.1702127659574468,0.22797927461139897,0.19574468085106383,0.14814814814814814,0.16470588235294117,0.1672473867595819,0.18565400843881857,0.2116788321167883,0.16037735849056603,0.1646090534979424,0.12549019607843137,0.17518248175182483,0.14847161572052403,0.24150943396226415,0.18772563176895307,0.17100371747211895,0.20077220077220076,0.1092436974789916,0.17813765182186234,0.20689655172413793,0.125,0.20454545454545456,0.1553398058252427,0.2139917695473251,0.1793103448275862,0.23376623376623376,0.15517241379310345,0.18726591760299627,0.21551724137931033,0.18045112781954886,0.19205298013245034,0.24324324324324326,0.16170212765957448,0.1647940074906367,0.14232209737827714,0.1568627450980392,0.22321428571428573,0.2642857142857143,0.2591093117408907,0.14479638009049775,0.19285714285714287,0.16487455197132617,0.18410041841004185,0.15517241379310345,0.11158798283261803,0.1459227467811159,0.18666666666666668,0.15748031496062992,0.20242914979757085,0.14960629921259844,0.16793893129770993,0.1776061776061776,0.1693548387096774,0.1991701244813278,0.19011406844106463,0.22556390977443608,0.22137404580152673,0.1746031746031746,0.18430034129692832,0.24742268041237114,0.16,0.2191780821917808,0.16447368421052633,0.19090909090909092,0.20233463035019456,0.18248175182481752,0.1700404858299595,0.21818181818181817,0.104,0.17647058823529413,0.18493150684931506,0.24313725490196078,0.20869565217391303,0.15384615384615385,1.0,0.19383259911894274,0.2379182156133829,0.3014705882352941,0.23157894736842105,0.17627118644067796,0.1590909090909091,0.15748031496062992,0.2193211488250653,0.21862348178137653,0.18248175182481752,0.1876675603217158,0.15246636771300448,0.15441176470588236,0.24372759856630824,0.18309859154929578,0.18947368421052632,0.19622641509433963,0.19047619047619047,0.2459016393442623,0.17921146953405018,0.2109704641350211,0.242914979757085,0.14782608695652175,0.1867704280155642,0.1630901287553648,0.18518518518518517,0.18487394957983194,0.20535714285714285,0.2078853046594982,0.25,0.20224719101123595,0.20967741935483872,0.15714285714285714,0.18106995884773663,0.1732283464566929,0.16470588235294117,0.17886178861788618,0.22627737226277372,0.2153846153846154,0.22364217252396165,0.226890756302521,0.2222222222222222,0.23157894736842105,0.19246861924686193,0.17582417582417584,0.168141592920354,0.17793594306049823,0.16370106761565836,0.21602787456445993,0.17100371747211895,0.18181818181818182,0.1791044776119403
24776445,0.1803921568627451,0.33170731707317075,0.0967741935483871,0.09230769230769231,0.19289340101522842,0.2962962962962963,0.21951219512195122,0.1787709497206704,0.3046875,0.20224719101123595,0.14473684210526316,0.12435233160621761,0.08695652173913043,0.1518987341772152,0.15873015873015872,0.19047619047619047,0.1079136690647482,0.12290502793296089,0.08588957055214724,0.1005586592178771,0.24120603015075376,0.23232323232323232,0.17272727272727273,0.22413793103448276,0.19753086419753085,0.22608695652173913,0.1829652996845426,0.2509505703422053,0.28085106382978725,0.1951219512195122,0.32160804020100503,0.2641509433962264,0.21428571428571427,0.29411764705882354,0.3805309734513274,0.1839080459770115,0.24390243902439024,0.24390243902439024,0.06557377049180328,0.06593406593406594,0.25742574257425743,0.08403361344537816,0.16071428571428573,0.24509803921568626,0.09929078014184398,0.1693121693121693,0.2912621359223301,0.2857142857142857,0.287292817679558,0.1807909604519774,0.17582417582417584,0.22857142857142856,0.30275229357798167,0.23529411764705882,0.35555555555555557,0.2488479262672811,0.18823529411764706,0.2465753424657534,0.062146892655367235,0.21839080459770116,0.1746987951807229,0.32038834951456313,0.16346153846153846,0.1927710843373494,0.1935483870967742,0.17796610169491525,0.16993464052287582,0.36607142857142855,0.08823529411764706,0.23728813559322035,0.2986425339366516,0.23963133640552994,0.25862068965517243,0.35294117647058826,0.3058823529411765,0.1444866920152091,0.16519174041297935,0.19909502262443438,0.2916666666666667,0.21524663677130046,0.09844559585492228,0.271356783919598,0.3315508021390374,0.3225806451612903,0.06741573033707865,0.2413793103448276,0.3010752688172043,0.18888888888888888,0.24034334763948498,0.23880597014925373,0.22660098522167488,0.16267942583732056,0.3231441048034934,0.264,0.22641509433962265,0.25882352941176473,0.24528301886792453,0.3,0.27586206896551724,0.29545454545454547,0.22429906542056074,0.18326693227091634,0.2857142857142857,0.33636363636363636,0.25862068965517243,0.30278884462151395,0.2621359223300971,0.2892561983471074,0.2992125984251969,0.25203252032520324,0.2033898305084746,0.25116279069767444,0.30357142857142855,0.2679425837320574,0.24034334763948498,0.24896265560165975,0.2097902097902098,0.3,0.1797752808988764,0.28846153846153844,0.2966507177033493,0.21311475409836064,0.11483253588516747,0.205761316872428,0.26523297491039427,0.22110552763819097,0.24528301886792453,0.22131147540983606,0.21311475409836064,0.2413793103448276,0.25870646766169153,0.17898832684824903,0.25892857142857145,0.23232323232323232,0.26459143968871596,0.3515625,0.3148148148148148,0.24880382775119617,0.2761904761904762,0.22857142857142856,0.21782178217821782,0.2510822510822511,0.22321428571428573,0.27705627705627706,0.30962343096234307,0.2627118644067797,0.14222222222222222,0.3761467889908257,0.325,0.2551440329218107,0.28451882845188287,0.22707423580786026,0.2518518518518518,0.1871345029239766,0.24603174603174602,0.26022304832713755,0.26334519572953735,0.233502538071066,0.2222222222222222,0.2788844621513944,0.09821428571428571,0.30158730158730157,0.15859030837004406,0.20080321285140562,0.2379182156133829,0.25,0.2898550724637681,0.22784810126582278,0.19383259911894274,1.0,0.23577235772357724,0.2570281124497992,0.29770992366412213,0.2426470588235294,0.14107883817427386,0.22510822510822512,0.22777777777777777,0.30357142857142855,0.2868525896414343,0.26285714285714284,0.12,0.28112449799196787,0.2734375,0.23754789272030652,0.2366412213740458,0.1652892561983471,0.2534246575342466,0.26244343891402716,0.234375,0.205607476635514,0.17857142857142858,0.28019323671497587,0.2905982905982906,0.29523809523809524,0.31088082901554404,0.23255813953488372,0.10945273631840796,0.1015625,0.23293172690763053,0.23770491803278687,0.3022222222222222,0.28793774319066145,0.2,0.2510822510822511,0.31896551724137934,0.2600896860986547,0.15139442231075698,0.2109704641350211,0.23448275862068965,0.15813953488372093,0.26277372262773724,0.2900763358778626,0.25925925925925924,0.18867924528301888,0.2857142857142857,0.20155038759689922,0.2713178294573643,0.21212121212121213,0.34146341463414637,0.3147208121827411,0.1797752808988764
24785538,0.18181818181818182,0.21052631578947367,0.07017543859649122,0.09302325581395349,0.17573221757322174,0.18604651162790697,0.1650485436893204,0.13574660633484162,0.28187919463087246,0.14545454545454545,0.14432989690721648,0.13617021276595745,0.10837438423645321,0.1,0.14965986394557823,0.14814814814814814,0.1125,0.16289592760180996,0.12682926829268293,0.09049773755656108,0.14107883817427386,0.20833333333333334,0.16793893129770993,0.24087591240875914,0.21052631578947367,0.19852941176470587,0.15041782729805014,0.22950819672131148,0.18772563176895307,0.19433198380566802,0.2074688796680498,0.2280130293159609,0.19548872180451127,0.20382165605095542,0.22388059701492538,0.18518518518518517,0.15384615384615385,0.17813765182186234,0.11555555555555555,0.06984126984126984,0.13114754098360656,0.15,0.11278195488721804,0.14634146341463414,0.0546448087431694,0.15584415584415584,0.22580645161290322,0.24584717607973422,0.21524663677130046,0.1552511415525114,0.1875,0.1349206349206349,0.18461538461538463,0.2714285714285714,0.17117117117117117,0.20077220077220076,0.19811320754716982,0.19923371647509577,0.08585858585858586,0.17592592592592593,0.18181818181818182,0.24193548387096775,0.16,0.17869415807560138,0.16216216216216217,0.2805755395683453,0.11282051282051282,0.18796992481203006,0.09652509652509653,0.34532374100719426,0.17490494296577946,0.16216216216216217,0.22627737226277372,0.22813688212927757,0.1750841750841751,0.1377049180327869,0.1784776902887139,0.19771863117870722,0.1794871794871795,0.21132075471698114,0.13551401869158877,0.24066390041493776,0.18340611353711792,0.20175438596491227,0.13636363636363635,0.25903614457831325,0.21052631578947367,0.2072072072072072,0.19636363636363635,0.19753086419753085,0.19591836734693877,0.14342629482071714,0.2140221402214022,0.22602739726027396,0.23622047244094488,0.19811320754716982,0.23622047244094488,0.22137404580152673,0.2116788321167883,0.2549019607843137,0.1953125,0.19112627986348124,0.22510822510822512,0.22900763358778625,0.21897810218978103,0.2593856655290102,0.21774193548387097,0.2112676056338028,0.2702702702702703,0.2708333333333333,0.2014388489208633,0.19455252918287938,0.23308270676691728,0.22310756972111553,0.1890909090909091,0.26148409893992935,0.23170731707317074,0.25190839694656486,0.21359223300970873,0.208,0.16733067729083664,0.20279720279720279,0.1752988047808765,0.1543859649122807,0.2118380062305296,0.24896265560165975,0.1889763779527559,0.22377622377622378,0.17482517482517482,0.1897810218978102,0.23868312757201646,0.25418060200668896,0.24060150375939848,0.175,0.20735785953177258,0.18120805369127516,0.26356589147286824,0.27091633466135456,0.19047619047619047,0.19047619047619047,0.1885245901639344,0.23443223443223443,0.24060150375939848,0.17582417582417584,0.24199288256227758,0.23741007194244604,0.2247191011235955,0.2692307692307692,0.22695035460992907,0.2596491228070175,0.25622775800711745,0.2952029520295203,0.24358974358974358,0.22535211267605634,0.19047619047619047,0.26366559485530544,0.25386996904024767,0.19246861924686193,0.21739130434782608,0.26621160409556316,0.18796992481203006,0.25170068027210885,0.11152416356877323,0.2268041237113402,0.22508038585209003,0.2846715328467153,0.20883534136546184,0.21505376344086022,0.2379182156133829,0.23577235772357724,1.0,0.26804123711340205,0.2565789473684211,0.2484076433121019,0.15547703180212014,0.1684981684981685,0.18407960199004975,0.2631578947368421,0.2525597269624573,0.23469387755102042,0.2066115702479339,0.19931271477663232,0.2483221476510067,0.264026402640264,0.2631578947368421,0.21830985915492956,0.25149700598802394,0.24334600760456274,0.2684563758389262,0.1953125,0.2556390977443609,0.1927710843373494,0.2028985507246377,0.20634920634920634,0.18723404255319148,0.22568093385214008,0.2222222222222222,0.18791946308724833,0.2611683848797251,0.24475524475524477,0.18726591760299627,0.22073578595317725,0.17557251908396945,0.2490842490842491,0.19708029197080293,0.21132075471698114,0.21160409556313994,0.27956989247311825,0.21084337349397592,0.23346303501945526,0.24050632911392406,0.24342105263157895,0.24031007751937986,0.14925373134328357,0.19591836734693877,0.19333333333333333,0.19333333333333333,0.2222222222222222,0.2152777777777778,0.2175732217573222,0.15454545454545454
24825971,0.18666666666666668,0.192,0.09523809523809523,0.045714285714285714,0.17355371900826447,0.25287356321839083,0.20095693779904306,0.13392857142857142,0.292358803986711,0.18834080717488788,0.08121827411167512,0.10084033613445378,0.13592233009708737,0.20689655172413793,0.14814814814814814,0.1994750656167979,0.13003095975232198,0.13392857142857142,0.1346153846153846,0.08928571428571429,0.22950819672131148,0.18106995884773663,0.18867924528301888,0.23104693140794225,0.2222222222222222,0.18181818181818182,0.19337016574585636,0.2532467532467532,0.22142857142857142,0.304,0.22131147540983606,0.2645161290322581,0.20817843866171004,0.24605678233438485,0.22878228782287824,0.1643835616438356,0.216,0.248,0.06140350877192982,0.06918238993710692,0.21052631578947367,0.12014134275618374,0.18587360594795538,0.24096385542168675,0.03225806451612903,0.1282051282051282,0.2948207171314741,0.23026315789473684,0.24778761061946902,0.15315315315315314,0.16740088105726872,0.24313725490196078,0.24334600760456274,0.2332155477031802,0.17777777777777778,0.16793893129770993,0.14883720930232558,0.24242424242424243,0.09022556390977443,0.1461187214611872,0.1909814323607427,0.24701195219123506,0.16600790513833993,0.17006802721088435,0.13740458015267176,0.20640569395017794,0.16161616161616163,0.2379182156133829,0.09596928982725528,0.2775800711743772,0.24060150375939848,0.21374045801526717,0.20216606498194944,0.24812030075187969,0.3,0.14285714285714285,0.18229166666666666,0.2781954887218045,0.16877637130801687,0.2462686567164179,0.1345707656612529,0.21311475409836064,0.2413793103448276,0.2597402597402597,0.10762331838565023,0.2626865671641791,0.18181818181818182,0.20444444444444446,0.2014388489208633,0.18699186991869918,0.20161290322580644,0.16535433070866143,0.24817518248175183,0.23728813559322035,0.23346303501945526,0.14883720930232558,0.2723735408560311,0.2037735849056604,0.18772563176895307,0.3042071197411003,0.20077220077220076,0.1891891891891892,0.23076923076923078,0.3018867924528302,0.22382671480144403,0.24324324324324326,0.20717131474103587,0.2508710801393728,0.28762541806020064,0.26804123711340205,0.2277580071174377,0.27692307692307694,0.2527881040892193,0.2047244094488189,0.23741007194244604,0.22377622377622378,0.29607250755287007,0.22641509433962265,0.1987179487179487,0.18972332015810275,0.2047244094488189,0.21453287197231835,0.1732283464566929,0.16666666666666666,0.17901234567901234,0.19672131147540983,0.20233463035019456,0.23529411764705882,0.21453287197231835,0.24548736462093862,0.18699186991869918,0.23841059602649006,0.19330855018587362,0.19753086419753085,0.2119205298013245,0.23255813953488372,0.22988505747126436,0.25984251968503935,0.27450980392156865,0.2196078431372549,0.1862348178137652,0.2608695652173913,0.20074349442379183,0.2028985507246377,0.23943661971830985,0.30604982206405695,0.1925925925925926,0.2585551330798479,0.24561403508771928,0.2222222222222222,0.23943661971830985,0.26277372262773724,0.25396825396825395,0.14814814814814814,0.2356902356902357,0.25477707006369427,0.24539877300613497,0.19008264462809918,0.25089605734767023,0.2905405405405405,0.17100371747211895,0.24915824915824916,0.19117647058823528,0.19047619047619047,0.19745222929936307,0.24548736462093862,0.16666666666666666,0.2127659574468085,0.3014705882352941,0.2570281124497992,0.26804123711340205,1.0,0.247557003257329,0.2586750788643533,0.13986013986013987,0.17391304347826086,0.2074074074074074,0.29739776951672864,0.22297297297297297,0.2481012658227848,0.17142857142857143,0.19727891156462585,0.3122923588039867,0.24836601307189543,0.2280130293159609,0.21602787456445993,0.22551928783382788,0.24060150375939848,0.2591362126245847,0.18532818532818532,0.23048327137546468,0.23015873015873015,0.2007168458781362,0.19607843137254902,0.17647058823529413,0.2,0.12195121951219512,0.21262458471760798,0.30612244897959184,0.2491349480968858,0.17777777777777778,0.25165562913907286,0.15849056603773584,0.2826086956521739,0.2743682310469314,0.22388059701492538,0.18243243243243243,0.2765957446808511,0.23880597014925373,0.2076923076923077,0.23197492163009403,0.247557003257329,0.2681992337164751,0.11764705882352941,0.31451612903225806,0.19801980198019803,0.2706270627062706,0.2459546925566343,0.281786941580756,0.23140495867768596,0.16143497757847533
24826799,0.17891373801916932,0.311787072243346,0.07377049180327869,0.06382978723404255,0.17254901960784313,0.25547445255474455,0.16216216216216217,0.14345991561181434,0.4713375796178344,0.13559322033898305,0.13333333333333333,0.11952191235059761,0.0821917808219178,0.10185185185185185,0.14838709677419354,0.17258883248730963,0.11904761904761904,0.22784810126582278,0.09954751131221719,0.08438818565400844,0.1867704280155642,0.2265625,0.17266187050359713,0.2413793103448276,0.18604651162790697,0.2013888888888889,0.17066666666666666,0.2803738317757009,0.23890784982935154,0.16730038022813687,0.20233463035019456,0.26625386996904027,0.19858156028368795,0.21818181818181817,0.3380281690140845,0.14655172413793102,0.19011406844106463,0.19771863117870722,0.0912863070539419,0.06646525679758308,0.2076923076923077,0.10135135135135136,0.11347517730496454,0.183206106870229,0.07035175879396985,0.16194331983805668,0.2196969696969697,0.3722397476340694,0.22594142259414227,0.14468085106382977,0.225,0.19402985074626866,0.2028985507246377,0.30405405405405406,0.19327731092436976,0.20363636363636364,0.14912280701754385,0.23104693140794225,0.07281553398058252,0.16379310344827586,0.18974358974358974,0.3106060606060606,0.17293233082706766,0.28664495114006516,0.17454545454545456,0.22448979591836735,0.12322274881516587,0.24113475177304963,0.0898876404494382,0.3197278911564626,0.21505376344086022,0.1890909090909091,0.23448275862068965,0.24372759856630824,0.2364217252396166,0.14330218068535824,0.18639798488664988,0.25089605734767023,0.176,0.2277580071174377,0.12162162162162163,0.21011673151750973,0.18775510204081633,0.2459016393442623,0.1016949152542373,0.27011494252873564,0.2540983606557377,0.19327731092436976,0.281786941580756,0.20077220077220076,0.20689655172413793,0.14232209737827714,0.30662020905923343,0.2597402597402597,0.23703703703703705,0.18421052631578946,0.2518518518518518,0.2446043165467626,0.22758620689655173,0.3105590062111801,0.19852941176470587,0.27184466019417475,0.21862348178137653,0.302158273381295,0.20689655172413793,0.3300970873786408,0.22727272727272727,0.29333333333333333,0.46794871794871795,0.2565789473684211,0.24489795918367346,0.21978021978021978,0.2695035460992908,0.21722846441947566,0.21993127147766323,0.23411371237458195,0.2441860465116279,0.2589928057553957,0.26461538461538464,0.22556390977443608,0.1797752808988764,0.23178807947019867,0.1348314606741573,0.16611295681063123,0.2195845697329377,0.20233463035019456,0.21481481481481482,0.25165562913907286,0.2052980132450331,0.22758620689655173,0.18532818532818532,0.26031746031746034,0.28368794326241137,0.1953125,0.22857142857142856,0.25477707006369427,0.26277372262773724,0.1947565543071161,0.21641791044776118,0.22388059701492538,0.2,0.22145328719723184,0.20567375886524822,0.20761245674740483,0.26262626262626265,0.22448979591836735,0.1978798586572438,0.30434782608695654,0.348993288590604,0.2591362126245847,0.30303030303030304,0.2508710801393728,0.3353658536585366,0.1572052401746725,0.24516129032258063,0.2874617737003058,0.3185840707964602,0.20392156862745098,0.18493150684931506,0.2912621359223301,0.1702127659574468,0.4064516129032258,0.11228070175438597,0.254071661237785,0.29357798165137616,0.2482758620689655,0.2037735849056604,0.2033898305084746,0.23157894736842105,0.29770992366412213,0.2565789473684211,0.247557003257329,1.0,0.2787878787878788,0.14715719063545152,0.18685121107266436,0.27751196172248804,0.24822695035460993,0.2588996763754045,0.2696078431372549,0.17054263565891473,0.2280130293159609,0.24203821656050956,0.27586206896551724,0.30625,0.21333333333333335,0.2742857142857143,0.25089605734767023,0.25477707006369427,0.18382352941176472,0.19148936170212766,0.22641509433962265,0.2328767123287671,0.19402985074626866,0.199203187250996,0.2271062271062271,0.1776061776061776,0.17197452229299362,0.2671009771986971,0.31125827814569534,0.254416961130742,0.26031746031746034,0.19424460431654678,0.22145328719723184,0.2620689655172414,0.2277580071174377,0.21359223300970873,0.22372881355932203,0.3218390804597701,0.32234432234432236,0.5783132530120482,0.60625,0.29927007299270075,0.14746543778801843,0.21455938697318008,0.1962025316455696,0.22784810126582278,0.2236024844720497,0.2565789473684211,0.2196078431372549,0.1440677966101695
24889392,0.22910216718266255,0.21978021978021978,0.07874015748031496,0.050505050505050504,0.17358490566037735,0.2112676056338028,0.1896551724137931,0.13765182186234817,0.30246913580246915,0.14634146341463414,0.11818181818181818,0.11494252873563218,0.09606986899563319,0.09734513274336283,0.15625,0.16336633663366337,0.14450867052023122,0.1700404858299595,0.09523809523809523,0.08906882591093117,0.17228464419475656,0.19548872180451127,0.19444444444444445,0.34,0.19292604501607716,0.174496644295302,0.17662337662337663,0.45317220543806647,0.2376237623762376,0.17582417582417584,0.20224719101123595,0.22822822822822822,0.19863013698630136,0.2411764705882353,0.3129251700680272,0.1322314049586777,0.1684981684981685,0.1684981684981685,0.08764940239043825,0.08211143695014662,0.15555555555555556,0.12418300653594772,0.13013698630136986,0.16911764705882354,0.07655502392344497,0.17120622568093385,0.23357664233576642,0.25076452599388377,0.23293172690763053,0.13877551020408163,0.2,0.22302158273381295,0.2097902097902098,0.28104575163398693,0.1693548387096774,0.21052631578947367,0.14285714285714285,0.2857142857142857,0.0947867298578199,0.1487603305785124,0.19,0.2846715328467153,0.21014492753623187,0.2334384858044164,0.16842105263157894,0.21052631578947367,0.09049773755656108,0.2054794520547945,0.11397058823529412,0.28289473684210525,0.17993079584775087,0.1824561403508772,0.23333333333333334,0.20069204152249134,0.21671826625386997,0.14501510574018128,0.18181818181818182,0.20761245674740483,0.2153846153846154,0.19243986254295534,0.14096916299559473,0.1947565543071161,0.1803921568627451,0.23622047244094488,0.10569105691056911,0.2569832402234637,0.2047244094488189,0.18548387096774194,0.23255813953488372,0.18587360594795538,0.2656826568265683,0.1588447653429603,0.26262626262626265,0.27044025157232704,0.2785714285714286,0.21008403361344538,0.30714285714285716,0.2361111111111111,0.31333333333333335,0.39156626506024095,0.2127659574468085,0.2946708463949843,0.1867704280155642,0.2708333333333333,0.20666666666666667,0.31347962382445144,0.25547445255474455,0.2645161290322581,0.3105590062111801,0.24203821656050956,0.3355263157894737,0.1978798586572438,0.23972602739726026,0.21660649819494585,0.22591362126245848,0.2459546925566343,0.24858757062146894,0.2569444444444444,0.29850746268656714,0.21014492753623187,0.17328519855595667,0.26282051282051283,0.1371841155234657,0.21221864951768488,0.207492795389049,0.20224719101123595,0.2,0.23076923076923078,0.27564102564102566,0.3,0.16356877323420074,0.2153846153846154,0.21232876712328766,0.18796992481203006,0.2523076923076923,0.2654320987654321,0.3380281690140845,0.19494584837545126,0.20863309352517986,0.2446043165467626,0.23703703703703705,0.20066889632107024,0.1917808219178082,0.22073578595317725,0.2280130293159609,0.24342105263157895,0.22525597269624573,0.24475524475524477,0.2792207792207792,0.2315112540192926,0.21498371335504887,0.2356902356902357,0.28994082840236685,0.1506276150627615,0.25,0.2314540059347181,0.44126074498567336,0.2188679245283019,0.17218543046357615,0.3824451410658307,0.1917808219178082,0.25,0.1288135593220339,0.2586750788643533,0.2551928783382789,0.21333333333333335,0.17454545454545456,0.2098360655737705,0.17627118644067796,0.2426470588235294,0.2484076433121019,0.2586750788643533,0.2787878787878788,1.0,0.16828478964401294,0.2809364548494983,0.2850467289719626,0.22602739726027396,0.28213166144200624,0.24880382775119617,0.14925373134328357,0.21451104100946372,0.25925925925925924,0.303951367781155,0.2606060606060606,0.2838709677419355,0.36666666666666664,0.3044982698961938,0.24074074074074073,0.1773049645390071,0.1917808219178082,0.19636363636363635,0.25165562913907286,0.18705035971223022,0.20689655172413793,0.19081272084805653,0.15613382899628253,0.2037037037037037,0.2586750788643533,0.25,0.22525597269624573,0.2953846153846154,0.2569444444444444,0.24749163879598662,0.23333333333333334,0.27491408934707906,0.2445141065830721,0.22950819672131148,0.24581005586592178,0.21201413427561838,0.28654970760233917,0.296969696969697,0.23943661971830985,0.13215859030837004,0.1992619926199262,0.26993865030674846,0.2331288343558282,0.18072289156626506,0.2484076433121019,0.2037735849056604,0.14634146341463414
24894414,0.1643835616438356,0.1487603305785124,0.11659192825112108,0.0718562874251497,0.10256410256410256,0.2134387351778656,0.14925373134328357,0.16666666666666666,0.17064846416382254,0.15813953488372093,0.09523809523809523,0.14782608695652175,0.0707070707070707,0.12307692307692308,0.1522491349480969,0.19839142091152814,0.10793650793650794,0.12037037037037036,0.08,0.08333333333333333,0.1271186440677966,0.24680851063829787,0.1556420233463035,0.1412639405204461,0.1357142857142857,0.1797752808988764,0.2033898305084746,0.17333333333333334,0.11029411764705882,0.1487603305785124,0.1271186440677966,0.12582781456953643,0.13026819923371646,0.13592233009708737,0.17490494296577946,0.14218009478672985,0.17355371900826447,0.15702479338842976,0.6545454545454545,0.23225806451612904,0.11715481171548117,0.18181818181818182,0.22988505747126436,0.0995850622406639,0.14606741573033707,0.20353982300884957,0.12345679012345678,0.12162162162162163,0.12844036697247707,0.14953271028037382,0.1552511415525114,0.20242914979757085,0.18823529411764706,0.15272727272727274,0.14746543778801843,0.18110236220472442,0.1642512077294686,0.125,0.20971867007672634,0.12322274881516587,0.1842818428184282,0.15637860082304528,0.1469387755102041,0.13286713286713286,0.18110236220472442,0.16117216117216118,0.08421052631578947,0.10727969348659004,0.10916179337231968,0.15384615384615385,0.15503875968992248,0.1968503937007874,0.17100371747211895,0.14728682170542637,0.17123287671232876,0.16666666666666666,0.18617021276595744,0.17829457364341086,0.16593886462882096,0.19230769230769232,0.13711583924349882,0.16101694915254236,0.16964285714285715,0.17040358744394618,0.13953488372093023,0.15902140672782875,0.14349775784753363,0.1382488479262673,0.14074074074074075,0.15126050420168066,0.15,0.13008130081300814,0.15037593984962405,0.1951219512195122,0.11244979919678715,0.17391304347826086,0.13654618473895583,0.14007782101167315,0.16356877323420074,0.15946843853820597,0.1752988047808765,0.13194444444444445,0.12389380530973451,0.1556420233463035,0.11895910780669144,0.125,0.13991769547325103,0.11469534050179211,0.1718213058419244,0.1696113074204947,0.20512820512820512,0.11904761904761904,0.14559386973180077,0.13821138211382114,0.13333333333333333,0.16546762589928057,0.1238390092879257,0.14007782101167315,0.125,0.1469387755102041,0.11382113821138211,0.12099644128113879,0.11382113821138211,0.17857142857142858,0.16455696202531644,0.1694915254237288,0.15261044176706828,0.13523131672597866,0.1708185053380783,0.11895910780669144,0.15966386554621848,0.17006802721088435,0.14559386973180077,0.13617021276595745,0.17687074829931973,0.15017064846416384,0.13438735177865613,0.08943089430894309,0.11336032388663968,0.21862348178137653,0.19246861924686193,0.11940298507462686,0.11494252873563218,0.1417910447761194,0.13043478260869565,0.12454212454212454,0.09923664122137404,0.18823529411764706,0.15162454873646208,0.16428571428571428,0.12318840579710146,0.14285714285714285,0.18892508143322476,0.19230769230769232,0.11072664359861592,0.1437908496732026,0.1761006289308176,0.17094017094017094,0.14022140221402213,0.2013888888888889,0.12260536398467432,0.1245674740484429,0.23484848484848486,0.11888111888111888,0.22875816993464052,0.17843866171003717,0.1557377049180328,0.145985401459854,0.1590909090909091,0.14107883817427386,0.15547703180212014,0.13986013986013987,0.14715719063545152,0.16828478964401294,1.0,0.20149253731343283,0.14609571788413098,0.14559386973180077,0.2013888888888889,0.13953488372093023,0.11814345991561181,0.11188811188811189,0.14334470989761092,0.10067114093959731,0.1605351170568562,0.14336917562724014,0.1762917933130699,0.15503875968992248,0.11604095563139932,0.1593625498007968,0.13793103448275862,0.12295081967213115,0.12546125461254612,0.10526315789473684,0.2,0.1111111111111111,0.17647058823529413,0.12286689419795221,0.15384615384615385,0.1494661921708185,0.1450381679389313,0.16326530612244897,0.19455252918287938,0.1417910447761194,0.17100371747211895,0.19230769230769232,0.1527777777777778,0.19708029197080293,0.1345565749235474,0.1349206349206349,0.1864951768488746,0.16722408026755853,0.1976284584980237,0.15306122448979592,0.175,0.15593220338983052,0.15593220338983052,0.1461794019933555,0.12014134275618374,0.15384615384615385,0.19534883720930232
24951314,0.2624113475177305,0.2413793103448276,0.19718309859154928,0.07643312101910828,0.15178571428571427,0.23868312757201646,0.18848167539267016,0.1553398058252427,0.1978798586572438,0.44878048780487806,0.11173184357541899,0.11818181818181818,0.10638297872340426,0.12972972972972974,0.14336917562724014,0.1652892561983471,0.10491803278688525,0.1262135922330097,0.10526315789473684,0.11650485436893204,0.1592920353982301,0.19555555555555557,0.16194331983805668,0.1776061776061776,0.13333333333333333,0.24124513618677043,0.22093023255813954,0.2206896551724138,0.15267175572519084,0.1810344827586207,0.1504424778761062,0.1232876712328767,0.1752988047808765,0.2140468227424749,0.26877470355731226,0.11940298507462686,0.20689655172413793,0.21551724137931033,0.10476190476190476,0.22,0.14847161572052403,0.10566037735849057,0.23107569721115537,0.12121212121212122,0.17857142857142858,0.1574074074074074,0.2145922746781116,0.1888111888111888,0.18269230769230768,0.11764705882352941,0.1722488038277512,0.18565400843881857,0.2693877551020408,0.18867924528301888,0.18357487922705315,0.18032786885245902,0.1319796954314721,0.13821138211382114,0.11548556430446194,0.14925373134328357,0.15598885793871867,0.2145922746781116,0.1702127659574468,0.14492753623188406,0.21311475409836064,0.13688212927756654,0.1111111111111111,0.1752988047808765,0.16699801192842942,0.20532319391634982,0.18548387096774194,0.20491803278688525,0.2084942084942085,0.1693548387096774,0.20567375886524822,0.14482758620689656,0.15300546448087432,0.1693548387096774,0.2465753424657534,0.224,0.12106537530266344,0.19469026548672566,0.22429906542056074,0.29107981220657275,0.07804878048780488,0.1892744479495268,0.19718309859154928,0.17391304347826086,0.16153846153846155,0.21052631578947367,0.21739130434782608,0.1440677966101695,0.21875,0.21660649819494585,0.14225941422594143,0.25380710659898476,0.1589958158995816,0.19433198380566802,0.2084942084942085,0.2268041237113402,0.1908713692946058,0.2014388489208633,0.1388888888888889,0.20242914979757085,0.16216216216216217,0.17266187050359713,0.20600858369098712,0.21561338289962825,0.199288256227758,0.2490842490842491,0.22813688212927757,0.1487603305785124,0.18326693227091634,0.2033898305084746,0.16153846153846155,0.19402985074626866,0.12779552715654952,0.1862348178137652,0.1292517006802721,0.17872340425531916,0.1440677966101695,0.14022140221402213,0.09322033898305085,0.2222222222222222,0.1503267973856209,0.20353982300884957,0.16736401673640167,0.14760147601476015,0.17712177121771217,0.12355212355212356,0.18421052631578946,0.16901408450704225,0.19123505976095617,0.1511111111111111,0.1619718309859155,0.24734982332155478,0.24691358024691357,0.1271186440677966,0.18565400843881857,0.16877637130801687,0.2096069868995633,0.13953488372093023,0.12749003984063745,0.15503875968992248,0.18796992481203006,0.1444866920152091,0.09523809523809523,0.22040816326530613,0.2397003745318352,0.1925925925925926,0.18796992481203006,0.1875,0.1750841750841751,0.1414141414141414,0.17204301075268819,0.1554054054054054,0.18831168831168832,0.24107142857142858,0.14559386973180077,0.23741007194244604,0.14342629482071714,0.1935483870967742,0.25196850393700787,0.13043478260869565,0.22297297297297297,0.1776061776061776,0.18803418803418803,0.36363636363636365,0.15748031496062992,0.22510822510822512,0.1684981684981685,0.17391304347826086,0.18685121107266436,0.2809364548494983,0.20149253731343283,1.0,0.17054263565891473,0.16733067729083664,0.22302158273381295,0.16445623342175067,0.1145374449339207,0.15942028985507245,0.1696113074204947,0.14583333333333334,0.16608996539792387,0.17843866171003717,0.219435736677116,0.1774193548387097,0.1413427561837456,0.16597510373443983,0.14342629482071714,0.15384615384615385,0.1839080459770115,0.12658227848101267,0.19090909090909092,0.14049586776859505,0.14912280701754385,0.12014134275618374,0.16666666666666666,0.15498154981549817,0.2222222222222222,0.2323943661971831,0.25101214574898784,0.14728682170542637,0.20077220077220076,0.24,0.12949640287769784,0.21212121212121213,0.15141955835962145,0.14049586776859505,0.19933554817275748,0.20069204152249134,0.19753086419753085,0.1935483870967742,0.22608695652173913,0.28771929824561404,0.16842105263157894,0.15120274914089346,0.18315018315018314,0.20535714285714285,0.25365853658536586
24978538,0.13138686131386862,0.21606648199445982,0.07602339181286549,0.04895104895104895,0.10198300283286119,0.23118279569892472,0.16875,0.11343283582089553,0.2961165048543689,0.1497005988023952,0.07142857142857142,0.09742120343839542,0.056782334384858045,0.11464968152866242,0.14705882352941177,0.22357723577235772,0.0967741935483871,0.14328358208955225,0.07523510971786834,0.05970149253731343,0.21971830985915494,0.1751412429378531,0.14893617021276595,0.2422680412371134,0.18546365914786966,0.17098445595854922,0.1945031712473573,0.3341288782816229,0.24552429667519182,0.17174515235457063,0.19718309859154928,0.2375296912114014,0.13157894736842105,0.2383177570093458,0.2198952879581152,0.12121212121212122,0.18282548476454294,0.17174515235457063,0.08849557522123894,0.0979020979020979,0.21787709497206703,0.10152284263959391,0.15789473684210525,0.18888888888888888,0.06060606060606061,0.11594202898550725,0.16574585635359115,0.2457831325301205,0.13649851632047477,0.11411411411411411,0.17159763313609466,0.22950819672131148,0.2192513368983957,0.23857868020304568,0.19642857142857142,0.17158176943699732,0.13496932515337423,0.23466666666666666,0.11372549019607843,0.09696969696969697,0.19262295081967212,0.20441988950276244,0.15934065934065933,0.19753086419753085,0.15013404825737264,0.18877551020408162,0.11003236245954692,0.21052631578947367,0.0981012658227848,0.21428571428571427,0.1909814323607427,0.17158176943699732,0.15979381443298968,0.1962864721485411,0.29683698296836986,0.12410501193317422,0.19797979797979798,0.2440318302387268,0.1839080459770115,0.20052770448548812,0.15498154981549817,0.18028169014084508,0.21574344023323616,0.22807017543859648,0.09580838323353294,0.24663677130044842,0.18128654970760233,0.1130952380952381,0.1953727506426735,0.17366946778711484,0.15041782729805014,0.1095890410958904,0.23896103896103896,0.1724137931034483,0.20652173913043478,0.147239263803681,0.2554347826086957,0.19680851063829788,0.17525773195876287,0.3238095238095238,0.17297297297297298,0.26044226044226043,0.15072463768115943,0.23404255319148937,0.16494845360824742,0.25552825552825553,0.14917127071823205,0.2814070351758794,0.28780487804878047,0.18407960199004975,0.2755102040816326,0.15633423180592992,0.1736842105263158,0.16986301369863013,0.17994858611825193,0.17632241813602015,0.26244343891402716,0.16489361702127658,0.22695035460992907,0.17582417582417584,0.16986301369863013,0.24,0.10410958904109589,0.15538847117794485,0.23908045977011494,0.15774647887323945,0.16304347826086957,0.215,0.195,0.25773195876288657,0.14565826330532214,0.19854721549636803,0.19473684210526315,0.14124293785310735,0.2469733656174334,0.2669902912621359,0.21505376344086022,0.16986301369863013,0.1912568306010929,0.14754098360655737,0.12290502793296089,0.20155038759689922,0.14736842105263157,0.17571059431524547,0.21265822784810126,0.2193877551020408,0.22572178477690288,0.1925133689839572,0.20707070707070707,0.21052631578947367,0.20253164556962025,0.16103896103896104,0.27699530516431925,0.12232415902140673,0.23529411764705882,0.28705882352941176,0.2929061784897025,0.16997167138810199,0.1641025641025641,0.24078624078624078,0.1,0.24509803921568626,0.1618798955613577,0.2716049382716049,0.2211764705882353,0.21649484536082475,0.1928374655647383,0.14249363867684478,0.2193211488250653,0.22777777777777777,0.18407960199004975,0.2074074074074074,0.27751196172248804,0.2850467289719626,0.14609571788413098,0.17054263565891473,1.0,0.21052631578947367,0.21621621621621623,0.2845849802371542,0.10112359550561797,0.21728395061728395,0.25728155339805825,0.2637889688249401,0.23444976076555024,0.19597989949748743,0.29910714285714285,0.2546419098143236,0.1796116504854369,0.1891891891891892,0.13157894736842105,0.14325068870523416,0.2,0.12568306010928962,0.17765042979942694,0.14016172506738545,0.13445378151260504,0.17475728155339806,0.2271604938271605,0.245,0.2782152230971129,0.20823244552058112,0.19148936170212766,0.23772609819121446,0.2268041237113402,0.22163588390501318,0.23587223587223588,0.15267175572519084,0.3094170403587444,0.23180592991913745,0.2744186046511628,0.28708133971291866,0.23655913978494625,0.09523809523809523,0.20612813370473537,0.1497584541062802,0.2560386473429952,0.24761904761904763,0.24875621890547264,0.19830028328611898,0.16167664670658682
25022668,0.16727272727272727,0.18666666666666668,0.07766990291262135,0.10666666666666667,0.17511520737327188,0.2542372881355932,0.18478260869565216,0.1507537688442211,0.26811594202898553,0.1919191919191919,0.10465116279069768,0.11267605633802817,0.09944751381215469,0.1797752808988764,0.16911764705882354,0.20224719101123595,0.14093959731543623,0.1407035175879397,0.09836065573770492,0.10050251256281408,0.273972602739726,0.24770642201834864,0.18333333333333332,0.1984126984126984,0.24334600760456274,0.192,0.20178041543026706,0.26148409893992935,0.26666666666666666,0.20444444444444446,0.2648401826484018,0.28771929824561404,0.18032786885245902,0.22602739726027396,0.22764227642276422,0.20618556701030927,0.2311111111111111,0.2311111111111111,0.10837438423645321,0.06143344709897611,0.22522522522522523,0.12403100775193798,0.14754098360655737,0.26785714285714285,0.037267080745341616,0.15311004784688995,0.23008849557522124,0.24372759856630824,0.21890547263681592,0.18274111675126903,0.21782178217821782,0.23478260869565218,0.2857142857142857,0.21705426356589147,0.19,0.18565400843881857,0.23157894736842105,0.28451882845188287,0.0748663101604278,0.18556701030927836,0.20454545454545456,0.26548672566371684,0.20175438596491227,0.17100371747211895,0.16033755274261605,0.2578125,0.18497109826589594,0.2459016393442623,0.0846774193548387,0.2421875,0.2572614107883817,0.25316455696202533,0.1984126984126984,0.2987551867219917,0.2690909090909091,0.14840989399293286,0.19498607242339833,0.23236514522821577,0.1792452830188679,0.2716049382716049,0.1330049261083744,0.2465753424657534,0.27053140096618356,0.2621359223300971,0.1111111111111111,0.2645161290322581,0.2621359223300971,0.16,0.22924901185770752,0.2081447963800905,0.2242152466367713,0.16593886462882096,0.2570281124497992,0.22962962962962963,0.2672413793103448,0.22105263157894736,0.2672413793103448,0.24166666666666667,0.21428571428571427,0.29577464788732394,0.23931623931623933,0.1992619926199262,0.2679425837320574,0.3333333333333333,0.20634920634920634,0.28044280442804426,0.23893805309734514,0.2748091603053435,0.26277372262773724,0.24060150375939848,0.2265625,0.23829787234042554,0.21311475409836064,0.2096069868995633,0.31620553359683795,0.2222222222222222,0.32679738562091504,0.25833333333333336,0.18118466898954705,0.2543859649122807,0.27074235807860264,0.2196969696969697,0.18340611353711792,0.20532319391634982,0.22073578595317725,0.2557077625570776,0.22413793103448276,0.25,0.23484848484848486,0.2857142857142857,0.22624434389140272,0.22382671480144403,0.23770491803278687,0.22935779816513763,0.24548736462093862,0.2463768115942029,0.2711864406779661,0.314410480349345,0.2608695652173913,0.20869565217391303,0.17117117117117117,0.27091633466135456,0.26229508196721313,0.2151394422310757,0.277992277992278,0.34375,0.17142857142857143,0.25210084033613445,0.24615384615384617,0.22813688212927757,0.20077220077220076,0.24899598393574296,0.23448275862068965,0.2094240837696335,0.29411764705882354,0.2491349480968858,0.23255813953488372,0.22119815668202766,0.2440944881889764,0.23616236162361623,0.16393442622950818,0.25735294117647056,0.145748987854251,0.20074349442379183,0.22145328719723184,0.29365079365079366,0.27312775330396477,0.20233463035019456,0.21862348178137653,0.30357142857142855,0.2631578947368421,0.29739776951672864,0.24822695035460993,0.22602739726027396,0.14559386973180077,0.16733067729083664,0.21052631578947367,1.0,0.24354243542435425,0.23783783783783785,0.2727272727272727,0.2825278810408922,0.30434782608695654,0.2206405693950178,0.2553191489361702,0.21374045801526717,0.22435897435897437,0.29045643153526973,0.21739130434782608,0.17094017094017094,0.2540983606557377,0.2290748898678414,0.2047244094488189,0.20869565217391303,0.20657276995305165,0.2297872340425532,0.13574660633484162,0.18840579710144928,0.2825278810408922,0.25757575757575757,0.21224489795918366,0.2888086642599278,0.19166666666666668,0.3665338645418327,0.29365079365079366,0.23045267489711935,0.2066420664206642,0.22568093385214008,0.2967741935483871,0.18723404255319148,0.2653061224489796,0.2695035460992908,0.2542372881355932,0.1564245810055866,0.28699551569506726,0.16546762589928057,0.26618705035971224,0.2676056338028169,0.2706766917293233,0.2304147465437788,0.18181818181818182
25102847,0.2119205298013245,0.2777777777777778,0.07725321888412018,0.0903954802259887,0.3524590163934426,0.2737642585551331,0.15165876777251186,0.1504424778761062,0.297029702970297,0.1688888888888889,0.11055276381909548,0.14166666666666666,0.0673076923076923,0.0975609756097561,0.1939799331103679,0.20365535248041775,0.19076923076923077,0.11504424778761062,0.08571428571428572,0.08849557522123894,0.1951219512195122,0.23673469387755103,0.20224719101123595,0.3010752688172043,0.18620689655172415,0.18772563176895307,0.18681318681318682,0.27741935483870966,0.2553191489361702,0.15079365079365079,0.21138211382113822,0.22435897435897437,0.2656826568265683,0.2946708463949843,0.41025641025641024,0.13574660633484162,0.20634920634920634,0.1984126984126984,0.10434782608695652,0.1,0.1686746987951807,0.10526315789473684,0.14022140221402213,0.23107569721115537,0.13829787234042554,0.2542372881355932,0.22134387351778656,0.2679738562091503,0.21052631578947367,0.14285714285714285,0.16593886462882096,0.2490272373540856,0.2339622641509434,0.19649122807017544,0.19383259911894274,0.2878787878787879,0.15668202764976957,0.19548872180451127,0.10473815461346633,0.19004524886877827,0.22691292875989447,0.30039525691699603,0.17254901960784313,0.27702702702702703,0.19696969696969696,0.18374558303886926,0.1,0.25092250922509224,0.10325047801147227,0.24028268551236748,0.22388059701492538,0.1893939393939394,0.27956989247311825,0.2462686567164179,0.25165562913907286,0.17419354838709677,0.21243523316062177,0.16417910447761194,0.18410041841004185,0.18518518518518517,0.12471131639722864,0.21951219512195122,0.20512820512820512,0.2832618025751073,0.09777777777777778,0.2551928783382789,0.2575107296137339,0.16740088105726872,0.32857142857142857,0.20161290322580644,0.184,0.1875,0.36231884057971014,0.32323232323232326,0.19305019305019305,0.2764976958525346,0.20077220077220076,0.24719101123595505,0.5663082437275986,0.37942122186495175,0.22988505747126436,0.22818791946308725,0.2033898305084746,0.2846441947565543,0.1935483870967742,0.2483221476510067,0.22134387351778656,0.3044982698961938,0.27906976744186046,0.22525597269624573,0.1978798586572438,0.1984732824427481,0.2730627306273063,0.21875,0.22857142857142856,0.2777777777777778,0.2222222222222222,0.3146067415730337,0.18471337579617833,0.27450980392156865,0.203125,0.18556701030927836,0.1171875,0.2206896551724138,0.17177914110429449,0.22764227642276422,0.20077220077220076,0.19243986254295534,0.2542955326460481,0.2222222222222222,0.18548387096774194,0.20394736842105263,0.24354243542435425,0.22857142857142856,0.3026315789473684,0.27722772277227725,0.3269961977186312,0.1875,0.28793774319066145,0.31906614785992216,0.27309236947791166,0.22302158273381295,0.1918819188191882,0.31654676258992803,0.25874125874125875,0.254416961130742,0.125,0.2792452830188679,0.313588850174216,0.2482758620689655,0.23076923076923078,0.2028985507246377,0.35962145110410093,0.1651376146788991,0.25418060200668896,0.22784810126582278,0.27439024390243905,0.18032786885245902,0.1708185053380783,0.2751677852348993,0.11808118081180811,0.27424749163879597,0.1386861313868613,0.16216216216216217,0.25949367088607594,0.2222222222222222,0.2125984251968504,0.2887323943661972,0.18248175182481752,0.2868525896414343,0.2525597269624573,0.22297297297297297,0.2588996763754045,0.28213166144200624,0.2013888888888889,0.22302158273381295,0.21621621621621623,0.24354243542435425,1.0,0.28211586901763225,0.1214574898785425,0.31756756756756754,0.2706270627062706,0.24675324675324675,0.21359223300970873,0.20069204152249134,0.6489675516224189,0.208955223880597,0.21782178217821782,0.25287356321839083,0.1992619926199262,0.2204724409448819,0.23487544483985764,0.3424124513618677,0.25833333333333336,0.25190839694656486,0.13709677419354838,0.1848184818481848,0.21621621621621623,0.24054982817869416,0.21323529411764705,0.3026315789473684,0.1797752808988764,0.2733812949640288,0.2724014336917563,0.2518518518518518,0.16778523489932887,0.22535211267605634,0.2551928783382789,0.16030534351145037,0.26791277258566976,0.3300970873786408,0.22813688212927757,0.1553398058252427,0.216,0.19672131147540983,0.26229508196721313,0.17363344051446947,0.26621160409556316,0.2540983606557377,0.13333333333333333
25124816,0.20947630922693267,0.19373219373219372,0.06626506024096386,0.06521739130434782,0.19825072886297376,0.22099447513812154,0.15483870967741936,0.11076923076923077,0.34328358208955223,0.12345679012345678,0.10738255033557047,0.11799410029498525,0.0781758957654723,0.09210526315789473,0.18090452261306533,0.1950207468879668,0.16037735849056603,0.1476923076923077,0.09061488673139159,0.08,0.17971014492753623,0.16279069767441862,0.17486338797814208,0.2275132275132275,0.17994858611825193,0.16489361702127658,0.16846652267818574,0.2591687041564792,0.2204724409448819,0.18233618233618235,0.17391304347826086,0.2725060827250608,0.1891891891891892,0.2679425837320574,0.22043010752688172,0.1375,0.16524216524216523,0.17094017094017094,0.0729483282674772,0.08591885441527446,0.1724137931034483,0.109375,0.13513513513513514,0.17142857142857143,0.09059233449477352,0.191044776119403,0.24431818181818182,0.3160493827160494,0.1834862385321101,0.11145510835913312,0.14634146341463414,0.19662921348314608,0.19230769230769232,0.25,0.1656441717791411,0.23140495867768596,0.12025316455696203,0.20273972602739726,0.116,0.125,0.24686192468619247,0.2215909090909091,0.15819209039548024,0.2430379746835443,0.15977961432506887,0.24083769633507854,0.09364548494983277,0.20540540540540542,0.11254019292604502,0.25654450261780104,0.1907356948228883,0.15977961432506887,0.21693121693121692,0.2125340599455041,0.23940149625935161,0.15158924205378974,0.23917525773195877,0.1907356948228883,0.17751479289940827,0.1951219512195122,0.15037593984962405,0.22608695652173913,0.1921921921921922,0.1927710843373494,0.08024691358024691,0.3623853211009174,0.18674698795180722,0.13496932515337423,0.24802110817941952,0.2017291066282421,0.20057306590257878,0.1352112676056338,0.24,0.23232323232323232,0.2122905027932961,0.16455696202531644,0.2122905027932961,0.23497267759562843,0.25925925925925924,0.28780487804878047,0.17777777777777778,0.181360201511335,0.17313432835820897,0.28415300546448086,0.17989417989417988,0.25692695214105793,0.2215909090909091,0.23711340206185566,0.28,0.22448979591836735,0.20418848167539266,0.1994459833795014,0.25405405405405407,0.19718309859154928,0.19525065963060687,0.2222222222222222,0.2916666666666667,0.3005464480874317,0.22276029055690072,0.24293785310734464,0.17464788732394365,0.19487179487179487,0.1295774647887324,0.17480719794344474,0.23529411764705882,0.19710144927536233,0.18435754189944134,0.2153846153846154,0.2,0.2222222222222222,0.1729106628242075,0.2977667493796526,0.20540540540540542,0.18604651162790697,0.23325062034739455,0.26865671641791045,0.23204419889502761,0.19718309859154928,0.19662921348314608,0.2303370786516854,0.21264367816091953,0.22811671087533156,0.1945945945945946,0.259946949602122,0.2597402597402597,0.2670157068062827,0.20485175202156333,0.21978021978021978,0.24870466321243523,0.26735218508997427,0.23896103896103896,0.21333333333333335,0.3317307692307692,0.13249211356466878,0.23618090452261306,0.40963855421686746,0.2576112412177986,0.15743440233236153,0.2,0.2619647355163728,0.15135135135135136,0.2663316582914573,0.13941018766756033,0.28354430379746837,0.25542168674698795,0.25396825396825395,0.2096317280453258,0.20365535248041775,0.1876675603217158,0.26285714285714284,0.23469387755102042,0.2481012658227848,0.2696078431372549,0.24880382775119617,0.13953488372093023,0.16445623342175067,0.2845849802371542,0.23783783783783785,0.28211586901763225,1.0,0.14450867052023122,0.28860759493670884,0.30845771144278605,0.3046683046683047,0.2549019607843137,0.24742268041237114,0.2968036529680365,0.22888283378746593,0.24875621890547264,0.22777777777777777,0.20540540540540542,0.16997167138810199,0.3,0.2303370786516854,0.16519174041297935,0.1883656509695291,0.15561959654178675,0.21393034825870647,0.29873417721518986,0.3076923076923077,0.215633423180593,0.25806451612903225,0.18032786885245902,0.23872679045092837,0.2328042328042328,0.22764227642276422,0.327455919395466,0.21409921671018275,0.30275229357798167,0.21052631578947367,0.2619047619047619,0.27941176470588236,0.20994475138121546,0.10491803278688525,0.1833810888252149,0.15841584158415842,0.26732673267326734,0.2780487804878049,0.29081632653061223,0.21574344023323616,0.12345679012345678
25126798,0.12749003984063745,0.13930348258706468,0.06593406593406594,0.09523809523809523,0.16580310880829016,0.12264150943396226,0.1625,0.11428571428571428,0.1746031746031746,0.09195402298850575,0.12162162162162163,0.09523809523809523,0.11464968152866242,0.1038961038961039,0.10483870967741936,0.09036144578313253,0.08759124087591241,0.14857142857142858,0.11320754716981132,0.09142857142857143,0.11282051282051282,0.12371134020618557,0.14814814814814814,0.20175438596491227,0.14225941422594143,0.1504424778761062,0.09584664536741214,0.138996138996139,0.12987012987012986,0.1691542288557214,0.14358974358974358,0.1839080459770115,0.17272727272727273,0.1417910447761194,0.10810810810810811,0.17647058823529413,0.08955223880597014,0.13930348258706468,0.0670391061452514,0.04460966542750929,0.10101010101010101,0.1111111111111111,0.08181818181818182,0.11,0.014598540145985401,0.11891891891891893,0.16831683168316833,0.14901960784313725,0.14689265536723164,0.13872832369942195,0.16853932584269662,0.10679611650485436,0.12149532710280374,0.1794871794871795,0.11363636363636363,0.14084507042253522,0.1927710843373494,0.13953488372093023,0.06857142857142857,0.17647058823529413,0.11585365853658537,0.16831683168316833,0.14705882352941177,0.17959183673469387,0.09389671361502347,0.25,0.1342281879194631,0.11818181818181818,0.07203389830508475,0.1896551724137931,0.11981566820276497,0.13145539906103287,0.15789473684210525,0.1382488479262673,0.11952191235059761,0.10810810810810811,0.11343283582089553,0.14746543778801843,0.11702127659574468,0.1735159817351598,0.11518324607329843,0.1641025641025641,0.09836065573770492,0.10989010989010989,0.11494252873563218,0.1888111888111888,0.26373626373626374,0.17045454545454544,0.1222707423580786,0.1218274111675127,0.16080402010050251,0.11707317073170732,0.12444444444444444,0.16260162601626016,0.20192307692307693,0.13253012048192772,0.17307692307692307,0.16666666666666666,0.12280701754385964,0.17692307692307693,0.14285714285714285,0.15384615384615385,0.1837837837837838,0.14814814814814814,0.19298245614035087,0.1862348178137652,0.1782178217821782,0.12605042016806722,0.16,0.18181818181818182,0.16379310344827586,0.1895734597156398,0.14545454545454545,0.13658536585365855,0.16593886462882096,0.1940928270042194,0.19148936170212766,0.1574074074074074,0.19011406844106463,0.11764705882352941,0.11707317073170732,0.15833333333333333,0.1951219512195122,0.100418410041841,0.15272727272727274,0.19487179487179487,0.15384615384615385,0.19166666666666668,0.13333333333333333,0.14035087719298245,0.19289340101522842,0.20553359683794467,0.13636363636363635,0.12371134020618557,0.1422924901185771,0.09523809523809523,0.12264150943396226,0.17560975609756097,0.14563106796116504,0.14563106796116504,0.1414141414141414,0.19383259911894274,0.2545454545454545,0.14977973568281938,0.1702127659574468,0.1724137931034483,0.16289592760180996,0.14953271028037382,0.1440677966101695,0.13389121338912133,0.16170212765957448,0.2222222222222222,0.13533834586466165,0.16766467065868262,0.1693548387096774,0.17358490566037735,0.1588447653429603,0.19689119170984457,0.21739130434782608,0.17813765182186234,0.2,0.14516129032258066,0.08071748878923767,0.17959183673469387,0.1509433962264151,0.19298245614035087,0.18719211822660098,0.1630901287553648,0.15246636771300448,0.12,0.2066115702479339,0.17142857142857143,0.17054263565891473,0.14925373134328357,0.11814345991561181,0.1145374449339207,0.10112359550561797,0.2727272727272727,0.1214574898785425,0.14450867052023122,1.0,0.1469387755102041,0.23015873015873015,0.16342412451361868,0.18604651162790697,0.18487394957983194,0.13194444444444445,0.16589861751152074,0.23015873015873015,0.12380952380952381,0.2,0.13793103448275862,0.13043478260869565,0.18446601941747573,0.12698412698412698,0.18009478672985782,0.15228426395939088,0.18253968253968253,0.18775510204081633,0.15833333333333333,0.14479638009049775,0.16600790513833993,0.14814814814814814,0.18502202643171806,0.10526315789473684,0.1552511415525114,0.19433198380566802,0.2145922746781116,0.16083916083916083,0.21800947867298578,0.2222222222222222,0.2248062015503876,0.16037735849056603,0.12903225806451613,0.1306532663316583,0.16535433070866143,0.11023622047244094,0.15384615384615385,0.1487603305785124,0.13471502590673576,0.11494252873563218
25167777,0.19333333333333333,0.248,0.07792207792207792,0.10285714285714286,0.23140495867768596,0.23754789272030652,0.18181818181818182,0.13392857142857142,0.2724252491694352,0.09865470852017937,0.1116751269035533,0.09243697478991597,0.06796116504854369,0.07881773399014778,0.15488215488215487,0.15748031496062992,0.13003095975232198,0.09821428571428571,0.08653846153846154,0.07142857142857142,0.1885245901639344,0.1646090534979424,0.19622641509433963,0.23826714801444043,0.18055555555555555,0.1890909090909091,0.13259668508287292,0.21428571428571427,0.2785714285714286,0.152,0.22950819672131148,0.23870967741935484,0.21561338289962825,0.35962145110410093,0.2656826568265683,0.1278538812785388,0.16,0.176,0.03508771929824561,0.0440251572327044,0.20242914979757085,0.0636042402826855,0.09665427509293681,0.21686746987951808,0.06451612903225806,0.1452991452991453,0.2549800796812749,0.3092105263157895,0.23893805309734514,0.12612612612612611,0.1762114537444934,0.19607843137254902,0.19011406844106463,0.1696113074204947,0.27555555555555555,0.19083969465648856,0.12093023255813953,0.1893939393939394,0.05012531328320802,0.228310502283105,0.15384615384615385,0.27091633466135456,0.17391304347826086,0.19727891156462585,0.19083969465648856,0.18505338078291814,0.09090909090909091,0.26765799256505574,0.08829174664107485,0.17793594306049823,0.19548872180451127,0.17557251908396945,0.23826714801444043,0.24060150375939848,0.24,0.12337662337662338,0.140625,0.12781954887218044,0.20253164556962025,0.14925373134328357,0.08352668213457076,0.21311475409836064,0.21551724137931033,0.19047619047619047,0.053811659192825115,0.23880597014925373,0.24242424242424243,0.18666666666666668,0.2302158273381295,0.21138211382113822,0.1935483870967742,0.15748031496062992,0.291970802919708,0.2847457627118644,0.20233463035019456,0.22325581395348837,0.17120622568093385,0.37735849056603776,0.2815884476534296,0.2588996763754045,0.23938223938223938,0.20270270270270271,0.20512820512820512,0.28679245283018867,0.24548736462093862,0.25675675675675674,0.2788844621513944,0.26480836236933797,0.2408026755852843,0.1718213058419244,0.17793594306049823,0.23846153846153847,0.29739776951672864,0.2047244094488189,0.30935251798561153,0.23076923076923078,0.24773413897280966,0.2792452830188679,0.16666666666666666,0.30039525691699603,0.2283464566929134,0.18685121107266436,0.10236220472440945,0.1875,0.17901234567901234,0.1885245901639344,0.22568093385214008,0.18685121107266436,0.23529411764705882,0.22382671480144403,0.13821138211382114,0.17218543046357615,0.24535315985130113,0.205761316872428,0.23178807947019867,0.2591362126245847,0.2835249042145594,0.2204724409448819,0.23529411764705882,0.24313725490196078,0.1862348178137652,0.2608695652173913,0.23048327137546468,0.2536231884057971,0.2887323943661972,0.2704626334519573,0.14074074074074075,0.22813688212927757,0.2807017543859649,0.2222222222222222,0.2535211267605634,0.17518248175182483,0.25396825396825395,0.1111111111111111,0.37037037037037035,0.2356687898089172,0.2392638036809816,0.19834710743801653,0.1935483870967742,0.24324324324324326,0.11895910780669144,0.2962962962962963,0.09558823529411764,0.19727891156462585,0.19745222929936307,0.18772563176895307,0.2698412698412698,0.2198581560283688,0.15441176470588236,0.28112449799196787,0.19931271477663232,0.19727891156462585,0.2280130293159609,0.21451104100946372,0.11188811188811189,0.15942028985507245,0.21728395061728395,0.2825278810408922,0.31756756756756754,0.28860759493670884,0.1469387755102041,1.0,0.26578073089701,0.2549019607843137,0.22149837133550487,0.1951219512195122,0.3026706231454006,0.18045112781954886,0.21926910299003322,0.2548262548262548,0.17100371747211895,0.23809523809523808,0.33691756272401435,0.24313725490196078,0.21008403361344538,0.2692307692307692,0.06504065040650407,0.12624584717607973,0.21768707482993196,0.23529411764705882,0.25925925925925924,0.2913907284768212,0.18867924528301888,0.26811594202898553,0.23826714801444043,0.2537313432835821,0.16216216216216217,0.16312056737588654,0.3522388059701492,0.18461538461538463,0.23824451410658307,0.247557003257329,0.19923371647509577,0.12745098039215685,0.18548387096774194,0.15181518151815182,0.264026402640264,0.13592233009708737,0.32989690721649484,0.2644628099173554,0.09865470852017937
25195352,0.16938110749185667,0.20233463035019456,0.08403361344537816,0.08791208791208792,0.2248995983935743,0.2462686567164179,0.1574074074074074,0.15584415584415584,0.2662337662337662,0.14782608695652175,0.08823529411764706,0.1306122448979592,0.11267605633802817,0.11428571428571428,0.19736842105263158,0.20103092783505155,0.18181818181818182,0.1645021645021645,0.11162790697674418,0.09523809523809523,0.199203187250996,0.2,0.20588235294117646,0.24647887323943662,0.2305084745762712,0.1702127659574468,0.2005420054200542,0.3111111111111111,0.22996515679442509,0.22568093385214008,0.2549800796812749,0.277602523659306,0.2028985507246377,0.24691358024691357,0.22302158273381295,0.18584070796460178,0.20233463035019456,0.21011673151750973,0.0851063829787234,0.07384615384615385,0.2125984251968504,0.13793103448275862,0.16666666666666666,0.2265625,0.07253886010362694,0.2074688796680498,0.2248062015503876,0.2379421221864952,0.2145922746781116,0.1572052401746725,0.1794871794871795,0.20610687022900764,0.2222222222222222,0.2482758620689655,0.2413793103448276,0.26022304832713755,0.17117117117117117,0.2656826568265683,0.10837438423645321,0.1592920353982301,0.23958333333333334,0.23255813953488372,0.18461538461538463,0.23920265780730898,0.16356877323420074,0.2708333333333333,0.12682926829268293,0.2536231884057971,0.11742424242424243,0.2847222222222222,0.21978021978021978,0.21561338289962825,0.21830985915492956,0.24175824175824176,0.28664495114006516,0.17142857142857143,0.23017902813299232,0.21245421245421245,0.20491803278688525,0.23272727272727273,0.1506849315068493,0.23107569721115537,0.24267782426778242,0.2605042016806723,0.11304347826086956,0.30994152046783624,0.3025210084033613,0.16379310344827586,0.24561403508771928,0.20553359683794467,0.21176470588235294,0.19923371647509577,0.23487544483985764,0.25165562913907286,0.25,0.16216216216216217,0.2878787878787879,0.27941176470588236,0.2676056338028169,0.3037974683544304,0.21804511278195488,0.20462046204620463,0.23236514522821577,0.2647058823529412,0.20422535211267606,0.264026402640264,0.21705426356589147,0.25170068027210885,0.2679738562091503,0.22818791946308725,0.2569444444444444,0.20973782771535582,0.2826086956521739,0.21455938697318008,0.25263157894736843,0.23208191126279865,0.26627218934911245,0.2647058823529412,0.21316614420062696,0.2153846153846154,0.24521072796934865,0.2635135135135135,0.16091954022988506,0.2033898305084746,0.229607250755287,0.2151394422310757,0.2196969696969697,0.24324324324324326,0.22972972972972974,0.2746478873239437,0.20553359683794467,0.2783171521035599,0.2246376811594203,0.272,0.2912621359223301,0.2922077922077922,0.2462686567164179,0.22988505747126436,0.24427480916030533,0.2366412213740458,0.2204724409448819,0.26148409893992935,0.2318840579710145,0.303886925795053,0.26804123711340205,0.2569444444444444,0.19494584837545126,0.22962962962962963,0.2671232876712329,0.2711864406779661,0.24054982817869416,0.2277580071174377,0.3105590062111801,0.16143497757847533,0.2565789473684211,0.5856697819314641,0.24024024024024024,0.1686746987951807,0.25874125874125875,0.297029702970297,0.17391304347826086,0.2565789473684211,0.16487455197132617,0.23255813953488372,0.27414330218068533,0.2676056338028169,0.23166023166023167,0.22145328719723184,0.24372759856630824,0.2734375,0.2483221476510067,0.3122923588039867,0.24203821656050956,0.25925925925925924,0.14334470989761092,0.1696113074204947,0.25728155339805825,0.30434782608695654,0.2706270627062706,0.30845771144278605,0.23015873015873015,0.26578073089701,1.0,0.25559105431309903,0.2611464968152866,0.2585034013605442,0.2616279069767442,0.315018315018315,0.23376623376623376,0.2706766917293233,0.2536231884057971,0.20077220077220076,0.25874125874125875,0.24427480916030533,0.21224489795918366,0.20973782771535582,0.18972332015810275,0.22727272727272727,0.4850498338870432,0.42567567567567566,0.19494584837545126,0.23948220064724918,0.18382352941176472,0.26855123674911663,0.2535211267605634,0.23272727272727273,0.24422442244224424,0.23529411764705882,0.2631578947368421,0.1947565543071161,0.3067484662576687,0.31210191082802546,0.2537313432835821,0.13270142180094788,0.22745098039215686,0.1935483870967742,0.23870967741935484,0.22784810126582278,0.30201342281879195,0.3293172690763052,0.1565217391304348
25222038,0.15384615384615385,0.183206106870229,0.04938271604938271,0.06417112299465241,0.18110236220472442,0.1684981684981685,0.16289592760180996,0.1016949152542373,0.36421725239616615,0.0851063829787234,0.10526315789473684,0.064,0.08256880733944955,0.07441860465116279,0.11003236245954692,0.13231552162849872,0.11940298507462686,0.17796610169491525,0.09090909090909091,0.06779661016949153,0.140625,0.1568627450980392,0.1588447653429603,0.3044982698961938,0.16666666666666666,0.1602787456445993,0.12834224598930483,0.2875,0.21232876712328766,0.16793893129770993,0.171875,0.21739130434782608,0.18505338078291814,0.23708206686930092,0.2332155477031802,0.12987012987012986,0.1297709923664122,0.1297709923664122,0.041666666666666664,0.030303030303030304,0.138996138996139,0.09491525423728814,0.06405693950177936,0.17624521072796934,0.010101010101010102,0.12195121951219512,0.34980988593155893,0.33544303797468356,0.23529411764705882,0.1282051282051282,0.17573221757322174,0.14232209737827714,0.15272727272727274,0.2305084745762712,0.16033755274261605,0.1678832116788321,0.12334801762114538,0.3115942028985507,0.072992700729927,0.1645021645021645,0.16452442159383032,0.2737642585551331,0.17358490566037735,0.19607843137254902,0.13138686131386862,0.27303754266211605,0.08571428571428572,0.2206405693950178,0.07879924953095685,0.27986348122866894,0.16546762589928057,0.145985401459854,0.18685121107266436,0.2014388489208633,0.17307692307692307,0.1,0.16666666666666666,0.17985611510791366,0.1285140562248996,0.17142857142857143,0.11286681715575621,0.1796875,0.1557377049180328,0.1728395061728395,0.0851063829787234,0.26512968299711814,0.18930041152263374,0.16033755274261605,0.1793103448275862,0.16279069767441862,0.2076923076923077,0.12781954887218044,0.21678321678321677,0.22149837133550487,0.3420074349442379,0.1762114537444934,0.31226765799256506,0.23826714801444043,0.20069204152249134,0.3115264797507788,0.2066420664206642,0.2597402597402597,0.17886178861788618,0.23826714801444043,0.20761245674740483,0.35714285714285715,0.23574144486692014,0.24749163879598662,0.2829581993569132,0.23102310231023102,0.24573378839590443,0.22794117647058823,0.2918149466192171,0.18796992481203006,0.18620689655172415,0.2348993288590604,0.22740524781341107,0.24548736462093862,0.2654320987654321,0.2037735849056604,0.16541353383458646,0.3122923588039867,0.12781954887218044,0.15333333333333332,0.18452380952380953,0.1875,0.16356877323420074,0.26578073089701,0.19269102990033224,0.3044982698961938,0.13178294573643412,0.2229299363057325,0.18505338078291814,0.1568627450980392,0.19745222929936307,0.17891373801916932,0.23443223443223443,0.22556390977443608,0.21722846441947566,0.1947565543071161,0.138996138996139,0.2361111111111111,0.199288256227758,0.1736111111111111,0.25,0.24573378839590443,0.425531914893617,0.21818181818181817,0.2356902356902357,0.21333333333333335,0.23648648648648649,0.23776223776223776,0.3669724770642202,0.12280701754385964,0.22653721682847897,0.294478527607362,0.2958579881656805,0.1732283464566929,0.1718213058419244,0.2857142857142857,0.1423487544483986,0.23948220064724918,0.06338028169014084,0.30718954248366015,0.2085889570552147,0.23529411764705882,0.1590909090909091,0.17687074829931973,0.18309859154929578,0.23754789272030652,0.264026402640264,0.24836601307189543,0.27586206896551724,0.303951367781155,0.10067114093959731,0.14583333333333334,0.2637889688249401,0.2206405693950178,0.24675324675324675,0.3046683046683047,0.16342412451361868,0.2549019607843137,0.25559105431309903,1.0,0.2507836990595611,0.29431438127090304,0.30945558739255014,0.2949640287769784,0.24281150159744408,0.16236162361623616,0.1708185053380783,0.19696969696969696,0.2268041237113402,0.21722846441947566,0.144,0.22058823529411764,0.10852713178294573,0.17891373801916932,0.27450980392156865,0.292358803986711,0.19148936170212766,0.2356687898089172,0.15162454873646208,0.2222222222222222,0.18685121107266436,0.19285714285714287,0.2662337662337662,0.23809523809523808,0.26512968299711814,0.22794117647058823,0.24169184290030213,0.26959247648902823,0.1978021978021978,0.09259259259259259,0.16153846153846155,0.16507936507936508,0.18412698412698414,0.22429906542056074,0.25742574257425743,0.18110236220472442,0.0851063829787234
25257557,0.16613418530351437,0.17490494296577946,0.09016393442622951,0.07446808510638298,0.17254901960784313,0.23357664233576642,0.17117117117117117,0.16033755274261605,0.3184713375796178,0.15254237288135594,0.17142857142857143,0.13545816733067728,0.1004566210045662,0.12962962962962962,0.17419354838709677,0.17766497461928935,0.11904761904761904,0.23628691983122363,0.09954751131221719,0.09282700421940929,0.17898832684824903,0.1875,0.2014388489208633,0.21379310344827587,0.25249169435215946,0.2222222222222222,0.176,0.2616822429906542,0.23208191126279865,0.22053231939163498,0.2801556420233463,0.29721362229102166,0.18439716312056736,0.20606060606060606,0.19718309859154928,0.16379310344827586,0.19771863117870722,0.22053231939163498,0.0995850622406639,0.07854984894259819,0.16923076923076924,0.14189189189189189,0.14184397163120568,0.19083969465648856,0.09045226130653267,0.16194331983805668,0.20454545454545456,0.25236593059936907,0.20920502092050208,0.1702127659574468,0.18333333333333332,0.1791044776119403,0.21014492753623187,0.31756756756756754,0.17647058823529413,0.1890909090909091,0.15789473684210525,0.2527075812274368,0.08737864077669903,0.1810344827586207,0.21025641025641026,0.20454545454545456,0.18796992481203006,0.24104234527687296,0.20363636363636364,0.30612244897959184,0.13270142180094788,0.19858156028368795,0.11235955056179775,0.3333333333333333,0.1863799283154122,0.19636363636363635,0.19310344827586207,0.24372759856630824,0.24281150159744408,0.1557632398753894,0.20654911838790932,0.25089605734767023,0.192,0.23487544483985764,0.13513513513513514,0.1867704280155642,0.19591836734693877,0.22131147540983606,0.11016949152542373,0.3218390804597701,0.21311475409836064,0.2184873949579832,0.24054982817869416,0.16988416988416988,0.20689655172413793,0.14232209737827714,0.23693379790940766,0.2532467532467532,0.2518518518518518,0.18421052631578946,0.3037037037037037,0.2589928057553957,0.2206896551724138,0.2670807453416149,0.20588235294117646,0.20064724919093851,0.26720647773279355,0.2805755395683453,0.23448275862068965,0.2912621359223301,0.23484848484848486,0.22666666666666666,0.3141025641025641,0.26973684210526316,0.25170068027210885,0.2564102564102564,0.2553191489361702,0.20224719101123595,0.2268041237113402,0.20735785953177258,0.2616279069767442,0.23741007194244604,0.23384615384615384,0.21052631578947367,0.2247191011235955,0.23841059602649006,0.14232209737827714,0.17940199335548174,0.24925816023738873,0.20233463035019456,0.2518518518518518,0.31125827814569534,0.1986754966887417,0.2896551724137931,0.19305019305019305,0.26666666666666666,0.22695035460992907,0.203125,0.2222222222222222,0.2229299363057325,0.2116788321167883,0.2247191011235955,0.19402985074626866,0.208955223880597,0.16923076923076924,0.2560553633217993,0.19148936170212766,0.23529411764705882,0.24242424242424243,0.23129251700680273,0.254416961130742,0.2318840579710145,0.2483221476510067,0.24584717607973422,0.24242424242424243,0.2508710801393728,0.31097560975609756,0.17467248908296942,0.2645161290322581,0.3119266055045872,0.26548672566371684,0.2196078431372549,0.2328767123287671,0.2588996763754045,0.16312056737588654,0.2709677419354839,0.14035087719298245,0.2671009771986971,0.27522935779816515,0.2827586206896552,0.2037735849056604,0.18983050847457628,0.18947368421052632,0.2366412213740458,0.2631578947368421,0.2280130293159609,0.30625,0.2606060606060606,0.1605351170568562,0.16608996539792387,0.23444976076555024,0.2553191489361702,0.21359223300970873,0.2549019607843137,0.18604651162790697,0.22149837133550487,0.2611464968152866,0.2507836990595611,1.0,0.23333333333333334,0.22857142857142856,0.3154121863799283,0.24203821656050956,0.15441176470588236,0.20567375886524822,0.22641509433962265,0.2465753424657534,0.21641791044776118,0.19123505976095617,0.21245421245421245,0.18532818532818532,0.17834394904458598,0.30618892508143325,0.3509933774834437,0.18374558303886926,0.2222222222222222,0.2158273381294964,0.2560553633217993,0.22758620689655173,0.2277580071174377,0.23300970873786409,0.23728813559322035,0.3045977011494253,0.24175824175824176,0.2710843373493976,0.26875,0.29927007299270075,0.11981566820276497,0.29118773946360155,0.189873417721519,0.22151898734177214,0.2360248447204969,0.25,0.23529411764705882,0.1694915254237288
25262965,0.19112627986348124,0.14814814814814814,0.08035714285714286,0.047619047619047616,0.2127659574468085,0.13385826771653545,0.21782178217821782,0.14746543778801843,0.24489795918367346,0.09259259259259259,0.10526315789473684,0.12987012987012986,0.1407035175879397,0.09183673469387756,0.20689655172413793,0.13903743315508021,0.20253164556962025,0.17511520737327188,0.13930348258706468,0.10138248847926268,0.11814345991561181,0.1864406779661017,0.20155038759689922,0.28888888888888886,0.199288256227758,0.19402985074626866,0.14084507042253522,0.2724252491694352,0.18315018315018314,0.19753086419753085,0.17721518987341772,0.19801980198019803,0.183206106870229,0.1870967741935484,0.15151515151515152,0.16037735849056603,0.11522633744855967,0.12345679012345678,0.08144796380090498,0.08360128617363344,0.11666666666666667,0.15942028985507245,0.09923664122137404,0.15702479338842976,0.055865921787709494,0.19383259911894274,0.22131147540983606,0.18855218855218855,0.1917808219178082,0.13023255813953488,0.19090909090909092,0.14516129032258066,0.15625,0.2463768115942029,0.1559633027522936,0.2196078431372549,0.15384615384615385,0.2490272373540856,0.11224489795918367,0.1509433962264151,0.20540540540540542,0.18032786885245902,0.22764227642276422,0.22996515679442509,0.1411764705882353,0.23357664233576642,0.08376963350785341,0.15267175572519084,0.11673151750972763,0.25547445255474455,0.10810810810810811,0.14901960784313725,0.17777777777777778,0.16988416988416988,0.19112627986348124,0.17275747508305647,0.20689655172413793,0.15444015444015444,0.1826086956521739,0.1532567049808429,0.1650943396226415,0.18565400843881857,0.12444444444444444,0.13392857142857142,0.12962962962962962,0.2621951219512195,0.15178571428571427,0.1834862385321101,0.1992619926199262,0.17573221757322174,0.2572614107883817,0.19433198380566802,0.15730337078651685,0.20833333333333334,0.32,0.16346153846153846,0.256,0.2248062015503876,0.21481481481481482,0.271523178807947,0.1984126984126984,0.2491349480968858,0.16740088105726872,0.1937984496124031,0.17777777777777778,0.2768166089965398,0.23770491803278687,0.17857142857142858,0.2328767123287671,0.18309859154929578,0.2773722627737226,0.16600790513833993,0.21374045801526717,0.1862348178137652,0.1992619926199262,0.23655913978494625,0.21604938271604937,0.2713178294573643,0.24918032786885247,0.16260162601626016,0.16194331983805668,0.23404255319148937,0.1700404858299595,0.21352313167259787,0.20189274447949526,0.16033755274261605,0.184,0.24113475177304963,0.19858156028368795,0.24444444444444444,0.14225941422594143,0.26440677966101694,0.16793893129770993,0.211864406779661,0.2305084745762712,0.16326530612244897,0.1732283464566929,0.20242914979757085,0.1532258064516129,0.25,0.23333333333333334,0.18587360594795538,0.21374045801526717,0.20817843866171004,0.18772563176895307,0.24817518248175183,0.2813688212927757,0.171875,0.17266187050359713,0.18505338078291814,0.18772563176895307,0.1947565543071161,0.24025974025974026,0.14354066985645933,0.19310344827586207,0.26058631921824105,0.2507836990595611,0.2127659574468085,0.19117647058823528,0.22145328719723184,0.1984732824427481,0.19310344827586207,0.09811320754716982,0.2857142857142857,0.23452768729641693,0.22962962962962963,0.16326530612244897,0.1890909090909091,0.19622641509433963,0.1652892561983471,0.21830985915492956,0.21602787456445993,0.21333333333333335,0.2838709677419355,0.14336917562724014,0.17843866171003717,0.19597989949748743,0.21374045801526717,0.20069204152249134,0.24742268041237114,0.18487394957983194,0.1951219512195122,0.2585034013605442,0.29431438127090304,0.23333333333333334,1.0,0.2606060606060606,0.2625482625482625,0.2108843537414966,0.20634920634920634,0.25190839694656486,0.16326530612244897,0.19117647058823528,0.24193548387096775,0.19047619047619047,0.1976284584980237,0.1506276150627615,0.23809523809523808,0.26480836236933797,0.2695035460992908,0.17490494296577946,0.18983050847457628,0.21705426356589147,0.20817843866171004,0.16296296296296298,0.24521072796934865,0.2768166089965398,0.22545454545454546,0.20121951219512196,0.23715415019762845,0.23076923076923078,0.22666666666666666,0.2047244094488189,0.1116751269035533,0.15767634854771784,0.17567567567567569,0.14189189189189189,0.17218543046357615,0.18309859154929578,0.2127659574468085,0.12962962962962962
42642645,0.1924198250728863,0.2593856655290102,0.0948905109489051,0.08256880733944955,0.24561403508771928,0.24342105263157895,0.1349206349206349,0.12734082397003746,0.29069767441860467,0.17293233082706766,0.1,0.12811387900355872,0.08032128514056225,0.0975609756097561,0.18823529411764706,0.18396226415094338,0.16393442622950818,0.14232209737827714,0.10358565737051793,0.09737827715355805,0.1672473867595819,0.1958041958041958,0.2012987012987013,0.51875,0.18731117824773413,0.18238993710691823,0.1728395061728395,0.3817663817663818,0.22291021671826625,0.15017064846416384,0.1951219512195122,0.23796033994334279,0.27564102564102566,0.29444444444444445,0.33121019108280253,0.1297709923664122,0.17747440273037543,0.17747440273037543,0.08856088560885608,0.11080332409972299,0.15862068965517243,0.11042944785276074,0.1346153846153846,0.18493150684931506,0.10480349344978165,0.20216606498194944,0.21768707482993196,0.2478386167146974,0.17843866171003717,0.12075471698113208,0.15555555555555556,0.2080536912751678,0.21568627450980393,0.22699386503067484,0.16417910447761194,0.24262295081967214,0.13953488372093023,0.254071661237785,0.11764705882352941,0.16030534351145037,0.23333333333333334,0.24489795918367346,0.17567567567567569,0.4094955489614243,0.18360655737704917,0.19753086419753085,0.08298755186721991,0.21794871794871795,0.1099290780141844,0.24691358024691357,0.1941747572815534,0.18360655737704917,0.26875,0.21359223300970873,0.23323615160349853,0.14814814814814814,0.22482435597189696,0.20064724919093851,0.16428571428571428,0.21864951768488747,0.14767932489451477,0.21602787456445993,0.17454545454545456,0.23357664233576642,0.09774436090225563,0.26455026455026454,0.21897810218978103,0.15671641791044777,0.2803738317757009,0.20761245674740483,0.15807560137457044,0.15488215488215487,0.2902208201892745,0.2781065088757396,0.25333333333333335,0.23255813953488372,0.25333333333333335,0.21428571428571427,0.4,0.5795454545454546,0.2052980132450331,0.35398230088495575,0.18050541516245489,0.24025974025974026,0.1875,0.30678466076696165,0.1836734693877551,0.26666666666666666,0.2807017543859649,0.25748502994011974,0.2839506172839506,0.1848184818481848,0.23717948717948717,0.21548821548821548,0.2118380062305296,0.2796352583586626,0.22994652406417113,0.2597402597402597,0.2647887323943662,0.25675675675675674,0.18181818181818182,0.25903614457831325,0.1414141414141414,0.1933534743202417,0.20708446866485014,0.20905923344947736,0.20666666666666667,0.21686746987951808,0.2289156626506024,0.28125,0.17301038062283736,0.22028985507246376,0.22435897435897437,0.1888111888111888,0.25507246376811593,0.23837209302325582,0.28289473684210525,0.16835016835016836,0.24161073825503357,0.26174496644295303,0.22758620689655173,0.21316614420062696,0.19230769230769232,0.26332288401253917,0.24464831804281345,0.2222222222222222,0.2108626198083067,0.24836601307189543,0.2865853658536585,0.23564954682779457,0.20795107033639143,0.22712933753943218,0.30726256983240224,0.14671814671814673,0.21764705882352942,0.23529411764705882,0.37398373983739835,0.19649122807017544,0.17391304347826086,0.2890855457227139,0.14102564102564102,0.2529411764705882,0.13968253968253969,0.2433234421364985,0.25770308123249297,0.25,0.21694915254237288,0.31384615384615383,0.19047619047619047,0.2534246575342466,0.25149700598802394,0.22551928783382788,0.2742857142857143,0.36666666666666664,0.1762917933130699,0.219435736677116,0.29910714285714285,0.22435897435897437,0.6489675516224189,0.2968036529680365,0.13194444444444445,0.3026706231454006,0.2616279069767442,0.30945558739255014,0.22857142857142856,0.2606060606060606,1.0,0.2588996763754045,0.2558139534883721,0.25165562913907286,0.19230769230769232,0.19661016949152543,0.2236024844720497,0.24161073825503357,0.20640569395017794,0.2376237623762376,0.15916955017301038,0.3313953488372093,0.22551928783382788,0.23493975903614459,0.22364217252396165,0.2782608695652174,0.16233766233766234,0.2445141065830721,0.2375,0.21864951768488747,0.24778761061946902,0.22153846153846155,0.26455026455026454,0.19801980198019803,0.292817679558011,0.3485714285714286,0.2236842105263158,0.12955465587044535,0.20618556701030927,0.2023121387283237,0.26011560693641617,0.19318181818181818,0.23952095808383234,0.21754385964912282,0.15037593984962405
44137675,0.16176470588235295,0.1981981981981982,0.10837438423645321,0.09523809523809523,0.17757009345794392,0.2317596566523605,0.16574585635359115,0.20408163265306123,0.26373626373626374,0.18461538461538463,0.17751479289940827,0.1523809523809524,0.1348314606741573,0.14857142857142858,0.18587360594795538,0.19263456090651557,0.14915254237288136,0.21428571428571427,0.13333333333333333,0.11224489795918367,0.2037037037037037,0.26046511627906976,0.22784810126582278,0.28112449799196787,0.2230769230769231,0.20242914979757085,0.19760479041916168,0.3357142857142857,0.21428571428571427,0.25225225225225223,0.25,0.24113475177304963,0.1908713692946058,0.17301038062283736,0.205761316872428,0.19895287958115182,0.1981981981981982,0.23423423423423423,0.13,0.09655172413793103,0.1735159817351598,0.1568627450980392,0.17427385892116182,0.19004524886877827,0.08860759493670886,0.21359223300970873,0.19730941704035873,0.2246376811594203,0.2222222222222222,0.1958762886597938,0.19095477386934673,0.1762114537444934,0.2297872340425532,0.2980392156862745,0.2233502538071066,0.26495726495726496,0.18181818181818182,0.3644067796610169,0.1078167115902965,0.18848167539267016,0.20630372492836677,0.2062780269058296,0.2311111111111111,0.20300751879699247,0.18803418803418803,0.26877470355731226,0.16470588235294117,0.2074688796680498,0.10141987829614604,0.30039525691699603,0.21008403361344538,0.19658119658119658,0.20080321285140562,0.25210084033613445,0.2647058823529412,0.17142857142857143,0.20786516853932585,0.2605042016806723,0.22009569377990432,0.23333333333333334,0.15384615384615385,0.21296296296296297,0.22549019607843138,0.2561576354679803,0.14358974358974358,0.26058631921824105,0.22660098522167488,0.2233502538071066,0.232,0.21100917431192662,0.21818181818181817,0.20353982300884957,0.21138211382113822,0.1947565543071161,0.35807860262008734,0.20320855614973263,0.8034934497816594,0.21940928270042195,0.2248995983935743,0.30604982206405695,0.21645021645021645,0.26865671641791045,0.2524271844660194,0.270042194092827,0.17670682730923695,0.3283582089552239,0.2062780269058296,0.21621621621621623,0.2656826568265683,0.24334600760456274,0.3241106719367589,0.19827586206896552,0.22406639004149378,0.23008849557522124,0.208,0.24031007751937986,0.22442244224422442,0.2616033755274262,0.22535211267605634,0.2222222222222222,0.23008849557522124,0.3524904214559387,0.1504424778761062,0.2,0.22297297297297297,0.23148148148148148,0.2445414847161572,0.26053639846743293,0.1839080459770115,0.3373493975903614,0.21100917431192662,0.24087591240875914,0.24066390041493776,0.24186046511627907,0.24087591240875914,0.24175824175824176,0.2317596566523605,0.20353982300884957,0.18502202643171806,0.18502202643171806,0.2100456621004566,0.23387096774193547,0.2157676348547718,0.22580645161290322,0.234375,0.22924901185770752,0.32231404958677684,0.2297872340425532,0.24124513618677043,0.25384615384615383,0.2109375,0.24390243902439024,0.2508710801393728,0.22340425531914893,0.21561338289962825,0.2937062937062937,0.28187919463087246,0.22429906542056074,0.23107569721115537,0.2462686567164179,0.15767634854771784,0.2379182156133829,0.1721311475409836,0.3082706766917293,0.26573426573426573,0.2891566265060241,0.21428571428571427,0.2047244094488189,0.2459016393442623,0.26244343891402716,0.24334600760456274,0.24060150375939848,0.25089605734767023,0.3044982698961938,0.15503875968992248,0.1774193548387097,0.2546419098143236,0.29045643153526973,0.208955223880597,0.22888283378746593,0.16589861751152074,0.18045112781954886,0.315018315018315,0.2949640287769784,0.3154121863799283,0.2625482625482625,0.2588996763754045,1.0,0.21978021978021978,0.2077922077922078,0.23236514522821577,0.20535714285714285,0.2151394422310757,0.22026431718061673,0.20952380952380953,0.19827586206896552,0.1926605504587156,0.18315018315018314,0.2932330827067669,0.29118773946360155,0.19008264462809918,0.20437956204379562,0.17721518987341772,0.25,0.24096385542168675,0.21666666666666667,0.27611940298507465,0.2204724409448819,0.254071661237785,0.22413793103448276,0.23367697594501718,0.24372759856630824,0.26609442060085836,0.19318181818181818,0.2545454545454545,0.20363636363636364,0.23272727272727273,0.23487544483985764,0.24334600760456274,0.2616822429906542,0.2153846153846154
44143370,0.18241042345276873,0.2178988326848249,0.08403361344537816,0.07692307692307693,0.20080321285140562,0.15671641791044777,0.17592592592592593,0.12121212121212122,0.2532467532467532,0.11304347826086956,0.12745098039215685,0.08979591836734693,0.08450704225352113,0.09523809523809523,0.13815789473684212,0.10824742268041238,0.12727272727272726,0.1645021645021645,0.09302325581395349,0.06926406926406926,0.10358565737051793,0.152,0.19852941176470587,0.3732394366197183,0.18305084745762712,0.1773049645390071,0.10840108401084012,0.21587301587301588,0.2229965156794425,0.21011673151750973,0.23107569721115537,0.27129337539432175,0.2246376811594203,0.25925925925925924,0.2158273381294964,0.1504424778761062,0.11673151750972763,0.1556420233463035,0.05106382978723404,0.055384615384615386,0.11023622047244094,0.0896551724137931,0.09420289855072464,0.140625,0.031088082901554404,0.13278008298755187,0.24031007751937986,0.22508038585209003,0.1888412017167382,0.13100436681222707,0.1452991452991453,0.1297709923664122,0.16296296296296298,0.27586206896551724,0.19827586206896552,0.20074349442379183,0.17117117117117117,0.1918819188191882,0.06896551724137931,0.1504424778761062,0.171875,0.1937984496124031,0.17692307692307693,0.3521594684385382,0.16356877323420074,0.24305555555555555,0.11707317073170732,0.18115942028985507,0.08712121212121213,0.2569444444444444,0.14652014652014653,0.13382899628252787,0.4507042253521127,0.1684981684981685,0.16938110749185667,0.12698412698412698,0.16879795396419436,0.19047619047619047,0.1721311475409836,0.1890909090909091,0.1141552511415525,0.2549800796812749,0.13389121338912133,0.14285714285714285,0.09565217391304348,0.22807017543859648,0.15966386554621848,0.19827586206896552,0.18947368421052632,0.1976284584980237,0.16470588235294117,0.13793103448275862,0.19217081850533807,0.23178807947019867,0.23484848484848486,0.14414414414414414,0.22727272727272727,0.18382352941176472,0.22535211267605634,0.25316455696202533,0.20300751879699247,0.21122112211221122,0.1825726141078838,0.19117647058823528,0.28169014084507044,0.2376237623762376,0.17829457364341086,0.19047619047619047,0.24183006535947713,0.24161073825503357,0.20833333333333334,0.20224719101123595,0.2318840579710145,0.25287356321839083,0.18947368421052632,0.3412969283276451,0.25443786982248523,0.19852941176470587,0.26332288401253917,0.17692307692307693,0.19157088122605365,0.24324324324324326,0.17624521072796934,0.1423728813559322,0.23564954682779457,0.19123505976095617,0.19696969696969696,0.22972972972972974,0.17567567567567569,0.19718309859154928,0.22134387351778656,0.23300970873786409,0.21014492753623187,0.176,0.20711974110032363,0.16233766233766234,0.21641791044776118,0.1839080459770115,0.1984732824427481,0.19083969465648856,0.1968503937007874,0.21201413427561838,0.3115942028985507,0.21201413427561838,0.2611683848797251,0.19444444444444445,0.17328519855595667,0.2074074074074074,0.2534246575342466,0.25084745762711863,0.24742268041237114,0.26334519572953735,0.2236024844720497,0.13452914798206278,0.21052631578947367,0.26791277258566976,0.25225225225225223,0.17670682730923695,0.1958041958041958,0.25742574257425743,0.1956521739130435,0.21710526315789475,0.1003584229390681,0.21262458471760798,0.21806853582554517,0.24647887323943662,0.23938223938223938,0.22145328719723184,0.17921146953405018,0.234375,0.2684563758389262,0.2591362126245847,0.25477707006369427,0.24074074074074073,0.11604095563139932,0.1413427561837456,0.1796116504854369,0.21739130434782608,0.21782178217821782,0.24875621890547264,0.23015873015873015,0.21926910299003322,0.23376623376623376,0.24281150159744408,0.24203821656050956,0.2108843537414966,0.2558139534883721,0.21978021978021978,1.0,0.21052631578947367,0.1956521739130435,0.18532818532818532,0.1958041958041958,0.19083969465648856,0.18775510204081633,0.21722846441947566,0.1422924901185771,0.18831168831168832,0.2591362126245847,0.22972972972972974,0.18772563176895307,0.22653721682847897,0.18382352941176472,0.18374558303886926,0.1619718309859155,0.22545454545454546,0.27722772277227725,0.22837370242214533,0.22807017543859648,0.24719101123595505,0.27607361963190186,0.27388535031847133,0.20149253731343283,0.13270142180094788,0.1568627450980392,0.17419354838709677,0.1870967741935484,0.1962025316455696,0.2214765100671141,0.17670682730923695,0.11304347826086956
44182295,0.17358490566037735,0.23255813953488372,0.1326530612244898,0.12857142857142856,0.2222222222222222,0.168141592920354,0.16091954022988506,0.21164021164021163,0.18045112781954886,0.14893617021276595,0.08641975308641975,0.13793103448275862,0.11695906432748537,0.10714285714285714,0.21374045801526717,0.13872832369942195,0.1736111111111111,0.12698412698412698,0.15028901734104047,0.09523809523809523,0.12440191387559808,0.21153846153846154,0.22608695652173913,0.256198347107438,0.18181818181818182,0.18333333333333332,0.14067278287461774,0.1978021978021978,0.1469387755102041,0.18604651162790697,0.1722488038277512,0.14545454545454545,0.19658119658119658,0.2198581560283688,0.2033898305084746,0.16304347826086957,0.13023255813953488,0.16744186046511628,0.09326424870466321,0.09187279151943463,0.1792452830188679,0.11290322580645161,0.13675213675213677,0.14953271028037382,0.09271523178807947,0.21105527638190955,0.19444444444444445,0.18587360594795538,0.15706806282722513,0.1497326203208556,0.1875,0.12727272727272726,0.18421052631578946,0.21774193548387097,0.25263157894736843,0.24669603524229075,0.15555555555555556,0.16593886462882096,0.1043956043956044,0.16304347826086957,0.18128654970760233,0.19444444444444445,0.1926605504587156,0.22393822393822393,0.19383259911894274,0.17073170731707318,0.09815950920245399,0.20512820512820512,0.102880658436214,0.17886178861788618,0.12987012987012986,0.15859030837004406,0.24793388429752067,0.1471861471861472,0.18867924528301888,0.16117216117216118,0.1833810888252149,0.15584415584415584,0.2376237623762376,0.12875536480686695,0.12626262626262627,0.37320574162679426,0.19289340101522842,0.16326530612244897,0.10638297872340426,0.19333333333333333,0.16326530612244897,0.17894736842105263,0.2222222222222222,0.5402843601895735,0.1596244131455399,0.2009132420091324,0.18410041841004185,0.2,0.16216216216216217,0.18888888888888888,0.18018018018018017,0.21739130434782608,0.2231404958677686,0.21897810218978103,0.24107142857142858,0.19157088122605365,0.1507537688442211,0.17391304347826086,0.1652892561983471,0.14559386973180077,0.14814814814814814,0.1746031746031746,0.18181818181818182,0.1875,0.1951219512195122,0.14222222222222222,0.20512820512820512,0.3013698630136986,0.1728395061728395,0.23904382470119523,0.13513513513513514,0.21739130434782608,0.18772563176895307,0.22935779816513763,0.1735159817351598,0.1968503937007874,0.1461187214611872,0.17391304347826086,0.17301038062283736,0.21052631578947367,0.1891891891891892,0.14960629921259844,0.1732283464566929,0.1487603305785124,0.17061611374407584,0.2247191011235955,0.23931623931623933,0.21153846153846154,0.18726591760299627,0.19548872180451127,0.20353982300884957,0.136986301369863,0.15454545454545454,0.20909090909090908,0.2358490566037736,0.1825726141078838,0.20512820512820512,0.23236514522821577,0.24096385542168675,0.16260162601626016,0.14468085106382977,0.17543859649122806,0.184,0.3241106719367589,0.23293172690763053,0.17573221757322174,0.18571428571428572,0.16574585635359115,0.13740458015267176,0.24372759856630824,0.16494845360824742,0.18357487922705315,0.18032786885245902,0.21455938697318008,0.13675213675213677,0.19083969465648856,0.1350210970464135,0.18532818532818532,0.21505376344086022,0.18181818181818182,0.30414746543778803,0.22672064777327935,0.2109704641350211,0.205607476635514,0.1953125,0.18532818532818532,0.18382352941176472,0.1773049645390071,0.1593625498007968,0.16597510373443983,0.1891891891891892,0.17094017094017094,0.25287356321839083,0.22777777777777777,0.12380952380952381,0.2548262548262548,0.2706766917293233,0.16236162361623616,0.15441176470588236,0.20634920634920634,0.25165562913907286,0.2077922077922078,0.21052631578947367,1.0,0.20512820512820512,0.15668202764976957,0.26229508196721313,0.19090909090909092,0.21674876847290642,0.19555555555555557,0.11374407582938388,0.16541353383458646,0.2084942084942085,0.2204724409448819,0.22127659574468084,0.15730337078651685,0.1565217391304348,0.17427385892116182,0.17355371900826447,0.19742489270386265,0.1685823754789272,0.1700404858299595,0.16666666666666666,0.18666666666666668,0.20422535211267606,0.20588235294117646,0.19469026548672566,0.16568047337278108,0.1784037558685446,0.15671641791044777,0.21641791044776118,0.13138686131386862,0.2109375,0.2608695652173913,0.1595744680851064
44224160,0.17454545454545456,0.1511111111111111,0.0970873786407767,0.08,0.20276497695852536,0.1694915254237288,0.1956521739130435,0.1708542713567839,0.21014492753623187,0.13131313131313133,0.1511627906976744,0.1784037558685446,0.15469613259668508,0.12359550561797752,0.23529411764705882,0.1404494382022472,0.16778523489932887,0.16080402010050251,0.15300546448087432,0.1407035175879397,0.1552511415525114,0.1926605504587156,0.18333333333333332,0.2222222222222222,0.18250950570342206,0.208,0.142433234421365,0.1978798586572438,0.17254901960784313,0.17777777777777778,0.182648401826484,0.19649122807017544,0.18032786885245902,0.15753424657534246,0.16260162601626016,0.23711340206185566,0.12444444444444444,0.1511111111111111,0.10837438423645321,0.08191126279863481,0.11711711711711711,0.13953488372093023,0.11475409836065574,0.15178571428571427,0.07453416149068323,0.20095693779904306,0.17699115044247787,0.17921146953405018,0.1791044776119403,0.16243654822335024,0.18811881188118812,0.13043478260869565,0.15966386554621848,0.24031007751937986,0.15,0.22784810126582278,0.21052631578947367,0.19246861924686193,0.0962566844919786,0.17525773195876287,0.19318181818181818,0.19469026548672566,0.19298245614035087,0.18587360594795538,0.1518987341772152,0.2421875,0.11560693641618497,0.16393442622950818,0.10887096774193548,0.2578125,0.14107883817427386,0.1518987341772152,0.1746031746031746,0.1825726141078838,0.18181818181818182,0.19081272084805653,0.1894150417827298,0.16597510373443983,0.16981132075471697,0.18106995884773663,0.1477832512315271,0.2100456621004566,0.15458937198067632,0.1553398058252427,0.13131313131313133,0.2645161290322581,0.18446601941747573,0.18,0.22134387351778656,0.17194570135746606,0.2062780269058296,0.18340611353711792,0.1606425702811245,0.18518518518518517,0.23275862068965517,0.16842105263157894,0.19827586206896552,0.20833333333333334,0.20634920634920634,0.22535211267605634,0.1794871794871795,0.16974169741697417,0.19138755980861244,0.2,0.16666666666666666,0.22878228782287824,0.20353982300884957,0.16793893129770993,0.20437956204379562,0.19548872180451127,0.2109375,0.15319148936170213,0.1885245901639344,0.20087336244541484,0.17391304347826086,0.21455938697318008,0.19607843137254902,0.25833333333333336,0.1951219512195122,0.20175438596491227,0.16593886462882096,0.21212121212121213,0.2445414847161572,0.17490494296577946,0.1939799331103679,0.228310502283105,0.19827586206896552,0.18181818181818182,0.18181818181818182,0.18253968253968253,0.22624434389140272,0.259927797833935,0.1885245901639344,0.27522935779816515,0.22382671480144403,0.15217391304347827,0.211864406779661,0.20087336244541484,0.1391304347826087,0.22608695652173913,0.23423423423423423,0.199203187250996,0.2540983606557377,0.199203187250996,0.20077220077220076,0.234375,0.17959183673469387,0.18487394957983194,0.17692307692307693,0.20532319391634982,0.18532818532818532,0.2248995983935743,0.23448275862068965,0.23036649214659685,0.15441176470588236,0.23529411764705882,0.21926910299003322,0.22119815668202766,0.2125984251968504,0.1992619926199262,0.21311475409836064,0.19117647058823528,0.11336032388663968,0.21561338289962825,0.20761245674740483,0.23809523809523808,0.18502202643171806,0.2178988326848249,0.242914979757085,0.17857142857142858,0.2556390977443609,0.23048327137546468,0.19148936170212766,0.1917808219178082,0.13793103448275862,0.14342629482071714,0.13157894736842105,0.2540983606557377,0.1992619926199262,0.20540540540540542,0.2,0.17100371747211895,0.2536231884057971,0.1708185053380783,0.20567375886524822,0.25190839694656486,0.19230769230769232,0.23236514522821577,0.1956521739130435,0.20512820512820512,1.0,0.16740088105726872,0.1968503937007874,0.24347826086956523,0.215962441314554,0.2127659574468085,0.16289592760180996,0.21014492753623187,0.2379182156133829,0.23484848484848486,0.15510204081632653,0.18050541516245489,0.20833333333333334,0.20717131474103587,0.1746031746031746,0.23045267489711935,0.1918819188191882,0.22568093385214008,0.17419354838709677,0.20425531914893616,0.19727891156462585,0.19858156028368795,0.2033898305084746,0.1564245810055866,0.17937219730941703,0.17985611510791366,0.15827338129496402,0.18309859154929578,0.16541353383458646,0.2304147465437788,0.1717171717171717
44450571,0.16279069767441862,0.19230769230769232,0.09523809523809523,0.09022556390977443,0.18,0.2465753424657534,0.20359281437125748,0.17582417582417584,0.23166023166023167,0.143646408839779,0.11612903225806452,0.09183673469387756,0.10975609756097561,0.13664596273291926,0.12549019607843137,0.1415929203539823,0.099644128113879,0.10989010989010989,0.10843373493975904,0.07692307692307693,0.19801980198019803,0.1791044776119403,0.17937219730941703,0.18723404255319148,0.1951219512195122,0.1888412017167382,0.14375,0.20300751879699247,0.21008403361344538,0.21153846153846154,0.2376237623762376,0.21641791044776118,0.21145374449339208,0.22545454545454546,0.22707423580786026,0.15819209039548024,0.19230769230769232,0.20192307692307693,0.043010752688172046,0.050724637681159424,0.1951219512195122,0.0912863070539419,0.12334801762114538,0.2318840579710145,0.041666666666666664,0.14583333333333334,0.2679425837320574,0.22137404580152673,0.2826086956521739,0.2777777777777778,0.1945945945945946,0.18779342723004694,0.2081447963800905,0.1908713692946058,0.20765027322404372,0.15454545454545454,0.13872832369942195,0.25225225225225223,0.05042016806722689,0.3728813559322034,0.1373134328358209,0.24880382775119617,0.17061611374407584,0.14285714285714285,0.17272727272727273,0.1589958158995816,0.14102564102564102,0.27312775330396477,0.07933194154488518,0.18410041841004185,0.2767857142857143,0.23636363636363636,0.19574468085106383,0.2767857142857143,0.21705426356589147,0.13533834586466165,0.1286549707602339,0.1875,0.17435897435897435,0.21238938053097345,0.08226221079691516,0.19801980198019803,0.24210526315789474,0.21164021164021163,0.06629834254143646,0.20477815699658702,0.2328042328042328,0.22950819672131148,0.22033898305084745,0.19607843137254902,0.20388349514563106,0.14150943396226415,0.3017241379310345,0.25296442687747034,0.24186046511627907,0.20809248554913296,0.21395348837209302,0.2600896860986547,0.2297872340425532,0.2247191011235955,0.2119815668202765,0.2047244094488189,0.3020833333333333,0.27802690582959644,0.22127659574468084,0.2440944881889764,0.2679425837320574,0.23673469387755103,0.24124513618677043,0.2570281124497992,0.17573221757322174,0.28440366972477066,0.23788546255506607,0.18867924528301888,0.23728813559322035,0.19672131147540983,0.20761245674740483,0.2600896860986547,0.15555555555555556,0.21800947867298578,0.22641509433962265,0.21052631578947367,0.1320754716981132,0.16260162601626016,0.1702127659574468,0.16831683168316833,0.23255813953488372,0.22672064777327935,0.19433198380566802,0.22127659574468084,0.14705882352941177,0.16153846153846155,0.21145374449339208,0.22885572139303484,0.18461538461538463,0.20077220077220076,0.228310502283105,0.22641509433962265,0.24413145539906103,0.22535211267605634,0.17560975609756097,0.2564102564102564,0.16740088105726872,0.2222222222222222,0.23140495867768596,0.24267782426778242,0.14912280701754385,0.2895927601809955,0.23868312757201646,0.18699186991869918,0.256198347107438,0.20689655172413793,0.20512820512820512,0.13793103448275862,0.26666666666666666,0.19852941176470587,0.20422535211267606,0.21,0.1940928270042194,0.2204724409448819,0.10572687224669604,0.22745098039215686,0.12173913043478261,0.18253968253968253,0.19117647058823528,0.2127659574468085,0.19047619047619047,0.20833333333333334,0.14782608695652175,0.28019323671497587,0.1927710843373494,0.23015873015873015,0.22641509433962265,0.19636363636363635,0.12295081967213115,0.15384615384615385,0.14325068870523416,0.2290748898678414,0.2204724409448819,0.16997167138810199,0.13793103448275862,0.23809523809523808,0.20077220077220076,0.19696969696969696,0.22641509433962265,0.16326530612244897,0.19661016949152543,0.20535714285714285,0.18532818532818532,0.15668202764976957,0.16740088105726872,1.0,0.23628691983122363,0.22535211267605634,0.20408163265306123,0.22018348623853212,0.06862745098039216,0.10810810810810811,0.23015873015873015,0.22672064777327935,0.21052631578947367,0.2230769230769231,0.17937219730941703,0.23931623931623933,0.2297872340425532,0.21238938053097345,0.14173228346456693,0.18333333333333332,0.23890784982935154,0.1834862385321101,0.19494584837545126,0.2037735849056604,0.2100456621004566,0.13580246913580246,0.24271844660194175,0.1685823754789272,0.20689655172413793,0.15730337078651685,0.23293172690763053,0.23,0.143646408839779
44462760,0.20350877192982456,0.2553191489361702,0.08333333333333333,0.1125,0.1762114537444934,0.23577235772357724,0.2268041237113402,0.15311004784688995,0.2517482517482518,0.125,0.13186813186813187,0.10762331838565023,0.10471204188481675,0.11702127659574468,0.1773049645390071,0.14754098360655737,0.11038961038961038,0.10526315789473684,0.12435233160621761,0.0861244019138756,0.18340611353711792,0.17543859649122806,0.192,0.183206106870229,0.1978021978021978,0.2230769230769231,0.16714697406340057,0.23890784982935154,0.24150943396226415,0.2127659574468085,0.2445414847161572,0.22372881355932203,0.1889763779527559,0.25165562913907286,0.25,0.18627450980392157,0.17872340425531916,0.19574468085106383,0.056338028169014086,0.052805280528052806,0.23275862068965517,0.09701492537313433,0.12598425196850394,0.19658119658119658,0.05847953216374269,0.1278538812785388,0.2542372881355932,0.2837370242214533,0.2559241706161137,0.1642512077294686,0.20754716981132076,0.18333333333333332,0.20161290322580644,0.21641791044776118,0.2571428571428571,0.1700404858299595,0.12,0.21686746987951808,0.052083333333333336,0.19607843137254902,0.143646408839779,0.2711864406779661,0.16806722689075632,0.15770609318996415,0.1862348178137652,0.18045112781954886,0.12021857923497267,0.2755905511811024,0.11067193675889328,0.19548872180451127,0.22310756972111553,0.17813765182186234,0.21374045801526717,0.23107569721115537,0.23859649122807017,0.13651877133105803,0.13550135501355012,0.15139442231075698,0.22522522522522523,0.15810276679841898,0.09615384615384616,0.2183406113537118,0.23963133640552994,0.21296296296296297,0.0673076923076923,0.2375,0.25,0.19047619047619047,0.2509505703422053,0.24242424242424243,0.2918454935622318,0.13389121338912133,0.2625482625482625,0.22142857142857142,0.23140495867768596,0.22,0.19834710743801653,0.312,0.24427480916030533,0.19727891156462585,0.21311475409836064,0.18505338078291814,0.2374429223744292,0.304,0.2366412213740458,0.26334519572953735,0.3305084745762712,0.23529411764705882,0.2323943661971831,0.2028985507246377,0.18796992481203006,0.2530612244897959,0.30708661417322836,0.200836820083682,0.20532319391634982,0.1992619926199262,0.21518987341772153,0.256,0.1414141414141414,0.35294117647058826,0.24267782426778242,0.1897810218978102,0.11715481171548117,0.17582417582417584,0.20064724919093851,0.20087336244541484,0.2396694214876033,0.1897810218978102,0.20437956204379562,0.24427480916030533,0.15584415584415584,0.1672473867595819,0.25196850393700787,0.21052631578947367,0.20209059233449478,0.27972027972027974,0.2926829268292683,0.23430962343096234,0.2,0.25833333333333336,0.1896551724137931,0.27586206896551724,0.1968503937007874,0.25287356321839083,0.26022304832713755,0.2706766917293233,0.16470588235294117,0.22580645161290322,0.26666666666666666,0.2490842490842491,0.2825278810408922,0.18532818532818532,0.24,0.15920398009950248,0.2553191489361702,0.24749163879598662,0.2315112540192926,0.2026431718061674,0.20454545454545456,0.2846975088967972,0.1732283464566929,0.2907801418439716,0.1245136186770428,0.22939068100358423,0.1939799331103679,0.1984732824427481,0.27848101265822783,0.1797752808988764,0.1867704280155642,0.2905982905982906,0.2028985507246377,0.2007168458781362,0.2328767123287671,0.25165562913907286,0.12546125461254612,0.1839080459770115,0.2,0.2047244094488189,0.23487544483985764,0.3,0.13043478260869565,0.33691756272401435,0.25874125874125875,0.2268041237113402,0.2465753424657534,0.19117647058823528,0.2236024844720497,0.2151394422310757,0.1958041958041958,0.26229508196721313,0.1968503937007874,0.23628691983122363,1.0,0.24166666666666667,0.18834080717488788,0.2530612244897959,0.08658008658008658,0.11188811188811189,0.25089605734767023,0.25547445255474455,0.26666666666666666,0.2578397212543554,0.24,0.23754789272030652,0.2366412213740458,0.22924901185770752,0.15658362989323843,0.1947565543071161,0.225,0.18775510204081633,0.2236842105263158,0.2328767123287671,0.2032520325203252,0.12698412698412698,0.19742489270386265,0.2152777777777778,0.2361111111111111,0.14965986394557823,0.3115942028985507,0.2555066079295154,0.1346153846153846
44551660,0.21455938697318008,0.14218009478672985,0.07291666666666667,0.058823529411764705,0.45320197044334976,0.1891891891891892,0.2,0.14054054054054055,0.21374045801526717,0.10869565217391304,0.13924050632911392,0.1407035175879397,0.11976047904191617,0.13414634146341464,0.17054263565891473,0.12280701754385964,0.18309859154929578,0.10810810810810811,0.11834319526627218,0.0972972972972973,0.14634146341463414,0.16666666666666666,0.19469026548672566,0.3445378151260504,0.17670682730923695,0.1864406779661017,0.1238390092879257,0.21561338289962825,0.2074688796680498,0.21800947867298578,0.22439024390243903,0.2066420664206642,0.3391304347826087,0.22302158273381295,0.1896551724137931,0.15555555555555556,0.14218009478672985,0.18009478672985782,0.042328042328042326,0.05017921146953405,0.1346153846153846,0.07377049180327869,0.11304347826086956,0.19047619047619047,0.08163265306122448,0.24615384615384617,0.2358490566037736,0.2339622641509434,0.22459893048128343,0.15300546448087432,0.13829787234042554,0.16666666666666666,0.1875,0.19672131147540983,0.17204301075268819,0.26905829596412556,0.13636363636363635,0.19555555555555557,0.06111111111111111,0.2111111111111111,0.1893491124260355,0.24528301886792453,0.1588785046728972,0.2823529411764706,0.13452914798206278,0.19008264462809918,0.12578616352201258,0.2,0.1037344398340249,0.19008264462809918,0.16740088105726872,0.15246636771300448,0.226890756302521,0.24669603524229075,0.21455938697318008,0.14869888475836432,0.1855072463768116,0.14096916299559473,0.15151515151515152,0.13973799126637554,0.10204081632653061,0.14634146341463414,0.15544041450777202,0.16666666666666666,0.06521739130434782,0.2635135135135135,0.19791666666666666,0.22580645161290322,0.3514644351464435,0.14492753623188406,0.22966507177033493,0.17674418604651163,0.20425531914893616,0.2734375,0.27522935779816515,0.14772727272727273,0.22018348623853212,0.2831858407079646,0.37815126050420167,0.32592592592592595,0.16363636363636364,0.20233463035019456,0.2564102564102564,0.24778761061946902,0.2184873949579832,0.26459143968871596,0.29245283018867924,0.21774193548387097,0.2,0.1746031746031746,0.1487603305785124,0.22624434389140272,0.26956521739130435,0.19534883720930232,0.23430962343096234,0.26720647773279355,0.1917808219178082,0.3805309734513274,0.21245421245421245,0.19626168224299065,0.20465116279069767,0.176,0.13023255813953488,0.1686746987951807,0.14035087719298245,0.14634146341463414,0.25688073394495414,0.24,0.176,0.18487394957983194,0.11594202898550725,0.19771863117870722,0.17391304347826086,0.28431372549019607,0.19771863117870722,0.16793893129770993,0.1981981981981982,0.27906976744186046,0.18518518518518517,0.32407407407407407,0.2692307692307692,0.270042194092827,0.21739130434782608,0.3459915611814346,0.19591836734693877,0.2644628099173554,0.18181818181818182,0.20535714285714285,0.21138211382113822,0.17670682730923695,0.22857142857142856,0.18723404255319148,0.2463768115942029,0.14689265536723164,0.23255813953488372,0.23272727272727273,0.2229965156794425,0.22660098522167488,0.21666666666666667,0.19455252918287938,0.1826086956521739,0.24031007751937986,0.11158798283261803,0.20392156862745098,0.20363636363636364,0.18487394957983194,0.1784037558685446,0.3374485596707819,0.1630901287553648,0.29523809523809524,0.20634920634920634,0.19607843137254902,0.19402985074626866,0.18705035971223022,0.10526315789473684,0.12658227848101267,0.12568306010928962,0.20869565217391303,0.3424124513618677,0.2303370786516854,0.18446601941747573,0.24313725490196078,0.24427480916030533,0.21722846441947566,0.21641791044776118,0.24193548387096775,0.24161073825503357,0.22026431718061673,0.19083969465648856,0.19090909090909092,0.24347826086956523,0.22535211267605634,0.24166666666666667,1.0,0.18090452261306533,0.22624434389140272,0.06763285024154589,0.21374045801526717,0.23529411764705882,0.264,0.17316017316017315,0.21292775665399238,0.17699115044247787,0.22784810126582278,0.19327731092436976,0.22707423580786026,0.1556420233463035,0.1646090534979424,0.19594594594594594,0.2171945701357466,0.19285714285714287,0.208955223880597,0.1891891891891892,0.10909090909090909,0.18181818181818182,0.18181818181818182,0.17424242424242425,0.1259259259259259,0.24603174603174602,0.2561576354679803,0.15217391304347827
44632017,0.18032786885245902,0.24742268041237114,0.13714285714285715,0.13445378151260504,0.1827956989247312,0.25365853658536586,0.23529411764705882,0.2261904761904762,0.22040816326530613,0.16766467065868262,0.14184397163120568,0.18681318681318682,0.12,0.1360544217687075,0.2074688796680498,0.17846153846153845,0.1348314606741573,0.11904761904761904,0.13157894736842105,0.11904761904761904,0.2127659574468085,0.26737967914438504,0.21052631578947367,0.2081447963800905,0.21551724137931033,0.2374429223744292,0.16993464052287582,0.1984126984126984,0.23214285714285715,0.16494845360824742,0.2978723404255319,0.1968503937007874,0.1784037558685446,0.20689655172413793,0.29767441860465116,0.19631901840490798,0.1958762886597938,0.17525773195876287,0.09302325581395349,0.10687022900763359,0.19895287958115182,0.10572687224669604,0.14084507042253522,0.20725388601036268,0.12307692307692308,0.20224719101123595,0.20512820512820512,0.18548387096774194,0.18823529411764706,0.18072289156626506,0.19883040935672514,0.2613065326633166,0.21256038647342995,0.2026431718061674,0.2958579881656805,0.2524271844660194,0.20125786163522014,0.18269230769230768,0.09912536443148688,0.22085889570552147,0.17445482866043613,0.26666666666666666,0.20304568527918782,0.19327731092436976,0.20388349514563106,0.17777777777777778,0.1267605633802817,0.20657276995305165,0.08602150537634409,0.19555555555555557,0.19047619047619047,0.22330097087378642,0.2171945701357466,0.21904761904761905,0.26229508196721313,0.19047619047619047,0.17073170731707318,0.17142857142857143,0.2430939226519337,0.16037735849056603,0.13333333333333333,0.2553191489361702,0.20454545454545456,0.2742857142857143,0.09580838323353294,0.17921146953405018,0.2857142857142857,0.16568047337278108,0.2072072072072072,0.23157894736842105,0.19791666666666666,0.2222222222222222,0.24770642201834864,0.23430962343096234,0.1691542288557214,0.22641509433962265,0.1691542288557214,0.22966507177033493,0.25339366515837103,0.22134387351778656,0.23645320197044334,0.16666666666666666,0.23595505617977527,0.22966507177033493,0.22624434389140272,0.19166666666666668,0.19487179487179487,0.19913419913419914,0.2222222222222222,0.1702127659574468,0.2311111111111111,0.16666666666666666,0.19718309859154928,0.24242424242424243,0.1981981981981982,0.20869565217391303,0.16727272727272727,0.22009569377990432,0.171875,0.233502538071066,0.26262626262626265,0.2145922746781116,0.1717171717171717,0.21551724137931033,0.23880597014925373,0.18085106382978725,0.21890547263681592,0.1630901287553648,0.2317596566523605,0.19004524886877827,0.23157894736842105,0.2032520325203252,0.2347417840375587,0.21390374331550802,0.2926829268292683,0.21224489795918366,0.23414634146341465,0.1717171717171717,0.20100502512562815,0.3015075376884422,0.2513089005235602,0.2,0.22535211267605634,0.2,0.2543859649122807,0.20444444444444446,0.11214953271028037,0.2318840579710145,0.22707423580786026,0.19827586206896552,0.20175438596491227,0.1743119266055046,0.22393822393822393,0.1875,0.1825726141078838,0.20155038759689922,0.22962962962962963,0.25806451612903225,0.17040358744394618,0.225,0.12206572769953052,0.1991701244813278,0.1388888888888889,0.15966386554621848,0.2248062015503876,0.2171945701357466,0.23469387755102042,0.21238938053097345,0.18518518518518517,0.31088082901554404,0.18723404255319148,0.17647058823529413,0.199203187250996,0.20689655172413793,0.2,0.19090909090909092,0.17765042979942694,0.20657276995305165,0.25833333333333336,0.16519174041297935,0.12698412698412698,0.21008403361344538,0.21224489795918366,0.144,0.19123505976095617,0.19047619047619047,0.20640569395017794,0.20952380952380953,0.18775510204081633,0.21674876847290642,0.215962441314554,0.20408163265306123,0.18834080717488788,0.18090452261306533,1.0,0.20588235294117646,0.11578947368421053,0.10612244897959183,0.19327731092436976,0.19742489270386265,0.2336448598130841,0.2032520325203252,0.22009569377990432,0.20909090909090908,0.27149321266968324,0.3018867924528302,0.16666666666666666,0.19469026548672566,0.1863799283154122,0.1568627450980392,0.22053231939163498,0.22310756972111553,0.2731707317073171,0.17567567567567569,0.23958333333333334,0.17813765182186234,0.23481781376518218,0.15810276679841898,0.19574468085106383,0.26881720430107525,0.19161676646706588
44819241,0.16541353383458646,0.25,0.09137055837563451,0.14184397163120568,0.20192307692307693,0.15859030837004406,0.19428571428571428,0.15789473684210525,0.20973782771535582,0.09523809523809523,0.17177914110429449,0.12745098039215685,0.12790697674418605,0.09467455621301775,0.1520912547528517,0.12680115273775217,0.1522491349480969,0.1368421052631579,0.14942528735632185,0.09473684210526316,0.14285714285714285,0.19138755980861244,0.19047619047619047,0.2139917695473251,0.2125984251968504,0.1825726141078838,0.12804878048780488,0.17518248175182483,0.23577235772357724,0.17592592592592593,0.2761904761904762,0.2246376811594203,0.19574468085106383,0.21908127208480566,0.21940928270042195,0.1837837837837838,0.1388888888888889,0.14814814814814814,0.041237113402061855,0.056338028169014086,0.1596244131455399,0.08835341365461848,0.0851063829787234,0.17674418604651163,0.02631578947368421,0.15,0.2119815668202765,0.22962962962962963,0.20833333333333334,0.1595744680851064,0.20725388601036268,0.14479638009049775,0.16593886462882096,0.18473895582329317,0.2094240837696335,0.16666666666666666,0.15469613259668508,0.21739130434782608,0.0547945205479452,0.22702702702702704,0.15743440233236153,0.23963133640552994,0.2191780821917808,0.16153846153846155,0.23684210526315788,0.19433198380566802,0.0975609756097561,0.2297872340425532,0.08624229979466119,0.22672064777327935,0.15517241379310345,0.15789473684210525,0.205761316872428,0.21551724137931033,0.18796992481203006,0.145985401459854,0.14857142857142858,0.13793103448275862,0.1477832512315271,0.13675213675213677,0.09571788413098237,0.21904761904761905,0.16161616161616163,0.16243654822335024,0.09523809523809523,0.21926910299003322,0.2131979695431472,0.18848167539267016,0.22131147540983606,0.20754716981132076,0.21495327102803738,0.17272727272727273,0.19166666666666668,0.2222222222222222,0.21524663677130046,0.2541436464088398,0.19730941704035873,0.21645021645021645,0.2139917695473251,0.20363636363636364,0.29333333333333333,0.1984732824427481,0.26,0.22510822510822512,0.23045267489711935,0.20610687022900764,0.23963133640552994,0.2134387351778656,0.19622641509433963,0.17120622568093385,0.19433198380566802,0.18584070796460178,0.26382978723404255,0.22727272727272727,0.22131147540983606,0.21428571428571427,0.21548821548821548,0.23376623376623376,0.18705035971223022,0.273972602739726,0.2545454545454545,0.21176470588235294,0.15454545454545454,0.2047244094488189,0.2,0.19047619047619047,0.2242152466367713,0.19607843137254902,0.20392156862745098,0.205761316872428,0.1509433962264151,0.1791044776119403,0.2978723404255319,0.23923444976076555,0.26865671641791045,0.17228464419475656,0.24669603524229075,0.21818181818181817,0.17194570135746606,0.2171945701357466,0.16901408450704225,0.2644628099173554,0.2297872340425532,0.2066115702479339,0.256,0.23481781376518218,0.15254237288135594,0.2096069868995633,0.23107569721115537,0.23622047244094488,0.24,0.19166666666666668,0.199288256227758,0.15384615384615385,0.22813688212927757,0.2,0.19863013698630136,0.22115384615384615,0.18775510204081633,0.19083969465648856,0.13617021276595745,0.2509505703422053,0.08403361344537816,0.18461538461538463,0.18571428571428572,0.2222222222222222,0.22935779816513763,0.1935483870967742,0.18487394957983194,0.23255813953488372,0.22568093385214008,0.2,0.2271062271062271,0.19081272084805653,0.1111111111111111,0.14049586776859505,0.14016172506738545,0.2297872340425532,0.25190839694656486,0.1883656509695291,0.18009478672985782,0.2692307692307692,0.20973782771535582,0.22058823529411764,0.21245421245421245,0.1976284584980237,0.2376237623762376,0.19827586206896552,0.21722846441947566,0.19555555555555557,0.2127659574468085,0.22018348623853212,0.2530612244897959,0.22624434389140272,0.20588235294117646,1.0,0.09433962264150944,0.1198501872659176,0.23846153846153847,0.23529411764705882,0.211864406779661,0.22388059701492538,0.22510822510822512,0.23140495867768596,0.2222222222222222,0.2564102564102564,0.19083969465648856,0.1935483870967742,0.2059800664451827,0.21238938053097345,0.21052631578947367,0.21978021978021978,0.19383259911894274,0.12941176470588237,0.18691588785046728,0.18587360594795538,0.23048327137546468,0.14545454545454545,0.24124513618677043,0.23076923076923078,0.12698412698412698
46191454,0.12698412698412698,0.10891089108910891,0.07650273224043716,0.09448818897637795,0.08247422680412371,0.12206572769953052,0.07453416149068323,0.11363636363636363,0.18181818181818182,0.12571428571428572,0.1610738255033557,0.15789473684210525,0.08860759493670886,0.05161290322580645,0.1285140562248996,0.13813813813813813,0.08,0.19318181818181818,0.1,0.11363636363636363,0.08163265306122448,0.17435897435897435,0.1382488479262673,0.13100436681222707,0.125,0.12334801762114538,0.1464968152866242,0.16923076923076924,0.08620689655172414,0.13861386138613863,0.09183673469387756,0.16030534351145037,0.08144796380090498,0.07434944237918216,0.11659192825112108,0.16374269005847952,0.12871287128712872,0.16831683168316833,0.18888888888888888,0.14814814814814814,0.06030150753768844,0.18723404255319148,0.16289592760180996,0.029850746268656716,0.14492753623188406,0.15053763440860216,0.059113300492610835,0.09375,0.06741573033707865,0.06896551724137931,0.11173184357541899,0.08695652173913043,0.13023255813953488,0.1702127659574468,0.07909604519774012,0.18691588785046728,0.15568862275449102,0.10185185185185185,0.14814814814814814,0.08187134502923976,0.182370820668693,0.07881773399014778,0.0975609756097561,0.16260162601626016,0.1308411214953271,0.20600858369098712,0.04,0.06334841628959276,0.09725158562367865,0.2575107296137339,0.10091743119266056,0.08411214953271028,0.11353711790393013,0.11009174311926606,0.1349206349206349,0.13846153846153847,0.17857142857142858,0.1651376146788991,0.13756613756613756,0.19090909090909092,0.13577023498694518,0.1326530612244898,0.08695652173913043,0.17486338797814208,0.16,0.1951219512195122,0.14207650273224043,0.11299435028248588,0.09565217391304348,0.09090909090909091,0.1,0.0970873786407767,0.08849557522123894,0.11336032388663968,0.10526315789473684,0.1317365269461078,0.1722488038277512,0.09216589861751152,0.10480349344978165,0.14559386973180077,0.11374407582938388,0.10483870967741936,0.0967741935483871,0.11059907834101383,0.06986899563318777,0.12903225806451613,0.08866995073891626,0.100418410041841,0.18326693227091634,0.1728395061728395,0.19742489270386265,0.0660377358490566,0.11764705882352941,0.11650485436893204,0.08695652173913043,0.15126050420168066,0.127208480565371,0.11059907834101383,0.17424242424242425,0.0975609756097561,0.05825242718446602,0.14107883817427386,0.13592233009708737,0.10833333333333334,0.15942028985507245,0.1836734693877551,0.09569377990430622,0.13278008298755187,0.0912863070539419,0.09606986899563319,0.21212121212121213,0.25196850393700787,0.13574660633484162,0.08205128205128205,0.18110236220472442,0.1422924901185771,0.12206572769953052,0.07766990291262135,0.06763285024154589,0.06763285024154589,0.1407035175879397,0.10526315789473684,0.14479638009049775,0.09649122807017543,0.1016949152542373,0.0944206008583691,0.12612612612612611,0.16744186046511628,0.1350210970464135,0.16666666666666666,0.11016949152542373,0.168141592920354,0.1797752808988764,0.16666666666666666,0.08835341365461848,0.22556390977443608,0.1366906474820144,0.10309278350515463,0.13852813852813853,0.16129032258064516,0.14479638009049775,0.11244979919678715,0.16071428571428573,0.15447154471544716,0.21804511278195488,0.25327510917030566,0.11764705882352941,0.10256410256410256,0.20535714285714285,0.10945273631840796,0.2222222222222222,0.12195121951219512,0.1776061776061776,0.15613382899628253,0.17647058823529413,0.14912280701754385,0.13445378151260504,0.13574660633484162,0.13709677419354838,0.15561959654178675,0.15228426395939088,0.06504065040650407,0.18972332015810275,0.10852713178294573,0.18532818532818532,0.1506276150627615,0.15916955017301038,0.1926605504587156,0.1422924901185771,0.11374407582938388,0.16289592760180996,0.06862745098039216,0.08658008658008658,0.06763285024154589,0.11578947368421053,0.09433962264150944,1.0,0.1976284584980237,0.17886178861788618,0.17427385892116182,0.09009009009009009,0.13385826771653545,0.1382488479262673,0.11403508771929824,0.13973799126637554,0.13636363636363635,0.20161290322580644,0.20512820512820512,0.1254355400696864,0.14150943396226415,0.16236162361623616,0.16216216216216217,0.1784037558685446,0.1282051282051282,0.12,0.1568627450980392,0.09411764705882353,0.1685823754789272,0.0823045267489712,0.13402061855670103,0.14857142857142858
46224516,0.1758957654723127,0.08560311284046693,0.09243697478991597,0.04395604395604396,0.24096385542168675,0.08955223880597014,0.12962962962962962,0.1038961038961039,0.17532467532467533,0.06956521739130435,0.08823529411764706,0.1306122448979592,0.09389671361502347,0.047619047619047616,0.14473684210526316,0.10309278350515463,0.15151515151515152,0.15584415584415584,0.09302325581395349,0.07792207792207792,0.055776892430278883,0.12,0.15441176470588236,0.3873239436619718,0.10847457627118644,0.1276595744680851,0.10298102981029811,0.20952380952380953,0.11149825783972125,0.1867704280155642,0.09561752988047809,0.15141955835962145,0.2391304347826087,0.14814814814814814,0.10071942446043165,0.12389380530973451,0.0622568093385214,0.10894941634241245,0.07659574468085106,0.09230769230769231,0.047244094488188976,0.1310344827586207,0.10144927536231885,0.0703125,0.07253886010362694,0.1908713692946058,0.13953488372093023,0.10932475884244373,0.11158798283261803,0.07860262008733625,0.1111111111111111,0.11450381679389313,0.11851851851851852,0.21379310344827587,0.10344827586206896,0.22304832713754646,0.13513513513513514,0.12546125461254612,0.12315270935960591,0.10619469026548672,0.17708333333333334,0.10852713178294573,0.1076923076923077,0.39867109634551495,0.11895910780669144,0.2361111111111111,0.03902439024390244,0.08695652173913043,0.10227272727272728,0.2222222222222222,0.06593406593406594,0.08921933085501858,0.1619718309859155,0.10256410256410256,0.16286644951140064,0.12698412698412698,0.18925831202046037,0.15384615384615385,0.13114754098360656,0.14545454545454545,0.1963470319634703,0.13545816733067728,0.058577405857740586,0.09243697478991597,0.11304347826086956,0.23976608187134502,0.1092436974789916,0.1724137931034483,0.1824561403508772,0.11067193675889328,0.13333333333333333,0.14559386973180077,0.099644128113879,0.17218543046357615,0.1590909090909091,0.08108108108108109,0.1893939393939394,0.1323529411764706,0.19718309859154928,0.379746835443038,0.11278195488721804,0.20462046204620463,0.0995850622406639,0.125,0.11267605633802817,0.14521452145214522,0.13178294573643412,0.10204081632653061,0.17647058823529413,0.19463087248322147,0.1736111111111111,0.12734082397003746,0.14492753623188406,0.13793103448275862,0.14035087719298245,0.19112627986348124,0.16568047337278108,0.19117647058823528,0.27586206896551724,0.08461538461538462,0.0842911877394636,0.14864864864864866,0.1839080459770115,0.1152542372881356,0.2175226586102719,0.14342629482071714,0.15151515151515152,0.16891891891891891,0.13513513513513514,0.11971830985915492,0.13438735177865613,0.3042071197411003,0.10869565217391304,0.152,0.18770226537216828,0.11038961038961038,0.08955223880597014,0.09961685823754789,0.09923664122137404,0.19083969465648856,0.1968503937007874,0.127208480565371,0.17391304347826086,0.19081272084805653,0.11683848797250859,0.1388888888888889,0.20216606498194944,0.1259259259259259,0.1232876712328767,0.1423728813559322,0.12371134020618557,0.19217081850533807,0.19875776397515527,0.11659192825112108,0.125,0.2616822429906542,0.2042042042042042,0.13654618473895583,0.16083916083916083,0.264026402640264,0.18840579710144928,0.13157894736842105,0.10752688172043011,0.21262458471760798,0.2118380062305296,0.19014084507042253,0.11583011583011583,0.2629757785467128,0.2078853046594982,0.1015625,0.18791946308724833,0.21262458471760798,0.17197452229299362,0.2037037037037037,0.12286689419795221,0.12014134275618374,0.17475728155339806,0.18840579710144928,0.1848184818481848,0.21393034825870647,0.18253968253968253,0.12624584717607973,0.22727272727272727,0.17891373801916932,0.17834394904458598,0.23809523809523808,0.3313953488372093,0.18315018315018314,0.18831168831168832,0.16541353383458646,0.21014492753623187,0.10810810810810811,0.11188811188811189,0.21374045801526717,0.10612244897959183,0.1198501872659176,0.1976284584980237,1.0,0.2059800664451827,0.20945945945945946,0.10830324909747292,0.12944983818770225,0.125,0.13427561837455831,0.1056338028169014,0.16,0.21122112211221122,0.20069204152249134,0.15204678362573099,0.20224719101123595,0.19631901840490798,0.19745222929936307,0.1417910447761194,0.07582938388625593,0.10196078431372549,0.15483870967741936,0.10967741935483871,0.2468354430379747,0.10738255033557047,0.15261044176706828,0.11304347826086956
46843772,0.2,0.176,0.1038961038961039,0.06857142857142857,0.2066115702479339,0.21455938697318008,0.19138755980861244,0.16071428571428573,0.30564784053156147,0.14349775784753363,0.1319796954314721,0.12605042016806722,0.13592233009708737,0.12807881773399016,0.20202020202020202,0.1837270341207349,0.16718266253869968,0.19642857142857142,0.1346153846153846,0.10714285714285714,0.18032786885245902,0.19753086419753085,0.21132075471698114,0.24548736462093862,0.24305555555555555,0.1890909090909091,0.1878453038674033,0.3051948051948052,0.24285714285714285,0.24,0.26229508196721313,0.2903225806451613,0.21561338289962825,0.21451104100946372,0.1918819188191882,0.2100456621004566,0.184,0.208,0.08771929824561403,0.0880503144654088,0.17813765182186234,0.1413427561837456,0.1412639405204461,0.20080321285140562,0.06451612903225806,0.1794871794871795,0.23904382470119523,0.2565789473684211,0.22123893805309736,0.17117117117117117,0.18502202643171806,0.21176470588235294,0.21292775665399238,0.26855123674911663,0.19555555555555557,0.21374045801526717,0.15813953488372093,0.2803030303030303,0.10526315789473684,0.1735159817351598,0.23342175066312998,0.2151394422310757,0.20553359683794467,0.25170068027210885,0.183206106870229,0.30604982206405695,0.13131313131313133,0.23048327137546468,0.1036468330134357,0.2775800711743772,0.18796992481203006,0.19083969465648856,0.2743682310469314,0.22556390977443608,0.23333333333333334,0.16883116883116883,0.22916666666666666,0.22556390977443608,0.16877637130801687,0.23880597014925373,0.14849187935034802,0.23770491803278687,0.19827586206896552,0.2077922077922078,0.12556053811659193,0.3044776119402985,0.19913419913419914,0.20444444444444446,0.2446043165467626,0.2032520325203252,0.21774193548387097,0.18110236220472442,0.21897810218978103,0.23728813559322035,0.2723735408560311,0.15813953488372093,0.28793774319066145,0.2339622641509434,0.23826714801444043,0.2783171521035599,0.22393822393822393,0.22297297297297297,0.24786324786324787,0.2641509433962264,0.23826714801444043,0.2702702702702703,0.23107569721115537,0.22996515679442509,0.2809364548494983,0.26804123711340205,0.2491103202846975,0.23076923076923078,0.26765799256505574,0.2283464566929134,0.23741007194244604,0.23776223776223776,0.26586102719033233,0.2490566037735849,0.25,0.2134387351778656,0.25196850393700787,0.2629757785467128,0.18110236220472442,0.2013888888888889,0.22839506172839505,0.1885245901639344,0.2723735408560311,0.2768166089965398,0.22145328719723184,0.2743682310469314,0.1951219512195122,0.4105960264900662,0.22304832713754646,0.23868312757201646,0.25165562913907286,0.21926910299003322,0.22988505747126436,0.2125984251968504,0.20392156862745098,0.25098039215686274,0.22672064777327935,0.26811594202898553,0.2379182156133829,0.2536231884057971,0.28169014084507044,0.25622775800711745,0.21481481481481482,0.22053231939163498,0.24561403508771928,0.2847222222222222,0.2605633802816901,0.26277372262773724,0.31746031746031744,0.1574074074074074,0.26936026936026936,0.4585987261146497,0.26380368098159507,0.19834710743801653,0.25089605734767023,0.30405405405405406,0.21561338289962825,0.24242424242424243,0.14705882352941177,0.25170068027210885,0.2484076433121019,0.2743682310469314,0.20634920634920634,0.2127659574468085,0.25,0.23293172690763053,0.2611683848797251,0.30612244897959184,0.2671009771986971,0.2586750788643533,0.15384615384615385,0.16666666666666666,0.2271604938271605,0.2825278810408922,0.21621621621621623,0.29873417721518986,0.18775510204081633,0.21768707482993196,0.4850498338870432,0.27450980392156865,0.30618892508143325,0.26480836236933797,0.22551928783382788,0.2932330827067669,0.2591362126245847,0.2084942084942085,0.2379182156133829,0.23015873015873015,0.25089605734767023,0.23529411764705882,0.19327731092436976,0.23846153846153847,0.17886178861788618,0.2059800664451827,1.0,0.7820069204152249,0.17777777777777778,0.23178807947019867,0.2037735849056604,0.2608695652173913,0.23826714801444043,0.2537313432835821,0.2702702702702703,0.24822695035460993,0.2865671641791045,0.24615384615384617,0.25705329153605017,0.26058631921824105,0.2681992337164751,0.13725490196078433,0.22580645161290322,0.19141914191419143,0.21782178217821782,0.23948220064724918,0.28865979381443296,0.2644628099173554,0.19730941704035873
46844147,0.21016949152542372,0.16326530612244897,0.07964601769911504,0.07058823529411765,0.22784810126582278,0.2109375,0.17647058823529413,0.1461187214611872,0.35135135135135137,0.12844036697247707,0.13541666666666666,0.12017167381974249,0.09950248756218906,0.12121212121212122,0.19863013698630136,0.17553191489361702,0.16981132075471697,0.2922374429223744,0.09852216748768473,0.0730593607305936,0.16736401673640167,0.20168067226890757,0.19230769230769232,0.25735294117647056,0.22614840989399293,0.17777777777777778,0.1792717086834734,0.30363036303630364,0.24727272727272728,0.22040816326530613,0.26778242677824265,0.26885245901639343,0.21212121212121213,0.20512820512820512,0.19548872180451127,0.19626168224299065,0.17959183673469387,0.19591836734693877,0.08968609865470852,0.07028753993610223,0.1652892561983471,0.1223021582733813,0.14393939393939395,0.19672131147540983,0.06629834254143646,0.2096069868995633,0.22764227642276422,0.2608695652173913,0.22624434389140272,0.17511520737327188,0.1891891891891892,0.192,0.21705426356589147,0.28776978417266186,0.2,0.24124513618677043,0.14285714285714285,0.2857142857142857,0.08629441624365482,0.17757009345794392,0.23655913978494625,0.21951219512195122,0.18548387096774194,0.31141868512110726,0.17898832684824903,0.2898550724637681,0.13471502590673576,0.22727272727272727,0.09302325581395349,0.3333333333333333,0.19157088122605365,0.17898832684824903,0.22058823529411764,0.22988505747126436,0.2305084745762712,0.15841584158415842,0.23218997361477572,0.23754789272030652,0.15517241379310345,0.21292775665399238,0.13145539906103287,0.20920502092050208,0.19383259911894274,0.20353982300884957,0.11009174311926606,0.3333333333333333,0.20353982300884957,0.2,0.2564102564102564,0.1908713692946058,0.23045267489711935,0.17670682730923695,0.21561338289962825,0.2413793103448276,0.2698412698412698,0.1619047619047619,0.29365079365079366,0.25384615384615383,0.2647058823529412,0.2894736842105263,0.2125984251968504,0.21305841924398625,0.25327510917030566,0.25384615384615383,0.23529411764705882,0.27491408934707906,0.24390243902439024,0.22695035460992907,0.32653061224489793,0.26573426573426573,0.2318840579710145,0.22745098039215686,0.2803030303030303,0.21686746987951808,0.2271062271062271,0.2206405693950178,0.24539877300613497,0.27692307692307694,0.2671009771986971,0.21774193548387097,0.24899598393574296,0.2535211267605634,0.14457831325301204,0.18374558303886926,0.219435736677116,0.17573221757322174,0.2777777777777778,0.3028169014084507,0.2112676056338028,0.27941176470588236,0.17427385892116182,0.4444444444444444,0.2196969696969697,0.2689075630252101,0.26262626262626265,0.21621621621621623,0.234375,0.21686746987951808,0.2,0.264,0.21487603305785125,0.25830258302583026,0.2196969696969697,0.2656826568265683,0.2724014336917563,0.2463768115942029,0.2339622641509434,0.21705426356589147,0.2571428571428571,0.26855123674911663,0.25806451612903225,0.26022304832713755,0.41935483870967744,0.16113744075829384,0.273972602739726,0.5436893203883495,0.24922118380062305,0.18565400843881857,0.21897810218978103,0.3024054982817869,0.17424242424242425,0.2465753424657534,0.14232209737827714,0.2629757785467128,0.284789644012945,0.2647058823529412,0.19433198380566802,0.21660649819494585,0.20224719101123595,0.23770491803278687,0.24475524475524477,0.2491349480968858,0.31125827814569534,0.25,0.1494661921708185,0.15498154981549817,0.245,0.25757575757575757,0.24054982817869416,0.3076923076923077,0.15833333333333333,0.23529411764705882,0.42567567567567566,0.292358803986711,0.3509933774834437,0.2695035460992908,0.23493975903614459,0.29118773946360155,0.22972972972972974,0.2204724409448819,0.23484848484848486,0.22672064777327935,0.25547445255474455,0.264,0.19742489270386265,0.23529411764705882,0.17427385892116182,0.20945945945945946,0.7820069204152249,1.0,0.17358490566037735,0.22895622895622897,0.2,0.2656826568265683,0.2426470588235294,0.2509505703422053,0.24054982817869416,0.22382671480144403,0.30303030303030304,0.26666666666666666,0.27388535031847133,0.26490066225165565,0.265625,0.1306532663316583,0.2139917695473251,0.174496644295302,0.2080536912751678,0.24342105263157895,0.2937062937062937,0.29535864978902954,0.1834862385321101
46883536,0.17391304347826086,0.35398230088495575,0.10628019323671498,0.11920529801324503,0.13761467889908258,0.22784810126582278,0.2918918918918919,0.16,0.20938628158844766,0.1507537688442211,0.15028901734104047,0.1308411214953271,0.10989010989010989,0.1452513966480447,0.1391941391941392,0.15126050420168066,0.08695652173913043,0.12,0.13043478260869565,0.13,0.21818181818181817,0.182648401826484,0.15767634854771784,0.2134387351778656,0.1590909090909091,0.24701195219123506,0.14792899408284024,0.20422535211267606,0.2578125,0.17699115044247787,0.22727272727272727,0.16783216783216784,0.17959183673469387,0.26621160409556316,0.291497975708502,0.15384615384615385,0.17699115044247787,0.19469026548672566,0.049019607843137254,0.08163265306122448,0.32286995515695066,0.07722007722007722,0.13877551020408163,0.17777777777777778,0.07407407407407407,0.13333333333333333,0.2555066079295154,0.2357142857142857,0.2079207920792079,0.1414141414141414,0.24630541871921183,0.19913419913419914,0.23430962343096234,0.18532818532818532,0.26865671641791045,0.17647058823529413,0.2094240837696335,0.175,0.07466666666666667,0.19487179487179487,0.1359773371104816,0.32599118942731276,0.16593886462882096,0.14074074074074075,0.18487394957983194,0.14785992217898833,0.10344827586206896,0.24489795918367346,0.1006036217303823,0.17120622568093385,0.2066115702479339,0.23529411764705882,0.22134387351778656,0.21487603305785125,0.2898550724637681,0.13380281690140844,0.13333333333333333,0.17355371900826447,0.2535211267605634,0.1721311475409836,0.11302211302211303,0.23636363636363636,0.2403846153846154,0.21256038647342995,0.06030150753768844,0.1864951768488746,0.25120772946859904,0.1890547263681592,0.25984251968503935,0.24324324324324326,0.20535714285714285,0.1391304347826087,0.272,0.2140221402214022,0.20600858369098712,0.2617801047120419,0.18025751072961374,0.2572614107883817,0.22134387351778656,0.21754385964912282,0.20425531914893616,0.22794117647058823,0.19047619047619047,0.23236514522821577,0.22134387351778656,0.22794117647058823,0.22026431718061673,0.2737642585551331,0.20363636363636364,0.20973782771535582,0.20233463035019456,0.2033898305084746,0.24489795918367346,0.21739130434782608,0.2204724409448819,0.22137404580152673,0.18241042345276873,0.23236514522821577,0.1527777777777778,0.3056768558951965,0.2,0.18867924528301888,0.11304347826086956,0.1893939393939394,0.20666666666666667,0.2,0.19742489270386265,0.18867924528301888,0.21132075471698114,0.18181818181818182,0.16216216216216217,0.1510791366906475,0.2693877551020408,0.1552511415525114,0.2446043165467626,0.259927797833935,0.2616033755274262,0.19130434782608696,0.2077922077922078,0.24242424242424243,0.18834080717488788,0.21428571428571427,0.21224489795918366,0.20634920634920634,0.25384615384615383,0.21011673151750973,0.14634146341463414,0.22594142259414227,0.21455938697318008,0.19696969696969696,0.27692307692307694,0.192,0.19243986254295534,0.15625,0.20512820512820512,0.20689655172413793,0.2185430463576159,0.25688073394495414,0.19607843137254902,0.2426470588235294,0.1306122448979592,0.2490842490842491,0.14516129032258066,0.17777777777777778,0.18620689655172415,0.22134387351778656,0.2894736842105263,0.1937984496124031,0.20967741935483872,0.3022222222222222,0.18726591760299627,0.17777777777777778,0.254416961130742,0.22525597269624573,0.1450381679389313,0.2222222222222222,0.2782152230971129,0.21224489795918366,0.21323529411764705,0.215633423180593,0.14479638009049775,0.25925925925925924,0.19494584837545126,0.19148936170212766,0.18374558303886926,0.17490494296577946,0.22364217252396165,0.19008264462809918,0.18772563176895307,0.22127659574468084,0.15510204081632653,0.21052631578947367,0.26666666666666666,0.17316017316017315,0.2336448598130841,0.211864406779661,0.09009009009009009,0.10830324909747292,0.17777777777777778,0.17358490566037735,1.0,0.23741007194244604,0.24896265560165975,0.21428571428571427,0.22134387351778656,0.29508196721311475,0.1323529411764706,0.18604651162790697,0.24437299035369775,0.2288135593220339,0.2440677966101695,0.26148409893992935,0.2109704641350211,0.13333333333333333,0.22321428571428573,0.21505376344086022,0.23655913978494625,0.14736842105263157,0.23220973782771537,0.22018348623853212,0.1507537688442211
46885626,0.22077922077922077,0.21705426356589147,0.09205020920502092,0.07650273224043716,0.192,0.26765799256505574,0.20276497695852536,0.14655172413793102,0.3106796116504854,0.15584415584415584,0.11707317073170732,0.11382113821138211,0.08411214953271028,0.13270142180094788,0.15737704918032788,0.17480719794344474,0.1148036253776435,0.10344827586206896,0.08333333333333333,0.08620689655172414,0.20634920634920634,0.20717131474103587,0.20512820512820512,0.20350877192982456,0.19594594594594594,0.2049469964664311,0.15675675675675677,0.2721518987341772,0.2916666666666667,0.20930232558139536,0.25396825396825395,0.25157232704402516,0.21660649819494585,0.2953846153846154,0.2867383512544803,0.14977973568281938,0.21705426356589147,0.20930232558139536,0.0847457627118644,0.08588957055214724,0.17254901960784313,0.08934707903780069,0.1588447653429603,0.22568093385214008,0.07216494845360824,0.1487603305785124,0.2548262548262548,0.2948717948717949,0.23931623931623933,0.13043478260869565,0.17872340425531916,0.2661596958174905,0.22878228782287824,0.21305841924398625,0.18025751072961374,0.18518518518518517,0.15246636771300448,0.20588235294117646,0.07862407862407862,0.1762114537444934,0.1974025974025974,0.29343629343629346,0.19923371647509577,0.17880794701986755,0.2222222222222222,0.17993079584775087,0.10679611650485436,0.259927797833935,0.10207939508506617,0.23529411764705882,0.21897810218978103,0.23703703703703705,0.2736842105263158,0.26277372262773724,0.2857142857142857,0.1518987341772152,0.1836734693877551,0.17518248175182483,0.19591836734693877,0.17391304347826086,0.10933940774487472,0.1746031746031746,0.2,0.2510460251046025,0.06060606060606061,0.24489795918367346,0.27615062761506276,0.1888412017167382,0.21678321678321677,0.18110236220472442,0.25,0.1297709923664122,0.2978723404255319,0.27722772277227725,0.2188679245283019,0.2062780269058296,0.2037735849056604,0.27106227106227104,0.2596491228070175,0.2902208201892745,0.2397003745318352,0.18421052631578946,0.2396694214876033,0.3443223443223443,0.24561403508771928,0.27631578947368424,0.277992277992278,0.31864406779661014,0.2996742671009772,0.2140468227424749,0.2422145328719723,0.23134328358208955,0.30324909747292417,0.20610687022900764,0.25874125874125875,0.24489795918367346,0.2831858407079646,0.26373626373626374,0.1625,0.25287356321839083,0.2366412213740458,0.20875420875420875,0.10687022900763359,0.20270270270270271,0.20481927710843373,0.19047619047619047,0.22641509433962265,0.20875420875420875,0.2895622895622896,0.24561403508771928,0.15748031496062992,0.18064516129032257,0.21660649819494585,0.2151394422310757,0.24516129032258063,0.2977346278317152,0.3420074349442379,0.25190839694656486,0.2737642585551331,0.23574144486692014,0.21176470588235294,0.24647887323943662,0.18772563176895307,0.2112676056338028,0.273972602739726,0.2768166089965398,0.11510791366906475,0.2878228782287823,0.31399317406143346,0.23648648648648649,0.23972602739726026,0.2198581560283688,0.3157894736842105,0.16071428571428573,0.28852459016393445,0.19875776397515527,0.2754491017964072,0.232,0.1672473867595819,0.2631578947368421,0.15162454873646208,0.3016393442622951,0.16428571428571428,0.17880794701986755,0.2236024844720497,0.20350877192982456,0.2230769230769231,0.2206896551724138,0.15714285714285714,0.28793774319066145,0.22073578595317725,0.25165562913907286,0.26031746031746034,0.2953846153846154,0.16326530612244897,0.2323943661971831,0.20823244552058112,0.2888086642599278,0.3026315789473684,0.25806451612903225,0.16600790513833993,0.2913907284768212,0.23948220064724918,0.2356687898089172,0.2222222222222222,0.18983050847457628,0.2782608695652174,0.20437956204379562,0.22653721682847897,0.15730337078651685,0.18050541516245489,0.2230769230769231,0.2578397212543554,0.21292775665399238,0.2032520325203252,0.22388059701492538,0.13385826771653545,0.12944983818770225,0.23178807947019867,0.22895622895622897,0.23741007194244604,1.0,0.23443223443223443,0.30985915492957744,0.41403508771929826,0.2826086956521739,0.19736842105263158,0.22758620689655173,0.26822157434402333,0.1791044776119403,0.28134556574923547,0.3111111111111111,0.22304832713754646,0.14150943396226415,0.234375,0.24437299035369775,0.27009646302250806,0.15141955835962145,0.3076923076923077,0.216,0.15584415584415584
46907787,0.22878228782287824,0.18099547511312217,0.0891089108910891,0.0684931506849315,0.16901408450704225,0.16379310344827586,0.3333333333333333,0.18461538461538463,0.20588235294117646,0.1134020618556701,0.15476190476190477,0.15311004784688995,0.11299435028248588,0.10344827586206896,0.17164179104477612,0.14772727272727273,0.1292517006802721,0.12307692307692308,0.11173184357541899,0.11282051282051282,0.14883720930232558,0.21495327102803738,0.17796610169491525,0.1774193548387097,0.1776061776061776,0.18699186991869918,0.1921921921921922,0.22939068100358423,0.24701195219123506,0.17194570135746606,0.22325581395348837,0.16370106761565836,0.15833333333333333,0.1875,0.19834710743801653,0.14736842105263157,0.14479638009049775,0.14479638009049775,0.11055276381909548,0.11764705882352941,0.12844036697247707,0.13385826771653545,0.15,0.14545454545454545,0.10191082802547771,0.16585365853658537,0.1981981981981982,0.21818181818181817,0.19289340101522842,0.13471502590673576,0.21212121212121213,0.1592920353982301,0.17094017094017094,0.23622047244094488,0.21428571428571427,0.19742489270386265,0.1935483870967742,0.16170212765957448,0.0918918918918919,0.16842105263157894,0.16091954022988506,0.1981981981981982,0.19642857142857142,0.1660377358490566,0.2145922746781116,0.20634920634920634,0.09467455621301775,0.15833333333333333,0.12601626016260162,0.20634920634920634,0.1518987341772152,0.1459227467811159,0.20967741935483872,0.17721518987341772,0.22878228782287824,0.1863799283154122,0.15211267605633802,0.12658227848101267,0.2403846153846154,0.13389121338912133,0.13930348258706468,0.21395348837209302,0.13793103448275862,0.15841584158415842,0.09278350515463918,0.20261437908496732,0.1782178217821782,0.20408163265306123,0.21686746987951808,0.18433179723502305,0.2648401826484018,0.14222222222222222,0.18775510204081633,0.22556390977443608,0.17543859649122806,0.22580645161290322,0.15789473684210525,0.23728813559322035,0.22580645161290322,0.17857142857142858,0.2,0.149812734082397,0.17560975609756097,0.23728813559322035,0.21774193548387097,0.18726591760299627,0.2702702702702703,0.20155038759689922,0.2074074074074074,0.16030534351145037,0.2222222222222222,0.17316017316017315,0.23333333333333334,0.21333333333333335,0.20080321285140562,0.20233463035019456,0.17880794701986755,0.2288135593220339,0.1696113074204947,0.1875,0.18666666666666668,0.18461538461538463,0.13333333333333333,0.21621621621621623,0.2033898305084746,0.16744186046511628,0.20175438596491227,0.16153846153846155,0.2,0.1693548387096774,0.16589861751152074,0.19047619047619047,0.20833333333333334,0.205607476635514,0.2564102564102564,0.22058823529411764,0.22413793103448276,0.20444444444444446,0.1415929203539823,0.19469026548672566,0.2018348623853211,0.20242914979757085,0.19166666666666668,0.20242914979757085,0.22745098039215686,0.20634920634920634,0.14107883817427386,0.18803418803418803,0.234375,0.21621621621621623,0.18823529411764706,0.16326530612244897,0.21678321678321677,0.1497326203208556,0.22388059701492538,0.19649122807017544,0.18181818181818182,0.27230046948356806,0.152,0.2247191011235955,0.175,0.21641791044776118,0.13991769547325103,0.17358490566037735,0.22456140350877193,0.1774193548387097,0.2062780269058296,0.16600790513833993,0.18106995884773663,0.2,0.17557251908396945,0.15849056603773584,0.19424460431654678,0.2569444444444444,0.19455252918287938,0.25101214574898784,0.19148936170212766,0.19166666666666668,0.1797752808988764,0.18032786885245902,0.14814814814814814,0.18867924528301888,0.18382352941176472,0.15162454873646208,0.2158273381294964,0.21705426356589147,0.16233766233766234,0.17721518987341772,0.18382352941176472,0.1565217391304348,0.20833333333333334,0.17937219730941703,0.24,0.17699115044247787,0.22009569377990432,0.22510822510822512,0.1382488479262673,0.125,0.2037735849056604,0.2,0.24896265560165975,0.23443223443223443,1.0,0.19433198380566802,0.1935483870967742,0.502092050209205,0.17228464419475656,0.1976284584980237,0.1895424836601307,0.1645021645021645,0.2,0.2014388489208633,0.1810344827586207,0.13714285714285715,0.1735159817351598,0.22627737226277372,0.1678832116788321,0.12142857142857143,0.19083969465648856,0.1784037558685446,0.16494845360824742
46930998,0.14184397163120568,0.1724137931034483,0.07511737089201878,0.08917197452229299,0.16964285714285715,0.26337448559670784,0.2198952879581152,0.13592233009708737,0.2756183745583039,0.15609756097560976,0.1340782122905028,0.11818181818181818,0.1276595744680851,0.17297297297297298,0.16487455197132617,0.20385674931129477,0.12459016393442623,0.13592233009708737,0.1368421052631579,0.06796116504854369,0.26548672566371684,0.20444444444444446,0.23481781376518218,0.19305019305019305,0.2518518518518518,0.16342412451361868,0.18604651162790697,0.2620689655172414,0.29770992366412213,0.21551724137931033,0.2831858407079646,0.2808219178082192,0.1752988047808765,0.24749163879598662,0.2134387351778656,0.208955223880597,0.20689655172413793,0.1896551724137931,0.08571428571428572,0.04666666666666667,0.22707423580786026,0.11320754716981132,0.12749003984063745,0.2857142857142857,0.011904761904761904,0.1388888888888889,0.2145922746781116,0.23776223776223776,0.23076923076923078,0.18627450980392157,0.23923444976076555,0.25316455696202533,0.2693877551020408,0.18867924528301888,0.17391304347826086,0.16393442622950818,0.19289340101522842,0.2764227642276423,0.05774278215223097,0.19900497512437812,0.1894150417827298,0.2575107296137339,0.20425531914893616,0.15942028985507245,0.1557377049180328,0.20532319391634982,0.16666666666666666,0.24701195219123506,0.07554671968190854,0.22053231939163498,0.23387096774193547,0.22131147540983606,0.16988416988416988,0.2903225806451613,0.3049645390070922,0.1310344827586207,0.17486338797814208,0.21774193548387097,0.1552511415525114,0.216,0.1016949152542373,0.17699115044247787,0.2336448598130841,0.24413145539906103,0.1073170731707317,0.24605678233438485,0.22535211267605634,0.1932367149758454,0.2230769230769231,0.15789473684210525,0.24347826086956523,0.1440677966101695,0.265625,0.22382671480144403,0.2594142259414226,0.20304568527918782,0.28451882845188287,0.26720647773279355,0.20077220077220076,0.29553264604810997,0.24066390041493776,0.20863309352517986,0.2777777777777778,0.3319838056680162,0.21621621621621623,0.2805755395683453,0.2575107296137339,0.29739776951672864,0.2775800711743772,0.21245421245421245,0.22053231939163498,0.2396694214876033,0.24701195219123506,0.16101694915254236,0.3076923076923077,0.1865671641791045,0.3706070287539936,0.2591093117408907,0.16326530612244897,0.26382978723404255,0.2627118644067797,0.2140221402214022,0.15254237288135594,0.18518518518518517,0.19607843137254902,0.20353982300884957,0.22594142259414227,0.23616236162361623,0.2656826568265683,0.3088803088803089,0.16666666666666666,0.16901408450704225,0.2151394422310757,0.2222222222222222,0.2605633802816901,0.24734982332155478,0.32098765432098764,0.3728813559322034,0.270042194092827,0.22784810126582278,0.1572052401746725,0.29457364341085274,0.2151394422310757,0.21705426356589147,0.24060150375939848,0.40304182509505704,0.19047619047619047,0.23673469387755103,0.2546816479400749,0.2,0.21052631578947367,0.2109375,0.2558922558922559,0.21212121212121213,0.30824372759856633,0.22297297297297297,0.24675324675324675,0.22321428571428573,0.22988505747126436,0.23741007194244604,0.15139442231075698,0.2724014336917563,0.12598425196850394,0.21739130434782608,0.17567567567567569,0.2625482625482625,0.17094017094017094,0.17424242424242425,0.1732283464566929,0.2510822510822511,0.2490842490842491,0.2826086956521739,0.22145328719723184,0.24749163879598662,0.1417910447761194,0.14728682170542637,0.23772609819121446,0.3665338645418327,0.2733812949640288,0.23872679045092837,0.18502202643171806,0.26811594202898553,0.26855123674911663,0.2222222222222222,0.2560553633217993,0.20817843866171004,0.2445141065830721,0.25,0.18374558303886926,0.17427385892116182,0.20717131474103587,0.23931623931623933,0.23754789272030652,0.22784810126582278,0.20909090909090908,0.23140495867768596,0.11403508771929824,0.13427561837455831,0.2608695652173913,0.2656826568265683,0.21428571428571427,0.30985915492957744,0.19433198380566802,1.0,0.29343629343629346,0.24,0.19424460431654678,0.1893939393939394,0.2902208201892745,0.19008264462809918,0.21262458471760798,0.23529411764705882,0.24691358024691357,0.10752688172043011,0.2608695652173913,0.1543859649122807,0.28771929824561404,0.20618556701030927,0.30036630036630035,0.24107142857142858,0.15609756097560976
46931012,0.19081272084805653,0.24892703862660945,0.102803738317757,0.10126582278481013,0.1688888888888889,0.32786885245901637,0.16666666666666666,0.18357487922705315,0.2887323943661972,0.24271844660194175,0.1111111111111111,0.13574660633484162,0.08465608465608465,0.21505376344086022,0.17142857142857143,0.26373626373626374,0.12418300653594772,0.0966183574879227,0.08376963350785341,0.07729468599033816,0.2907488986784141,0.25663716814159293,0.1774193548387097,0.16923076923076924,0.23616236162361623,0.2248062015503876,0.24347826086956523,0.27491408934707906,0.2661596958174905,0.2317596566523605,0.29955947136563876,0.27303754266211605,0.20634920634920634,0.25333333333333335,0.2755905511811024,0.18811881188118812,0.3605150214592275,0.2575107296137339,0.0947867298578199,0.09302325581395349,0.25217391304347825,0.09774436090225563,0.2222222222222222,0.27586206896551724,0.10650887573964497,0.17511520737327188,0.23076923076923078,0.2578397212543554,0.23923444976076555,0.16585365853658537,0.1619047619047619,0.3865546218487395,0.2845528455284553,0.19548872180451127,0.21153846153846154,0.20408163265306123,0.15151515151515152,0.2591093117408907,0.08376963350785341,0.19801980198019803,0.2,0.28205128205128205,0.1864406779661017,0.1444043321299639,0.2612244897959184,0.17424242424242425,0.1878453038674033,0.25396825396825395,0.09523809523809523,0.21212121212121213,0.28112449799196787,0.2693877551020408,0.24615384615384617,0.2891566265060241,0.35335689045936397,0.18556701030927836,0.1907356948228883,0.24096385542168675,0.19090909090909092,0.26294820717131473,0.1111111111111111,0.19383259911894274,0.30697674418604654,0.34579439252336447,0.07766990291262135,0.23270440251572327,0.2616822429906542,0.16346153846153846,0.22988505747126436,0.19213973799126638,0.22510822510822512,0.16033755274261605,0.2801556420233463,0.2517985611510791,0.18333333333333332,0.2222222222222222,0.26666666666666666,0.22580645161290322,0.2230769230769231,0.3219178082191781,0.24793388429752067,0.15770609318996415,0.2857142857142857,0.3870967741935484,0.2076923076923077,0.2724014336917563,0.23931623931623933,0.28888888888888886,0.2907801418439716,0.24087591240875914,0.22727272727272727,0.23868312757201646,0.2619047619047619,0.1940928270042194,0.24521072796934865,0.23048327137546468,0.2611464968152866,0.23387096774193547,0.13559322033898305,0.2796610169491525,0.27848101265822783,0.22058823529411764,0.1350210970464135,0.2140221402214022,0.2280130293159609,0.21145374449339208,0.23333333333333334,0.21323529411764705,0.25735294117647056,0.27692307692307694,0.18340611353711792,0.18947368421052632,0.24603174603174602,0.23893805309734514,0.2596491228070175,0.31690140845070425,0.29508196721311475,0.2616033755274262,0.2689075630252101,0.226890756302521,0.20869565217391303,0.2857142857142857,0.15079365079365079,0.23166023166023167,0.24719101123595505,0.26515151515151514,0.12648221343873517,0.2926829268292683,0.3283582089552239,0.2730627306273063,0.24719101123595505,0.22568093385214008,0.26174496644295303,0.16080402010050251,0.2642857142857143,0.21548821548821548,0.26537216828478966,0.18666666666666668,0.17557251908396945,0.25089605734767023,0.10317460317460317,0.30714285714285716,0.2196078431372549,0.17328519855595667,0.24242424242424243,0.24615384615384617,0.20425531914893616,0.21132075471698114,0.16470588235294117,0.31896551724137934,0.19708029197080293,0.2743682310469314,0.2620689655172414,0.23333333333333334,0.17100371747211895,0.20077220077220076,0.2268041237113402,0.29365079365079366,0.2724014336917563,0.2328042328042328,0.10526315789473684,0.23826714801444043,0.2535211267605634,0.18685121107266436,0.22758620689655173,0.16296296296296298,0.2375,0.24096385542168675,0.1619718309859155,0.17355371900826447,0.1746031746031746,0.2297872340425532,0.2366412213740458,0.19327731092436976,0.27149321266968324,0.2222222222222222,0.13973799126637554,0.1056338028169014,0.23826714801444043,0.2426470588235294,0.22134387351778656,0.41403508771929826,0.1935483870967742,0.29343629343629346,1.0,0.24701195219123506,0.17921146953405018,0.21132075471698114,0.24528301886792453,0.13991769547325103,0.25165562913907286,0.2689655172413793,0.27049180327868855,0.1711229946524064,0.3203463203463203,0.1958041958041958,0.3146853146853147,0.2328767123287671,0.30656934306569344,0.28444444444444444,0.18446601941747573
46943432,0.24817518248175183,0.22321428571428573,0.1073170731707317,0.06711409395973154,0.2037037037037037,0.2297872340425532,0.32786885245901637,0.1717171717171717,0.2545454545454545,0.15228426395939088,0.15204678362573099,0.16037735849056603,0.1111111111111111,0.12429378531073447,0.17712177121771217,0.16338028169014085,0.1414141414141414,0.1414141414141414,0.10989010989010989,0.1111111111111111,0.1834862385321101,0.22119815668202766,0.19246861924686193,0.23107569721115537,0.183206106870229,0.20883534136546184,0.15476190476190477,0.24822695035460993,0.28346456692913385,0.21428571428571427,0.25688073394495414,0.19014084507042253,0.2139917695473251,0.23367697594501718,0.2612244897959184,0.15544041450777202,0.1875,0.1875,0.0891089108910891,0.10273972602739725,0.16289592760180996,0.10116731517509728,0.14814814814814814,0.18834080717488788,0.125,0.19230769230769232,0.24888888888888888,0.2302158273381295,0.23,0.14285714285714285,0.1890547263681592,0.23580786026200873,0.23628691983122363,0.24124513618677043,0.25125628140703515,0.23728813559322035,0.20105820105820105,0.19327731092436976,0.09115281501340483,0.17616580310880828,0.18803418803418803,0.26666666666666666,0.21145374449339208,0.20149253731343283,0.2288135593220339,0.20392156862745098,0.11627906976744186,0.205761316872428,0.11313131313131314,0.23529411764705882,0.18333333333333332,0.2033898305084746,0.24701195219123506,0.225,0.27007299270072993,0.1773049645390071,0.18435754189944134,0.175,0.24644549763033174,0.18181818181818182,0.12839506172839507,0.23853211009174313,0.18446601941747573,0.2146341463414634,0.09137055837563451,0.23948220064724918,0.23414634146341465,0.22110552763819097,0.23015873015873015,0.21818181818181817,0.24324324324324326,0.19298245614035087,0.23387096774193547,0.3048327137546468,0.2077922077922078,0.2328042328042328,0.19913419913419914,0.2928870292887029,0.2868525896414343,0.24734982332155478,0.2317596566523605,0.17777777777777778,0.20192307692307693,0.27615062761506276,0.26294820717131473,0.2222222222222222,0.2577777777777778,0.24521072796934865,0.2490842490842491,0.2037735849056604,0.27450980392156865,0.19658119658119658,0.2551440329218107,0.24561403508771928,0.23809523809523808,0.23076923076923078,0.2098360655737705,0.28451882845188287,0.1958041958041958,0.23788546255506607,0.21052631578947367,0.21292775665399238,0.13157894736842105,0.22900763358778625,0.21476510067114093,0.1743119266055046,0.2510822510822511,0.20532319391634982,0.2585551330798479,0.199203187250996,0.17272727272727273,0.2246376811594203,0.23045267489711935,0.23963133640552994,0.34057971014492755,0.21818181818181817,0.28085106382978725,0.22807017543859648,0.20087336244541484,0.29694323144104806,0.2986425339366516,0.232,0.2139917695473251,0.224,0.2558139534883721,0.24313725490196078,0.13934426229508196,0.23628691983122363,0.2471042471042471,0.2366412213740458,0.20930232558139536,0.20967741935483872,0.2768166089965398,0.14736842105263157,0.23616236162361623,0.2361111111111111,0.24666666666666667,0.2777777777777778,0.18181818181818182,0.25925925925925924,0.1646090534979424,0.24354243542435425,0.15447154471544716,0.1791044776119403,0.2361111111111111,0.20717131474103587,0.24778761061946902,0.234375,0.17886178861788618,0.2600896860986547,0.21132075471698114,0.22388059701492538,0.2277580071174377,0.27491408934707906,0.19230769230769232,0.24,0.22163588390501318,0.23045267489711935,0.2518518518518518,0.22764227642276422,0.1552511415525114,0.2537313432835821,0.23272727272727273,0.19285714285714287,0.2277580071174377,0.24521072796934865,0.21864951768488747,0.21666666666666667,0.22545454545454546,0.19742489270386265,0.23045267489711935,0.21238938053097345,0.22924901185770752,0.22707423580786026,0.3018867924528302,0.2564102564102564,0.13636363636363635,0.16,0.2537313432835821,0.2509505703422053,0.29508196721311475,0.2826086956521739,0.502092050209205,0.24,0.24701195219123506,1.0,0.1925925925925926,0.21875,0.23300970873786409,0.18803418803418803,0.2525597269624573,0.2491103202846975,0.2297872340425532,0.15730337078651685,0.22522522522522523,0.21660649819494585,0.23104693140794225,0.15547703180212014,0.24150943396226415,0.24074074074074073,0.18274111675126903
49806720,0.152317880794702,0.15873015873015872,0.10300429184549356,0.0903954802259887,0.16393442622950818,0.10646387832699619,0.16113744075829384,0.168141592920354,0.19801980198019803,0.08888888888888889,0.09045226130653267,0.14166666666666666,0.10576923076923077,0.08780487804878048,0.20066889632107024,0.13577023498694518,0.16,0.21238938053097345,0.11428571428571428,0.07079646017699115,0.0975609756097561,0.20408163265306123,0.2397003745318352,0.25806451612903225,0.2206896551724138,0.12274368231046931,0.13736263736263737,0.24516129032258063,0.19858156028368795,0.14285714285714285,0.2032520325203252,0.24358974358974358,0.16974169741697417,0.15673981191222572,0.13186813186813187,0.19004524886877827,0.10317460317460317,0.10317460317460317,0.10434782608695652,0.1,0.0963855421686747,0.14736842105263157,0.0959409594095941,0.12749003984063745,0.0425531914893617,0.1694915254237288,0.12648221343873517,0.1568627450980392,0.12280701754385964,0.15178571428571427,0.16593886462882096,0.1245136186770428,0.12830188679245283,0.21754385964912282,0.14977973568281938,0.19696969696969696,0.1935483870967742,0.2706766917293233,0.12468827930174564,0.15384615384615385,0.24274406332453827,0.12648221343873517,0.24313725490196078,0.25,0.1893939393939394,0.26148409893992935,0.11,0.16236162361623616,0.08030592734225621,0.254416961130742,0.08955223880597014,0.13636363636363635,0.21505376344086022,0.15671641791044777,0.16556291390728478,0.15483870967741936,0.23834196891191708,0.1865671641791045,0.13389121338912133,0.15555555555555556,0.15242494226327943,0.17886178861788618,0.10256410256410256,0.11158798283261803,0.1511111111111111,0.26112759643916916,0.13733905579399142,0.14977973568281938,0.17857142857142858,0.13709677419354838,0.184,0.171875,0.13043478260869565,0.16161616161616163,0.2548262548262548,0.12903225806451613,0.277992277992278,0.14232209737827714,0.1863799283154122,0.2315112540192926,0.21455938697318008,0.24161073825503357,0.1694915254237288,0.17228464419475656,0.21505376344086022,0.24161073825503357,0.16600790513833993,0.15916955017301038,0.19933554817275748,0.15699658703071673,0.2756183745583039,0.1297709923664122,0.18450184501845018,0.1640625,0.17142857142857143,0.2152777777777778,0.23423423423423423,0.15730337078651685,0.267515923566879,0.14901960784313725,0.2109375,0.281786941580756,0.21875,0.1724137931034483,0.24539877300613497,0.17886178861788618,0.1776061776061776,0.21305841924398625,0.17869415807560138,0.2724014336917563,0.16129032258064516,0.25,0.18450184501845018,0.18775510204081633,0.20394736842105263,0.15841584158415842,0.16730038022813687,0.15625,0.14007782101167315,0.1556420233463035,0.20883534136546184,0.16546762589928057,0.1992619926199262,0.2158273381294964,0.16783216783216784,0.1696113074204947,0.25735294117647056,0.1811320754716981,0.20209059233449478,0.2206896551724138,0.17482517482517482,0.17391304347826086,0.2082018927444795,0.1743119266055046,0.20066889632107024,0.3037974683544304,0.23780487804878048,0.1557377049180328,0.16370106761565836,0.18120805369127516,0.16974169741697417,0.1605351170568562,0.10218978102189781,0.3108108108108108,0.20253164556962025,0.25089605734767023,0.1732283464566929,0.1619718309859155,0.22627737226277372,0.15139442231075698,0.21160409556313994,0.18243243243243243,0.21359223300970873,0.2445141065830721,0.1527777777777778,0.12949640287769784,0.23587223587223588,0.2066420664206642,0.16778523489932887,0.327455919395466,0.19433198380566802,0.16216216216216217,0.24422442244224424,0.2662337662337662,0.23300970873786409,0.2768166089965398,0.24778761061946902,0.27611940298507465,0.27722772277227725,0.1685823754789272,0.1918819188191882,0.14173228346456693,0.15658362989323843,0.1556420233463035,0.16666666666666666,0.19083969465648856,0.20161290322580644,0.21122112211221122,0.2702702702702703,0.24054982817869416,0.1323529411764706,0.19736842105263158,0.17228464419475656,0.19424460431654678,0.17921146953405018,0.1925925925925926,1.0,0.19014084507042253,0.2314540059347181,0.2595419847328244,0.2367601246105919,0.23300970873786409,0.18250950570342206,0.13592233009708737,0.144,0.1377049180327869,0.17049180327868851,0.2379421221864952,0.17747440273037543,0.1721311475409836,0.17777777777777778
49821040,0.2152777777777778,0.19327731092436976,0.1004566210045662,0.09815950920245399,0.17391304347826086,0.1927710843373494,0.2131979695431472,0.16981132075471697,0.2629757785467128,0.17061611374407584,0.15135135135135136,0.1592920353982301,0.1134020618556701,0.11518324607329843,0.1543859649122807,0.15176151761517614,0.10932475884244373,0.16037735849056603,0.11224489795918367,0.11320754716981132,0.13793103448275862,0.2077922077922078,0.18181818181818182,0.2188679245283019,0.16666666666666666,0.2737642585551331,0.15428571428571428,0.20270270270270271,0.14925373134328357,0.23529411764705882,0.1724137931034483,0.20134228187919462,0.17898832684824903,0.18360655737704917,0.22393822393822393,0.1932367149758454,0.20168067226890757,0.19327731092436976,0.12037037037037036,0.10457516339869281,0.16170212765957448,0.14760147601476015,0.1556420233463035,0.12658227848101267,0.11494252873563218,0.1891891891891892,0.22594142259414227,0.21232876712328766,0.19626168224299065,0.1523809523809524,0.19534883720930232,0.18106995884773663,0.20717131474103587,0.25092250922509224,0.1784037558685446,0.2,0.19704433497536947,0.1746031746031746,0.10852713178294573,0.1932367149758454,0.17534246575342466,0.22594142259414227,0.17427385892116182,0.1702127659574468,0.184,0.26765799256505574,0.10752688172043011,0.17120622568093385,0.11787819253438114,0.29739776951672864,0.1732283464566929,0.184,0.22641509433962265,0.1968503937007874,0.18055555555555555,0.17567567567567569,0.17204301075268819,0.2125984251968504,0.19555555555555557,0.2265625,0.1288782816229117,0.22413793103448276,0.18181818181818182,0.228310502283105,0.13270142180094788,0.22910216718266255,0.2100456621004566,0.20657276995305165,0.16541353383458646,0.18803418803418803,0.19491525423728814,0.1487603305785124,0.1984732824427481,0.22614840989399293,0.21224489795918366,0.20689655172413793,0.21224489795918366,0.20553359683794467,0.1811320754716981,0.24915824915824916,0.1862348178137652,0.16901408450704225,0.1891891891891892,0.2134387351778656,0.19622641509433963,0.22535211267605634,0.200836820083682,0.18181818181818182,0.24390243902439024,0.3010752688172043,0.23048327137546468,0.1935483870967742,0.2723735408560311,0.19834710743801653,0.15789473684210525,0.26277372262773724,0.219435736677116,0.22134387351778656,0.19333333333333333,0.1991701244813278,0.1487603305785124,0.18050541516245489,0.15702479338842976,0.17391304347826086,0.21794871794871795,0.25862068965517243,0.17959183673469387,0.20216606498194944,0.18772563176895307,0.1660377358490566,0.23931623931623933,0.2620689655172414,0.19455252918287938,0.15584415584415584,0.20689655172413793,0.17993079584775087,0.20883534136546184,0.1652892561983471,0.2139917695473251,0.18106995884773663,0.18723404255319148,0.2878787878787879,0.19455252918287938,0.1590909090909091,0.22058823529411764,0.19330855018587362,0.17829457364341086,0.24701195219123506,0.21978021978021978,0.21739130434782608,0.27205882352941174,0.32061068702290074,0.264026402640264,0.19607843137254902,0.1543859649122807,0.24503311258278146,0.21656050955414013,0.20869565217391303,0.21722846441947566,0.3028169014084507,0.19455252918287938,0.21754385964912282,0.16153846153846155,0.20567375886524822,0.23178807947019867,0.2490566037735849,0.20833333333333334,0.1925925925925926,0.2153846153846154,0.2109704641350211,0.27956989247311825,0.2765957446808511,0.22372881355932203,0.22950819672131148,0.19708029197080293,0.21212121212121213,0.15267175572519084,0.22568093385214008,0.22535211267605634,0.21409921671018275,0.2145922746781116,0.16312056737588654,0.23529411764705882,0.23809523809523808,0.23728813559322035,0.22545454545454546,0.22153846153846155,0.2204724409448819,0.22837370242214533,0.1700404858299595,0.22568093385214008,0.18333333333333332,0.1947565543071161,0.1646090534979424,0.19469026548672566,0.1935483870967742,0.20512820512820512,0.20069204152249134,0.24822695035460993,0.22382671480144403,0.18604651162790697,0.22758620689655173,0.1976284584980237,0.1893939393939394,0.21132075471698114,0.21875,0.19014084507042253,1.0,0.2043343653250774,0.22580645161290322,0.23452768729641693,0.23728813559322035,0.20883534136546184,0.14583333333333334,0.2033898305084746,0.21993127147766323,0.15807560137457044,0.2222222222222222,0.2007168458781362,0.21739130434782608,0.16113744075829384
49836027,0.17595307917888564,0.24054982817869416,0.08823529411764706,0.07407407407407407,0.1696113074204947,0.23178807947019867,0.168,0.13584905660377358,0.2982456140350877,0.12878787878787878,0.12605042016806722,0.10752688172043011,0.08097165991902834,0.11475409836065574,0.15976331360946747,0.1895734597156398,0.12087912087912088,0.2037735849056604,0.0963855421686747,0.0830188679245283,0.23157894736842105,0.16901408450704225,0.20915032679738563,0.22012578616352202,0.22492401215805471,0.16455696202531644,0.16377171215880892,0.28653295128939826,0.29283489096573206,0.16494845360824742,0.23157894736842105,0.2905982905982906,0.18064516129032257,0.29608938547486036,0.27564102564102566,0.14615384615384616,0.17869415807560138,0.17869415807560138,0.06691449814126393,0.06685236768802229,0.2222222222222222,0.09259259259259259,0.11612903225806452,0.2620689655172414,0.05286343612334802,0.15272727272727274,0.1917808219178082,0.30144927536231886,0.1797752808988764,0.1444866920152091,0.22388059701492538,0.23648648648648649,0.18421052631578946,0.24074074074074073,0.15789473684210525,0.1782178217821782,0.140625,0.24262295081967214,0.07727272727272727,0.18461538461538463,0.20574162679425836,0.273972602739726,0.1836734693877551,0.21492537313432836,0.15841584158415842,0.2360248447204969,0.1087866108786611,0.22580645161290322,0.07829181494661921,0.2360248447204969,0.20846905537459284,0.19141914191419143,0.20754716981132076,0.23452768729641693,0.25806451612903225,0.12607449856733524,0.1976470588235294,0.22149837133550487,0.1510791366906475,0.21359223300970873,0.11440677966101695,0.17543859649122806,0.18315018315018314,0.19852941176470587,0.08333333333333333,0.30319148936170215,0.19117647058823528,0.16541353383458646,0.28213166144200624,0.1672473867595819,0.18685121107266436,0.13559322033898305,0.3111111111111111,0.24404761904761904,0.22818791946308725,0.171875,0.24161073825503357,0.2222222222222222,0.20754716981132076,0.2857142857142857,0.20666666666666667,0.2433234421364985,0.2109090909090909,0.27450980392156865,0.1949685534591195,0.27299703264094954,0.22602739726027396,0.3780487804878049,0.2823529411764706,0.22289156626506024,0.2236024844720497,0.21262458471760798,0.2129032258064516,0.17627118644067796,0.2946708463949843,0.20795107033639143,0.3225806451612903,0.2222222222222222,0.19830028328611898,0.22448979591836735,0.2305084745762712,0.23030303030303031,0.12203389830508475,0.1762917933130699,0.2191780821917808,0.17543859649122806,0.2080536912751678,0.2909090909090909,0.21818181818181817,0.27044025157232704,0.15331010452961671,0.2099125364431487,0.25806451612903225,0.18309859154929578,0.25072886297376096,0.2631578947368421,0.24503311258278146,0.21016949152542372,0.22972972972972974,0.19594594594594594,0.1527777777777778,0.26498422712933756,0.2129032258064516,0.21451104100946372,0.24,0.2857142857142857,0.2315112540192926,0.21052631578947367,0.26993865030674846,0.2553191489361702,0.25846153846153846,0.21587301587301588,0.30337078651685395,0.14007782101167315,0.5798816568047337,0.2591549295774648,0.2615803814713896,0.1978798586572438,0.2,0.23738872403560832,0.14193548387096774,0.2958579881656805,0.12140575079872204,0.22686567164179106,0.24225352112676057,0.2830188679245283,0.19795221843003413,0.19195046439628483,0.22364217252396165,0.23448275862068965,0.21084337349397592,0.23880597014925373,0.3218390804597701,0.24581005586592178,0.1345565749235474,0.15141955835962145,0.3094170403587444,0.2967741935483871,0.2551928783382789,0.30275229357798167,0.16083916083916083,0.3522388059701492,0.2631578947368421,0.26512968299711814,0.3045977011494253,0.20121951219512196,0.26455026455026454,0.254071661237785,0.22807017543859648,0.16666666666666666,0.17419354838709677,0.23890784982935154,0.225,0.19594594594594594,0.1863799283154122,0.2059800664451827,0.1254355400696864,0.15204678362573099,0.2865671641791045,0.30303030303030304,0.24437299035369775,0.26822157434402333,0.1895424836601307,0.2902208201892745,0.24528301886792453,0.23300970873786409,0.2314540059347181,0.2043343653250774,1.0,0.292358803986711,0.3111111111111111,0.3218390804597701,0.24503311258278146,0.10612244897959183,0.21453287197231835,0.1569767441860465,0.26744186046511625,0.21142857142857144,0.2891566265060241,0.1978798586572438,0.15151515151515152
51371303,0.17293233082706766,0.21296296296296297,0.10152284263959391,0.09929078014184398,0.17307692307692307,0.14977973568281938,0.21714285714285714,0.1368421052631579,0.2846441947565543,0.10582010582010581,0.13496932515337423,0.10784313725490197,0.10465116279069768,0.11834319526627218,0.12167300380228137,0.09798270893371758,0.10380622837370242,0.24210526315789474,0.12643678160919541,0.07368421052631578,0.12380952380952381,0.16267942583732056,0.21645021645021645,0.2551440329218107,0.15748031496062992,0.1825726141078838,0.10365853658536585,0.20437956204379562,0.18699186991869918,0.2037037037037037,0.1619047619047619,0.21014492753623187,0.18723404255319148,0.1696113074204947,0.2109704641350211,0.17297297297297298,0.10185185185185185,0.1574074074074074,0.061855670103092786,0.056338028169014086,0.18779342723004694,0.0963855421686747,0.09361702127659574,0.12093023255813953,0.02631578947368421,0.15,0.1935483870967742,0.24444444444444444,0.1875,0.14893617021276595,0.31088082901554404,0.13574660633484162,0.13100436681222707,0.3132530120481928,0.15706806282722513,0.17543859649122806,0.1878453038674033,0.19130434782608696,0.07123287671232877,0.21621621621621623,0.16909620991253643,0.2304147465437788,0.1917808219178082,0.24615384615384617,0.16666666666666666,0.23481781376518218,0.0975609756097561,0.13617021276595745,0.08213552361396304,0.26720647773279355,0.1206896551724138,0.14912280701754385,0.18930041152263374,0.1724137931034483,0.16541353383458646,0.11678832116788321,0.1657142857142857,0.2413793103448276,0.16748768472906403,0.1794871794871795,0.10579345088161209,0.18095238095238095,0.1111111111111111,0.1116751269035533,0.09523809523809523,0.19933554817275748,0.16243654822335024,0.2513089005235602,0.23770491803278687,0.1792452830188679,0.205607476635514,0.13636363636363635,0.20833333333333334,0.19157088122605365,0.2600896860986547,0.15469613259668508,0.23318385650224216,0.17316017316017315,0.15637860082304528,0.21818181818181817,0.19555555555555557,0.31297709923664124,0.18,0.19047619047619047,0.205761316872428,0.22900763358778625,0.2304147465437788,0.1976284584980237,0.27169811320754716,0.2178988326848249,0.22672064777327935,0.20353982300884957,0.18723404255319148,0.19090909090909092,0.21311475409836064,0.1984126984126984,0.2356902356902357,0.18181818181818182,0.2517985611510791,0.1735159817351598,0.15454545454545454,0.20392156862745098,0.14545454545454545,0.11811023622047244,0.2,0.18095238095238095,0.19730941704035873,0.27450980392156865,0.1803921568627451,0.18106995884773663,0.16981132075471697,0.22388059701492538,0.26382978723404255,0.1722488038277512,0.17164179104477612,0.1348314606741573,0.16740088105726872,0.17272727272727273,0.18099547511312217,0.2081447963800905,0.18779342723004694,0.21487603305785125,0.22127659574468084,0.17355371900826447,0.184,0.19433198380566802,0.2542372881355932,0.19213973799126638,0.1752988047808765,0.15748031496062992,0.264,0.25833333333333336,0.2277580071174377,0.1978021978021978,0.19771863117870722,0.22142857142857142,0.2328767123287671,0.20192307692307693,0.17959183673469387,0.2366412213740458,0.20425531914893616,0.2509505703422053,0.10084033613445378,0.3230769230769231,0.20714285714285716,0.23045267489711935,0.22018348623853212,0.1774193548387097,0.226890756302521,0.15813953488372093,0.23346303501945526,0.2076923076923077,0.32234432234432236,0.21201413427561838,0.1349206349206349,0.14049586776859505,0.23180592991913745,0.18723404255319148,0.16030534351145037,0.21052631578947367,0.21800947867298578,0.18461538461538463,0.1947565543071161,0.22794117647058823,0.24175824175824176,0.23715415019762845,0.19801980198019803,0.22413793103448276,0.24719101123595505,0.18666666666666668,0.20425531914893616,0.1834862385321101,0.18775510204081633,0.2171945701357466,0.1568627450980392,0.21238938053097345,0.14150943396226415,0.20224719101123595,0.24615384615384617,0.26666666666666666,0.2288135593220339,0.1791044776119403,0.1645021645021645,0.19008264462809918,0.13991769547325103,0.18803418803418803,0.2595419847328244,0.22580645161290322,0.292358803986711,1.0,0.32280701754385965,0.32967032967032966,0.2026431718061674,0.11764705882352941,0.1588785046728972,0.17843866171003717,0.17100371747211895,0.16,0.1556420233463035,0.17307692307692307,0.13756613756613756
53302361,0.20307692307692307,0.28363636363636363,0.0859375,0.08,0.1947565543071161,0.23076923076923078,0.15384615384615385,0.14457831325301204,0.37423312883435583,0.12903225806451613,0.10810810810810811,0.13688212927756654,0.07792207792207792,0.09649122807017543,0.16770186335403728,0.16748768472906403,0.14367816091954022,0.1686746987951807,0.0944206008583691,0.08835341365461848,0.16356877323420074,0.22388059701492538,0.2,0.2582781456953642,0.19808306709265175,0.19333333333333333,0.165374677002584,0.2822822822822823,0.22950819672131148,0.16727272727272727,0.20817843866171004,0.2507462686567164,0.19727891156462585,0.2222222222222222,0.31756756756756754,0.13934426229508196,0.16727272727272727,0.17454545454545456,0.11857707509881422,0.09329446064139942,0.19117647058823528,0.11038961038961038,0.1292517006802721,0.1678832116788321,0.08530805687203792,0.22393822393822393,0.1956521739130435,0.3404255319148936,0.19123505976095617,0.145748987854251,0.2222222222222222,0.2,0.20833333333333334,0.2857142857142857,0.184,0.2229965156794425,0.15833333333333333,0.21453287197231835,0.10377358490566038,0.1557377049180328,0.21393034825870647,0.2826086956521739,0.19424460431654678,0.26959247648902823,0.20905923344947736,0.2222222222222222,0.08968609865470852,0.2108843537414966,0.10622710622710622,0.2679738562091503,0.19931271477663232,0.2229965156794425,0.26490066225165565,0.24742268041237114,0.23384615384615384,0.16816816816816818,0.20537897310513448,0.281786941580756,0.17557251908396945,0.22525597269624573,0.13596491228070176,0.20817843866171004,0.19455252918287938,0.2265625,0.0967741935483871,0.2722222222222222,0.3203125,0.184,0.29042904290429045,0.2066420664206642,0.1978021978021978,0.15770609318996415,0.28762541806020064,0.29375,0.20567375886524822,0.175,0.23404255319148937,0.22758620689655173,0.25165562913907286,0.31137724550898205,0.20422535211267606,0.27414330218068533,0.2084942084942085,0.2689655172413793,0.2119205298013245,0.3052959501557632,0.21014492753623187,0.28205128205128205,0.37037037037037035,0.24050632911392406,0.2679738562091503,0.17543859649122806,0.2585034013605442,0.21505376344086022,0.23102310231023102,0.24437299035369775,0.24157303370786518,0.23448275862068965,0.22551928783382788,0.2158273381294964,0.1935483870967742,0.2356687898089172,0.13620071684587814,0.1853035143769968,0.2349570200573066,0.19330855018587362,0.20567375886524822,0.2356687898089172,0.2229299363057325,0.2251655629139073,0.17712177121771217,0.25076452599388377,0.2857142857142857,0.23134328358208955,0.25076452599388377,0.25153374233128833,0.2517482517482518,0.17921146953405018,0.21428571428571427,0.2357142857142857,0.22794117647058823,0.21926910299003322,0.19727891156462585,0.21926910299003322,0.2588996763754045,0.19607843137254902,0.1694915254237288,0.2638888888888889,0.32903225806451614,0.24920127795527156,0.2783171521035599,0.24749163879598662,0.3058823529411765,0.14937759336099585,0.22981366459627328,0.24778761061946902,0.3247863247863248,0.1947565543071161,0.17763157894736842,0.2866043613707165,0.17687074829931973,0.36645962732919257,0.13468013468013468,0.23824451410658307,0.30678466076696165,0.24503311258278146,0.2527075812274368,0.20846905537459284,0.2222222222222222,0.26277372262773724,0.24050632911392406,0.23197492163009403,0.5783132530120482,0.28654970760233917,0.1864951768488746,0.19933554817275748,0.2744186046511628,0.2653061224489796,0.26791277258566976,0.2619047619047619,0.2222222222222222,0.23824451410658307,0.3067484662576687,0.24169184290030213,0.2710843373493976,0.23076923076923078,0.292817679558011,0.23367697594501718,0.27607361963190186,0.20422535211267606,0.19727891156462585,0.19494584837545126,0.2236842105263158,0.19285714285714287,0.22053231939163498,0.21052631578947367,0.16236162361623616,0.19631901840490798,0.25705329153605017,0.27388535031847133,0.2440677966101695,0.28134556574923547,0.2,0.21262458471760798,0.25165562913907286,0.2525597269624573,0.2367601246105919,0.23452768729641693,0.3111111111111111,0.32280701754385965,1.0,0.7349397590361446,0.26573426573426573,0.13100436681222707,0.21245421245421245,0.1951219512195122,0.23780487804878048,0.20359281437125748,0.24050632911392406,0.2247191011235955,0.13709677419354838
53340664,0.1853035143769968,0.3041825095057034,0.09016393442622951,0.0851063829787234,0.20392156862745098,0.25547445255474455,0.16216216216216217,0.14345991561181434,0.40764331210191085,0.13559322033898305,0.11428571428571428,0.13545816733067728,0.0821917808219178,0.10185185185185185,0.16129032258064516,0.17766497461928935,0.14285714285714285,0.17721518987341772,0.09954751131221719,0.09282700421940929,0.1867704280155642,0.2265625,0.2014388489208633,0.2689655172413793,0.19933554817275748,0.19444444444444445,0.17066666666666666,0.3052959501557632,0.23890784982935154,0.16730038022813687,0.21011673151750973,0.26625386996904027,0.2127659574468085,0.24242424242424243,0.36619718309859156,0.14655172413793102,0.18250950570342206,0.18250950570342206,0.0912863070539419,0.08459214501510574,0.2076923076923077,0.10135135135135136,0.12056737588652482,0.19083969465648856,0.08040201005025126,0.1862348178137652,0.2196969696969697,0.35962145110410093,0.20920502092050208,0.13617021276595745,0.23333333333333334,0.21641791044776118,0.21014492753623187,0.2905405405405405,0.19327731092436976,0.22545454545454546,0.16666666666666666,0.22382671480144403,0.08737864077669903,0.16379310344827586,0.21025641025641026,0.3106060606060606,0.19548872180451127,0.26058631921824105,0.20363636363636364,0.22448979591836735,0.0947867298578199,0.23404255319148937,0.10112359550561797,0.2789115646258503,0.2007168458781362,0.21818181818181817,0.25517241379310346,0.24372759856630824,0.24920127795527156,0.1557632398753894,0.20151133501259447,0.27956989247311825,0.184,0.21352313167259787,0.13063063063063063,0.2178988326848249,0.17959183673469387,0.2459016393442623,0.1016949152542373,0.26436781609195403,0.3770491803278688,0.18487394957983194,0.3024054982817869,0.21621621621621623,0.19923371647509577,0.149812734082397,0.32752613240418116,0.2922077922077922,0.2222222222222222,0.18421052631578946,0.24444444444444444,0.22302158273381295,0.2896551724137931,0.33540372670807456,0.21323529411764705,0.3042071197411003,0.21052631578947367,0.302158273381295,0.20689655172413793,0.31715210355987056,0.2196969696969697,0.30666666666666664,0.3974358974358974,0.24342105263157895,0.272108843537415,0.1978021978021978,0.2765957446808511,0.2247191011235955,0.24054982817869416,0.24749163879598662,0.2558139534883721,0.2517985611510791,0.24,0.23308270676691728,0.1947565543071161,0.23841059602649006,0.14232209737827714,0.17940199335548174,0.2314540059347181,0.20233463035019456,0.2074074074074074,0.24503311258278146,0.23841059602649006,0.2413793103448276,0.1776061776061776,0.24761904761904763,0.2907801418439716,0.21875,0.26031746031746034,0.2611464968152866,0.2773722627737226,0.1947565543071161,0.2462686567164179,0.2462686567164179,0.2230769230769231,0.23529411764705882,0.20567375886524822,0.22145328719723184,0.26262626262626265,0.22448979591836735,0.17667844522968199,0.2898550724637681,0.348993288590604,0.24584717607973422,0.2895622895622896,0.2508710801393728,0.3170731707317073,0.1572052401746725,0.23225806451612904,0.23853211009174313,0.3421828908554572,0.20392156862745098,0.18493150684931506,0.2912621359223301,0.1773049645390071,0.38064516129032255,0.12631578947368421,0.24104234527687296,0.2996941896024465,0.25517241379310346,0.2490566037735849,0.21694915254237288,0.23157894736842105,0.2900763358778626,0.24342105263157895,0.247557003257329,0.60625,0.296969696969697,0.16722408026755853,0.20069204152249134,0.28708133971291866,0.2695035460992908,0.3300970873786408,0.27941176470588236,0.2248062015503876,0.247557003257329,0.31210191082802546,0.26959247648902823,0.26875,0.22666666666666666,0.3485714285714286,0.24372759856630824,0.27388535031847133,0.20588235294117646,0.19858156028368795,0.2037735849056604,0.2328767123287671,0.208955223880597,0.22310756972111553,0.21978021978021978,0.16216216216216217,0.19745222929936307,0.26058631921824105,0.26490066225165565,0.26148409893992935,0.3111111111111111,0.2014388489208633,0.23529411764705882,0.2689655172413793,0.2491103202846975,0.23300970873786409,0.23728813559322035,0.3218390804597701,0.32967032967032966,0.7349397590361446,1.0,0.2846715328467153,0.1382488479262673,0.2222222222222222,0.1962025316455696,0.25316455696202533,0.2111801242236025,0.2565789473684211,0.22745098039215686,0.1440677966101695
53394750,0.1348314606741573,0.2488479262672811,0.1111111111111111,0.08450704225352113,0.15311004784688995,0.3333333333333333,0.18181818181818182,0.17801047120418848,0.35074626865671643,0.21052631578947367,0.13414634146341464,0.13658536585365855,0.11560693641618497,0.17647058823529413,0.18181818181818182,0.21839080459770116,0.12413793103448276,0.18848167539267016,0.12571428571428572,0.11518324607329843,0.24644549763033174,0.24761904761904763,0.19827586206896552,0.20491803278688525,0.2980392156862745,0.23140495867768596,0.2006079027355623,0.2909090909090909,0.22672064777327935,0.2119815668202765,0.3033175355450237,0.2888086642599278,0.1864406779661017,0.20422535211267606,0.23529411764705882,0.21505376344086022,0.2304147465437788,0.23963133640552994,0.11282051282051282,0.08421052631578947,0.2336448598130841,0.104,0.1694915254237288,0.26851851851851855,0.0915032679738562,0.1791044776119403,0.2018348623853211,0.2140221402214022,0.20725388601036268,0.20105820105820105,0.21649484536082475,0.26126126126126126,0.24347826086956523,0.224,0.19791666666666666,0.22707423580786026,0.2087912087912088,0.24242424242424243,0.08743169398907104,0.15053763440860216,0.22674418604651161,0.25688073394495414,0.17272727272727273,0.19157088122605365,0.16593886462882096,0.1935483870967742,0.19393939393939394,0.2033898305084746,0.08196721311475409,0.23387096774193547,0.2145922746781116,0.3318777292576419,0.19672131147540983,0.2575107296137339,0.299625468164794,0.15272727272727274,0.22792022792022792,0.27467811158798283,0.17647058823529413,0.23829787234042554,0.12562814070351758,0.23696682464454977,0.2613065326633166,0.3838383838383838,0.10526315789473684,0.2582781456953642,0.30303030303030304,0.17708333333333334,0.23673469387755103,0.2347417840375587,0.17674418604651163,0.17194570135746606,0.29045643153526973,0.21374045801526717,0.23214285714285715,0.2087912087912088,0.25892857142857145,0.20689655172413793,0.19672131147540983,0.2898550724637681,0.26548672566371684,0.20532319391634982,0.30845771144278605,0.27586206896551724,0.18032786885245902,0.2661596958174905,0.1834862385321101,0.2677165354330709,0.3533834586466165,0.23255813953488372,0.27419354838709675,0.2290748898678414,0.211864406779661,0.23529411764705882,0.22857142857142856,0.20553359683794467,0.2684563758389262,0.21551724137931033,0.17921146953405018,0.22727272727272727,0.22624434389140272,0.2109375,0.15384615384615385,0.1803921568627451,0.19243986254295534,0.20853080568720378,0.22321428571428573,0.28125,0.2109375,0.27049180327868855,0.18779342723004694,0.22304832713754646,0.211864406779661,0.2,0.2379182156133829,0.2462686567164179,0.23684210526315788,0.22624434389140272,0.26126126126126126,0.23423423423423423,0.18691588785046728,0.23045267489711935,0.17796610169491525,0.2222222222222222,0.22310756972111553,0.23387096774193547,0.21940928270042195,0.25217391304347825,0.25396825396825395,0.22745098039215686,0.18326693227091634,0.2157676348547718,0.24822695035460993,0.18579234972677597,0.24242424242424243,0.24199288256227758,0.27986348122866894,0.22009569377990432,0.24390243902439024,0.23574144486692014,0.15254237288135594,0.25,0.16736401673640167,0.19157088122605365,0.2775800711743772,0.30327868852459017,0.1917808219178082,0.2248995983935743,0.19246861924686193,0.25925925925925924,0.24031007751937986,0.2681992337164751,0.29927007299270075,0.23943661971830985,0.1976284584980237,0.19753086419753085,0.23655913978494625,0.2542372881355932,0.22813688212927757,0.20994475138121546,0.16037735849056603,0.19923371647509577,0.2537313432835821,0.1978021978021978,0.29927007299270075,0.2047244094488189,0.2236842105263158,0.26609442060085836,0.20149253731343283,0.19469026548672566,0.2033898305084746,0.2100456621004566,0.2032520325203252,0.1891891891891892,0.2731707317073171,0.19383259911894274,0.1784037558685446,0.1417910447761194,0.2681992337164751,0.265625,0.2109704641350211,0.22304832713754646,0.1810344827586207,0.24691358024691357,0.27049180327868855,0.2297872340425532,0.18250950570342206,0.20883534136546184,0.24503311258278146,0.2026431718061674,0.26573426573426573,0.2846715328467153,1.0,0.17543859649122806,0.40930232558139534,0.18518518518518517,0.26666666666666666,0.2318840579710145,0.21705426356589147,0.27751196172248804,0.21052631578947367
54676905,0.12380952380952381,0.2375,0.09929078014184398,0.11764705882352941,0.19736842105263158,0.17543859649122806,0.15126050420168066,0.19402985074626866,0.15165876777251186,0.19548872180451127,0.14953271028037382,0.0945945945945946,0.1206896551724138,0.1415929203539823,0.12560386473429952,0.11683848797250859,0.08583690987124463,0.13432835820895522,0.11864406779661017,0.1044776119402985,0.16883116883116883,0.20915032679738563,0.13714285714285715,0.11764705882352941,0.1111111111111111,0.1837837837837838,0.125,0.14678899082568808,0.11578947368421053,0.1375,0.14285714285714285,0.09090909090909091,0.1340782122905028,0.10572687224669604,0.17679558011049723,0.13953488372093023,0.175,0.175,0.15942028985507245,0.09649122807017543,0.12738853503184713,0.09326424870466321,0.1452513966480447,0.11320754716981132,0.16666666666666666,0.1527777777777778,0.13664596273291926,0.14953271028037382,0.16176470588235295,0.13636363636363635,0.13138686131386862,0.13333333333333333,0.17341040462427745,0.16580310880829016,0.1925925925925926,0.18604651162790697,0.192,0.11494252873563218,0.08414239482200647,0.15503875968992248,0.11846689895470383,0.16149068322981366,0.147239263803681,0.12745098039215685,0.16279069767441862,0.14659685863874344,0.2037037037037037,0.1340782122905028,0.06496519721577726,0.15706806282722513,0.17045454545454544,0.1511627906976744,0.20320855614973263,0.1590909090909091,0.13333333333333333,0.11009174311926606,0.11564625850340136,0.13636363636363635,0.23129251700680273,0.1348314606741573,0.06451612903225806,0.18181818181818182,0.19718309859154928,0.22695035460992907,0.09022556390977443,0.1469387755102041,0.2127659574468085,0.16296296296296298,0.13829787234042554,0.19230769230769232,0.12658227848101267,0.12195121951219512,0.15217391304347827,0.13658536585365855,0.11976047904191617,0.24,0.1437125748502994,0.12571428571428572,0.1711229946524064,0.136986301369863,0.15384615384615385,0.0970873786407767,0.1388888888888889,0.17142857142857143,0.1497326203208556,0.13592233009708737,0.12422360248447205,0.14213197969543148,0.15311004784688995,0.14925373134328357,0.14659685863874344,0.1411764705882353,0.1340782122905028,0.25609756097560976,0.10638297872340426,0.16326530612244897,0.08298755186721991,0.16,0.0990990990990991,0.15950920245398773,0.13414634146341464,0.1306532663316583,0.12195121951219512,0.16161616161616163,0.1111111111111111,0.2077922077922078,0.11976047904191617,0.11055276381909548,0.11055276381909548,0.10695187165775401,0.19230769230769232,0.14150943396226415,0.1787709497206704,0.13071895424836602,0.12264150943396226,0.15165876777251186,0.1871345029239766,0.10975609756097561,0.10909090909090909,0.12121212121212122,0.22929936305732485,0.11827956989247312,0.11173184357541899,0.15053763440860216,0.16494845360824742,0.11518324607329843,0.08888888888888889,0.17341040462427745,0.19487179487179487,0.1717171717171717,0.12371134020618557,0.18478260869565216,0.12444444444444444,0.19047619047619047,0.13526570048309178,0.11607142857142858,0.1271186440677966,0.17105263157894737,0.1164021164021164,0.11650485436893204,0.0782122905027933,0.15458937198067632,0.14285714285714285,0.10784313725490197,0.16071428571428573,0.13903743315508021,0.18518518518518517,0.16666666666666666,0.17582417582417584,0.18867924528301888,0.14925373134328357,0.11764705882352941,0.14746543778801843,0.13215859030837004,0.15306122448979592,0.1935483870967742,0.09523809523809523,0.1564245810055866,0.1553398058252427,0.10491803278688525,0.12903225806451613,0.12745098039215685,0.13270142180094788,0.09259259259259259,0.11981566820276497,0.1116751269035533,0.12955465587044535,0.19318181818181818,0.13270142180094788,0.16568047337278108,0.1564245810055866,0.13580246913580246,0.12698412698412698,0.10909090909090909,0.17567567567567569,0.12941176470588237,0.1282051282051282,0.07582938388625593,0.13725490196078433,0.1306532663316583,0.13333333333333333,0.14150943396226415,0.13714285714285715,0.10752688172043011,0.1711229946524064,0.15730337078651685,0.13592233009708737,0.14583333333333334,0.10612244897959183,0.11764705882352941,0.13100436681222707,0.1382488479262673,0.17543859649122806,1.0,0.189873417721519,0.16901408450704225,0.12206572769953052,0.136986301369863,0.12935323383084577,0.15789473684210525,0.21052631578947367
54685215,0.13385826771653545,0.23529411764705882,0.15135135135135136,0.10852713178294573,0.16326530612244897,0.33488372093023255,0.18404907975460122,0.21348314606741572,0.23529411764705882,0.2824858757062147,0.13245033112582782,0.14583333333333334,0.1375,0.2929936305732484,0.18326693227091634,0.2507462686567164,0.11552346570397112,0.11235955056179775,0.13580246913580246,0.12359550561797752,0.3333333333333333,0.2233502538071066,0.2100456621004566,0.1645021645021645,0.3140495867768595,0.26200873362445415,0.25316455696202533,0.25190839694656486,0.21367521367521367,0.28431372549019607,0.32323232323232326,0.30303030303030304,0.17937219730941703,0.2066420664206642,0.24,0.19653179190751446,0.3333333333333333,0.3431372549019608,0.08791208791208792,0.11029411764705882,0.26865671641791045,0.09282700421940929,0.2600896860986547,0.3251231527093596,0.15714285714285714,0.1595744680851064,0.23414634146341465,0.20155038759689922,0.2222222222222222,0.19318181818181818,0.17679558011049723,0.3062200956937799,0.30414746543778803,0.1940928270042194,0.22346368715083798,0.17592592592592593,0.16568047337278108,0.24770642201834864,0.09631728045325778,0.18497109826589594,0.21148036253776434,0.23414634146341465,0.17391304347826086,0.12903225806451613,0.21296296296296297,0.18723404255319148,0.2236842105263158,0.242152466367713,0.10105263157894737,0.17872340425531916,0.2818181818181818,0.3148148148148148,0.18181818181818182,0.2909090909090909,0.3779527559055118,0.15267175572519084,0.20710059171597633,0.33636363636363636,0.2094240837696335,0.2972972972972973,0.11948051948051948,0.21212121212121213,0.3333333333333333,0.34594594594594597,0.06779661016949153,0.2422145328719723,0.24864864864864866,0.18994413407821228,0.22413793103448276,0.24,0.16831683168316833,0.17307692307692307,0.2807017543859649,0.21686746987951808,0.21800947867298578,0.2485207100591716,0.2559241706161137,0.2100456621004566,0.19047619047619047,0.2661596958174905,0.22535211267605634,0.184,0.32978723404255317,0.3013698630136986,0.18181818181818182,0.232,0.18536585365853658,0.26556016597510373,0.23715415019762845,0.2530612244897959,0.2723404255319149,0.27102803738317754,0.2062780269058296,0.22115384615384615,0.2413793103448276,0.16666666666666666,0.2807017543859649,0.2191780821917808,0.12781954887218044,0.24154589371980675,0.2692307692307692,0.18930041152263374,0.125,0.2231404958677686,0.19424460431654678,0.21212121212121213,0.24644549763033174,0.2551440329218107,0.18106995884773663,0.2683982683982684,0.21,0.1640625,0.21524663677130046,0.19289340101522842,0.1953125,0.3058823529411765,0.22325581395348837,0.3076923076923077,0.27751196172248804,0.20095693779904306,0.1791044776119403,0.28695652173913044,0.13452914798206278,0.21739130434782608,0.226890756302521,0.23829787234042554,0.17857142857142858,0.2488479262672811,0.2510460251046025,0.2231404958677686,0.19327731092436976,0.20175438596491227,0.18587360594795538,0.15294117647058825,0.22310756972111553,0.19402985074626866,0.21428571428571427,0.23469387755102042,0.22317596566523606,0.208,0.10762331838565023,0.22310756972111553,0.25663716814159293,0.16129032258064516,0.21641791044776118,0.30303030303030304,0.22330097087378642,0.2033898305084746,0.168141592920354,0.2857142857142857,0.19591836734693877,0.31451612903225806,0.21455938697318008,0.1992619926199262,0.175,0.22608695652173913,0.20612813370473537,0.28699551569506726,0.216,0.1833810888252149,0.1306532663316583,0.18548387096774194,0.22745098039215686,0.16153846153846155,0.29118773946360155,0.15767634854771784,0.20618556701030927,0.2545454545454545,0.1568627450980392,0.1784037558685446,0.17937219730941703,0.24271844660194175,0.19742489270386265,0.18181818181818182,0.23958333333333334,0.18691588785046728,0.12,0.10196078431372549,0.22580645161290322,0.2139917695473251,0.22321428571428573,0.234375,0.1735159817351598,0.2608695652173913,0.3203463203463203,0.22522522522522523,0.144,0.2033898305084746,0.21453287197231835,0.1588785046728972,0.21245421245421245,0.2222222222222222,0.40930232558139534,0.189873417721519,1.0,0.20233463035019456,0.31906614785992216,0.23574144486692014,0.24489795918367346,0.2755102040816326,0.24858757062146894
56962337,0.2459546925566343,0.2084942084942085,0.125,0.05434782608695652,0.199203187250996,0.2,0.1926605504587156,0.1630901287553648,0.2,0.1896551724137931,0.13592233009708737,0.145748987854251,0.28837209302325584,0.11320754716981132,0.1830065359477124,0.17435897435897435,0.1566265060240964,0.11158798283261803,0.1935483870967742,0.27467811158798283,0.17391304347826086,0.1984126984126984,0.16058394160583941,0.2097902097902098,0.16835016835016836,0.2323943661971831,0.20485175202156333,0.2334384858044164,0.17993079584775087,0.23166023166023167,0.15810276679841898,0.15673981191222572,0.2014388489208633,0.2085889570552147,0.2357142857142857,0.14035087719298245,0.16216216216216217,0.2084942084942085,0.09282700421940929,0.14067278287461774,0.1640625,0.15753424657534246,0.17985611510791366,0.13953488372093023,0.08205128205128205,0.13168724279835392,0.2230769230769231,0.2108626198083067,0.1702127659574468,0.12121212121212122,0.1694915254237288,0.17424242424242425,0.21323529411764705,0.1917808219178082,0.1623931623931624,0.17712177121771217,0.13392857142857142,0.1391941391941392,0.12745098039215685,0.15789473684210525,0.15544041450777202,0.23846153846153847,0.1450381679389313,0.14521452145214522,0.1992619926199262,0.1724137931034483,0.0966183574879227,0.17266187050359713,0.18867924528301888,0.2206896551724138,0.17454545454545456,0.1992619926199262,0.2097902097902098,0.17454545454545456,0.23948220064724918,0.1829652996845426,0.15776081424936386,0.15272727272727274,0.1951219512195122,0.18772563176895307,0.16363636363636364,0.17391304347826086,0.16597510373443983,0.24166666666666667,0.09482758620689655,0.25,0.21666666666666667,0.20512820512820512,0.17421602787456447,0.19607843137254902,0.2178988326848249,0.17490494296577946,0.21201413427561838,0.23026315789473684,0.15789473684210525,0.17857142857142858,0.19548872180451127,0.18248175182481752,0.20279720279720279,0.24528301886792453,0.17164179104477612,0.18360655737704917,0.1728395061728395,0.19708029197080293,0.18181818181818182,0.19672131147540983,0.2230769230769231,0.20270270270270271,0.19480519480519481,0.22,0.2206896551724138,0.17843866171003717,0.2158273381294964,0.20532319391634982,0.1602787456445993,0.2305084745762712,0.13529411764705881,0.19708029197080293,0.16822429906542055,0.16793893129770993,0.1444866920152091,0.15436241610738255,0.12167300380228137,0.2222222222222222,0.15015015015015015,0.15810276679841898,0.18045112781954886,0.18791946308724833,0.1610738255033557,0.13286713286713286,0.14901960784313725,0.1864951768488746,0.2014388489208633,0.14285714285714285,0.1864951768488746,0.2645161290322581,0.25925925925925924,0.1520912547528517,0.1893939393939394,0.19696969696969696,0.1953125,0.20350877192982456,0.18705035971223022,0.1543859649122807,0.19112627986348124,0.1793103448275862,0.12186379928315412,0.22058823529411764,0.24489795918367346,0.19528619528619529,0.19795221843003413,0.21908127208480566,0.2037037037037037,0.13333333333333333,0.20261437908496732,0.19195046439628483,0.20298507462686566,0.3346613545816733,0.2361111111111111,0.2360655737704918,0.17985611510791366,0.20261437908496732,0.18505338078291814,0.132013201320132,0.21052631578947367,0.16083916083916083,0.1685823754789272,0.2268041237113402,0.17793594306049823,0.20155038759689922,0.19333333333333333,0.19801980198019803,0.1962025316455696,0.26993865030674846,0.15593220338983052,0.28771929824561404,0.1497584541062802,0.16546762589928057,0.19672131147540983,0.15841584158415842,0.16535433070866143,0.15181518151815182,0.1935483870967742,0.16507936507936508,0.189873417721519,0.17567567567567569,0.2023121387283237,0.20363636363636364,0.17419354838709677,0.15671641791044777,0.17985611510791366,0.1685823754789272,0.2152777777777778,0.18181818181818182,0.17813765182186234,0.18587360594795538,0.1568627450980392,0.15483870967741936,0.19141914191419143,0.174496644295302,0.21505376344086022,0.24437299035369775,0.22627737226277372,0.1543859649122807,0.1958041958041958,0.21660649819494585,0.1377049180327869,0.21993127147766323,0.1569767441860465,0.17843866171003717,0.1951219512195122,0.1962025316455696,0.18518518518518517,0.16901408450704225,0.20233463035019456,1.0,0.15384615384615385,0.13836477987421383,0.2,0.18326693227091634,0.1810344827586207
56965967,0.1488673139158576,0.22393822393822393,0.1,0.16304347826086957,0.14342629482071714,0.2962962962962963,0.13761467889908258,0.1630901287553648,0.25806451612903225,0.1896551724137931,0.0970873786407767,0.13765182186234817,0.09302325581395349,0.1792452830188679,0.16339869281045752,0.2512820512820513,0.10843373493975904,0.08583690987124463,0.11059907834101383,0.08583690987124463,0.2845849802371542,0.1746031746031746,0.1897810218978102,0.1958041958041958,0.2222222222222222,0.19014084507042253,0.2210242587601078,0.25236593059936907,0.2560553633217993,0.20077220077220076,0.2608695652173913,0.26959247648902823,0.17266187050359713,0.26380368098159507,0.2642857142857143,0.16666666666666666,0.23166023166023167,0.23166023166023167,0.04219409282700422,0.07339449541284404,0.234375,0.0684931506849315,0.19424460431654678,0.2558139534883721,0.08205128205128205,0.14814814814814814,0.19230769230769232,0.24920127795527156,0.17872340425531916,0.1471861471861472,0.1694915254237288,0.30303030303030304,0.27205882352941174,0.17123287671232876,0.18803418803418803,0.17712177121771217,0.16071428571428573,0.2271062271062271,0.07352941176470588,0.16666666666666666,0.19689119170984457,0.26153846153846155,0.17557251908396945,0.15181518151815182,0.2140221402214022,0.15862068965517243,0.1642512077294686,0.2302158273381295,0.1018867924528302,0.1724137931034483,0.24727272727272728,0.25092250922509224,0.21678321678321677,0.28363636363636363,0.3106796116504854,0.15141955835962145,0.183206106870229,0.23272727272727273,0.16260162601626016,0.21660649819494585,0.11363636363636363,0.2450592885375494,0.2572614107883817,0.3,0.05172413793103448,0.21511627906976744,0.225,0.1452991452991453,0.23693379790940766,0.27450980392156865,0.17120622568093385,0.1520912547528517,0.28975265017667845,0.23684210526315788,0.16541353383458646,0.20535714285714285,0.22556390977443608,0.19708029197080293,0.2097902097902098,0.2830188679245283,0.2537313432835821,0.1901639344262295,0.2222222222222222,0.29927007299270075,0.1958041958041958,0.22295081967213115,0.18461538461538463,0.2972972972972973,0.2532467532467532,0.19333333333333333,0.23448275862068965,0.22304832713754646,0.2014388489208633,0.22053231939163498,0.2857142857142857,0.18983050847457628,0.31176470588235294,0.23357664233576642,0.1557632398753894,0.2748091603053435,0.2889733840304182,0.2214765100671141,0.13688212927756654,0.18855218855218855,0.2042042042042042,0.18972332015810275,0.21804511278195488,0.2080536912751678,0.2550335570469799,0.25874125874125875,0.1568627450980392,0.15434083601286175,0.2589928057553957,0.23015873015873015,0.2508038585209003,0.3032258064516129,0.2814814814814815,0.2509505703422053,0.26515151515151514,0.23484848484848486,0.1953125,0.3017543859649123,0.17985611510791366,0.21754385964912282,0.28668941979522183,0.25517241379310346,0.14336917562724014,0.2426470588235294,0.2585034013605442,0.24915824915824916,0.20477815699658702,0.17667844522968199,0.24074074074074073,0.1688888888888889,0.26143790849673204,0.19195046439628483,0.24477611940298508,0.1752988047808765,0.18055555555555555,0.22295081967213115,0.10071942446043165,0.2549019607843137,0.19217081850533807,0.15841584158415842,0.21671826625386997,0.2727272727272727,0.24521072796934865,0.18556701030927836,0.16370106761565836,0.2713178294573643,0.19333333333333333,0.2706270627062706,0.22784810126582278,0.2331288343558282,0.15593220338983052,0.16842105263157894,0.2560386473429952,0.26618705035971224,0.26229508196721313,0.26732673267326734,0.11023622047244094,0.264026402640264,0.23870967741935484,0.18412698412698414,0.22151898734177214,0.14189189189189189,0.26011560693641617,0.23272727272727273,0.1870967741935484,0.21641791044776118,0.15827338129496402,0.20689655172413793,0.2361111111111111,0.17424242424242425,0.23481781376518218,0.23048327137546468,0.09411764705882353,0.10967741935483871,0.21782178217821782,0.2080536912751678,0.23655913978494625,0.27009646302250806,0.1678832116788321,0.28771929824561404,0.3146853146853147,0.23104693140794225,0.17049180327868851,0.15807560137457044,0.26744186046511625,0.17100371747211895,0.23780487804878048,0.25316455696202533,0.26666666666666666,0.12206572769953052,0.31906614785992216,0.15384615384615385,1.0,0.1949685534591195,0.2866666666666667,0.23904382470119523,0.16379310344827586
57339144,0.08888888888888889,0.1660377358490566,0.056910569105691054,0.06315789473684211,0.10116731517509728,0.2246376811594203,0.10714285714285714,0.100418410041841,0.23417721518987342,0.2184873949579832,0.09433962264150944,0.09486166007905138,0.08144796380090498,0.1559633027522936,0.12179487179487179,0.18181818181818182,0.08875739644970414,0.1589958158995816,0.08071748878923767,0.08368200836820083,0.19305019305019305,0.18604651162790697,0.11428571428571428,0.15753424657534246,0.1782178217821782,0.15172413793103448,0.1909814323607427,0.21052631578947367,0.1423728813559322,0.15849056603773584,0.18532818532818532,0.23384615384615384,0.13380281690140844,0.13855421686746988,0.17482517482517482,0.15384615384615385,0.2188679245283019,0.19622641509433963,0.0823045267489712,0.07207207207207207,0.183206106870229,0.11409395973154363,0.15492957746478872,0.1590909090909091,0.06965174129353234,0.13654618473895583,0.16541353383458646,0.18181818181818182,0.1825726141078838,0.14345991561181434,0.1322314049586777,0.2,0.2446043165467626,0.18791946308724833,0.15833333333333333,0.16606498194945848,0.16521739130434782,0.21505376344086022,0.10144927536231885,0.11965811965811966,0.1989795918367347,0.19548872180451127,0.11194029850746269,0.1488673139158576,0.10830324909747292,0.22972972972972974,0.1596244131455399,0.15492957746478872,0.06343283582089553,0.24324324324324326,0.20640569395017794,0.17328519855595667,0.136986301369863,0.19217081850533807,0.19682539682539682,0.11145510835913312,0.21052631578947367,0.25622775800711745,0.11904761904761904,0.31802120141342755,0.16591928251121077,0.2084942084942085,0.2591093117408907,0.2601626016260163,0.10084033613445378,0.32571428571428573,0.18699186991869918,0.10833333333333334,0.15699658703071673,0.1685823754789272,0.12927756653992395,0.12639405204460966,0.17993079584775087,0.14838709677419354,0.17647058823529413,0.19130434782608696,0.2647058823529412,0.14285714285714285,0.14383561643835616,0.24074074074074073,0.145985401459854,0.14790996784565916,0.17670682730923695,0.20714285714285716,0.1232876712328767,0.21864951768488747,0.13533834586466165,0.17880794701986755,0.2356687898089172,0.2679738562091503,0.17567567567567569,0.16,0.1619718309859155,0.14869888475836432,0.14334470989761092,0.16611295681063123,0.2254335260115607,0.17142857142857143,0.19571865443425077,0.19402985074626866,0.17100371747211895,0.16447368421052633,0.15613382899628253,0.15181518151815182,0.2359882005899705,0.21621621621621623,0.14705882352941177,0.23026315789473684,0.13157894736842105,0.2054794520547945,0.19923371647509577,0.26498422712933756,0.16901408450704225,0.13953488372093023,0.1892744479495268,0.18354430379746836,0.17391304347826086,0.17843866171003717,0.17777777777777778,0.1259259259259259,0.11450381679389313,0.17869415807560138,0.15492957746478872,0.15120274914089346,0.1605351170568562,0.1891891891891892,0.20350877192982456,0.17985611510791366,0.19333333333333333,0.23102310231023102,0.14715719063545152,0.2422145328719723,0.21212121212121213,0.15584415584415584,0.15384615384615385,0.3221884498480243,0.19941348973607037,0.13229571984435798,0.20408163265306123,0.2315112540192926,0.09154929577464789,0.1987179487179487,0.15331010452961671,0.20711974110032363,0.24924012158054712,0.3219178082191781,0.14232209737827714,0.14814814814814814,0.21602787456445993,0.21212121212121213,0.2222222222222222,0.2459546925566343,0.2236024844720497,0.18072289156626506,0.1461794019933555,0.15120274914089346,0.24761904761904763,0.2676056338028169,0.17363344051446947,0.2780487804878049,0.15384615384615385,0.13592233009708737,0.22784810126582278,0.22429906542056074,0.2360248447204969,0.17218543046357615,0.19318181818181818,0.23487544483985764,0.1962025316455696,0.13138686131386862,0.18309859154929578,0.15730337078651685,0.14965986394557823,0.1259259259259259,0.15810276679841898,0.14545454545454545,0.1685823754789272,0.2468354430379747,0.23948220064724918,0.24342105263157895,0.14736842105263157,0.15141955835962145,0.12142857142857143,0.20618556701030927,0.2328767123287671,0.15547703180212014,0.2379421221864952,0.2222222222222222,0.21142857142857144,0.16,0.20359281437125748,0.2111801242236025,0.2318840579710145,0.136986301369863,0.23574144486692014,0.13836477987421383,0.1949685534591195,1.0,0.1895424836601307,0.20233463035019456,0.14285714285714285
66577006,0.1750841750841751,0.23481781376518218,0.09649122807017543,0.09302325581395349,0.23430962343096234,0.26356589147286824,0.17475728155339806,0.16289592760180996,0.3422818791946309,0.16363636363636364,0.12371134020618557,0.1276595744680851,0.08866995073891626,0.13,0.1836734693877551,0.20634920634920634,0.125,0.1085972850678733,0.08780487804878048,0.07239819004524888,0.23236514522821577,0.19166666666666668,0.20610687022900764,0.23357664233576642,0.22456140350877193,0.17647058823529413,0.18384401114206128,0.26229508196721313,0.3104693140794224,0.21052631578947367,0.29045643153526973,0.28664495114006516,0.24812030075187969,0.3503184713375796,0.2537313432835821,0.2037037037037037,0.21862348178137653,0.21052631578947367,0.05333333333333334,0.06984126984126984,0.22950819672131148,0.09285714285714286,0.15789473684210525,0.25203252032520324,0.06557377049180328,0.1471861471861472,0.2903225806451613,0.34551495016611294,0.27802690582959644,0.1552511415525114,0.16071428571428573,0.23809523809523808,0.25384615384615383,0.22142857142857142,0.2702702702702703,0.18532818532818532,0.11320754716981132,0.26053639846743293,0.06060606060606061,0.2037037037037037,0.1711229946524064,0.45161290322580644,0.192,0.17869415807560138,0.1776061776061776,0.20863309352517986,0.14358974358974358,0.3157894736842105,0.09652509652509653,0.2302158273381295,0.24334600760456274,0.20077220077220076,0.23357664233576642,0.2661596958174905,0.30976430976430974,0.15081967213114755,0.15748031496062992,0.19011406844106463,0.21367521367521367,0.1811320754716981,0.11214953271028037,0.1825726141078838,0.28820960698689957,0.2719298245614035,0.08181818181818182,0.25903614457831325,0.21929824561403508,0.1891891891891892,0.23272727272727273,0.18106995884773663,0.22857142857142856,0.1593625498007968,0.2730627306273063,0.3013698630136986,0.2204724409448819,0.1792452830188679,0.25196850393700787,0.2900763358778626,0.25547445255474455,0.30718954248366015,0.21875,0.16382252559726962,0.2510822510822511,0.33587786259541985,0.24817518248175183,0.26621160409556316,0.25806451612903225,0.29577464788732394,0.3310810810810811,0.2222222222222222,0.19424460431654678,0.22568093385214008,0.3308270676691729,0.20717131474103587,0.2545454545454545,0.24734982332155478,0.27439024390243905,0.2748091603053435,0.18122977346278318,0.24,0.2948207171314741,0.23776223776223776,0.10358565737051793,0.19649122807017544,0.23052959501557632,0.1908713692946058,0.2992125984251969,0.23076923076923078,0.23076923076923078,0.29927007299270075,0.15637860082304528,0.1806020066889632,0.22556390977443608,0.24166666666666667,0.23411371237458195,0.31543624161073824,0.31007751937984496,0.26294820717131473,0.2777777777777778,0.2222222222222222,0.1721311475409836,0.3076923076923077,0.17293233082706766,0.27106227106227104,0.2918149466192171,0.2949640287769784,0.14232209737827714,0.25384615384615383,0.36879432624113473,0.3017543859649123,0.2918149466192171,0.2066420664206642,0.28846153846153844,0.13145539906103287,0.3197278911564626,0.26366559485530544,0.23529411764705882,0.22594142259414227,0.2318840579710145,0.3003412969283277,0.10526315789473684,0.3333333333333333,0.15613382899628253,0.20618556701030927,0.21221864951768488,0.2116788321167883,0.2248995983935743,0.24372759856630824,0.17100371747211895,0.34146341463414637,0.2152777777777778,0.281786941580756,0.2565789473684211,0.2484076433121019,0.12014134275618374,0.18315018315018314,0.24875621890547264,0.2706766917293233,0.26621160409556316,0.29081632653061223,0.1487603305785124,0.32989690721649484,0.30201342281879195,0.25742574257425743,0.25,0.18309859154929578,0.23952095808383234,0.24334600760456274,0.2214765100671141,0.2109375,0.16541353383458646,0.23293172690763053,0.3115942028985507,0.24603174603174602,0.19574468085106383,0.24124513618677043,0.0823045267489712,0.10738255033557047,0.28865979381443296,0.2937062937062937,0.23220973782771537,0.3076923076923077,0.19083969465648856,0.30036630036630035,0.30656934306569344,0.24150943396226415,0.17747440273037543,0.2007168458781362,0.2891566265060241,0.1556420233463035,0.24050632911392406,0.2565789473684211,0.21705426356589147,0.12935323383084577,0.24489795918367346,0.2,0.2866666666666667,0.1895424836601307,1.0,0.301255230125523,0.15454545454545454
71271629,0.1532258064516129,0.2727272727272727,0.11173184357541899,0.13008130081300814,0.22105263157894736,0.22966507177033493,0.1910828025477707,0.18604651162790697,0.2248995983935743,0.1871345029239766,0.13793103448275862,0.1827956989247312,0.1038961038961039,0.15894039735099338,0.20408163265306123,0.182370820668693,0.15498154981549817,0.1511627906976744,0.10256410256410256,0.08139534883720931,0.19791666666666666,0.2198952879581152,0.19718309859154928,0.2311111111111111,0.2288135593220339,0.17937219730941703,0.1870967741935484,0.234375,0.21929824561403508,0.21212121212121213,0.3125,0.23255813953488372,0.22119815668202766,0.22641509433962265,0.228310502283105,0.25149700598802394,0.2222222222222222,0.20202020202020202,0.06818181818181818,0.08270676691729323,0.2358974358974359,0.09523809523809523,0.17511520737327188,0.2131979695431472,0.11940298507462686,0.24175824175824176,0.21105527638190955,0.1984126984126984,0.2413793103448276,0.21176470588235294,0.2057142857142857,0.21674876847290642,0.27488151658767773,0.18181818181818182,0.3352601156069364,0.26666666666666666,0.17177914110429449,0.24528301886792453,0.08069164265129683,0.2275449101796407,0.2153846153846154,0.24120603015075376,0.19900497512437812,0.19008264462809918,0.20952380952380953,0.18340611353711792,0.1780821917808219,0.2672811059907834,0.0767590618336887,0.23580786026200873,0.19626168224299065,0.21904761904761905,0.20444444444444446,0.24299065420560748,0.25806451612903225,0.1796875,0.20481927710843373,0.21495327102803738,0.24864864864864866,0.19444444444444445,0.11609498680738786,0.20833333333333334,0.3333333333333333,0.27932960893854747,0.10526315789473684,0.24734982332155478,0.22346368715083798,0.19653179190751446,0.25663716814159293,0.1958762886597938,0.22448979591836735,0.21782178217821782,0.23423423423423423,0.2222222222222222,0.2048780487804878,0.22085889570552147,0.2731707317073171,0.3192488262910798,0.2311111111111111,0.26459143968871596,0.2318840579710145,0.1885245901639344,0.3076923076923077,0.24413145539906103,0.18666666666666668,0.20491803278688525,0.22110552763819097,0.2297872340425532,0.22672064777327935,0.20920502092050208,0.2183406113537118,0.21153846153846154,0.2857142857142857,0.19801980198019803,0.22123893805309736,0.20512820512820512,0.1935483870967742,0.26291079812206575,0.16153846153846155,0.208955223880597,0.26732673267326734,0.21940928270042195,0.15841584158415842,0.2033898305084746,0.2426470588235294,0.19791666666666666,0.2634146341463415,0.2109704641350211,0.2109704641350211,0.2311111111111111,0.17525773195876287,0.216,0.23963133640552994,0.2931937172774869,0.248,0.2891566265060241,0.23923444976076555,0.22772277227722773,0.24630541871921183,0.24630541871921183,0.22564102564102564,0.24107142857142858,0.1935483870967742,0.32142857142857145,0.19827586206896552,0.2183406113537118,0.1651376146788991,0.26540284360189575,0.24892703862660945,0.2542372881355932,0.33620689655172414,0.2072072072072072,0.2509505703422053,0.17073170731707318,0.22857142857142856,0.31297709923664124,0.1897810218978102,0.18947368421052632,0.2555066079295154,0.27049180327868855,0.12903225806451613,0.22040816326530613,0.17272727272727273,0.19834710743801653,0.2366412213740458,0.2577777777777778,0.24,0.22608695652173913,0.18181818181818182,0.3147208121827411,0.2175732217573222,0.23140495867768596,0.2196078431372549,0.2037735849056604,0.15384615384615385,0.20535714285714285,0.19830028328611898,0.2304147465437788,0.2540983606557377,0.21574344023323616,0.13471502590673576,0.2644628099173554,0.3293172690763052,0.18110236220472442,0.23529411764705882,0.2127659574468085,0.21754385964912282,0.2616822429906542,0.17670682730923695,0.2608695652173913,0.2304147465437788,0.23,0.2555066079295154,0.2561576354679803,0.26881720430107525,0.23076923076923078,0.13402061855670103,0.15261044176706828,0.2644628099173554,0.29535864978902954,0.22018348623853212,0.216,0.1784037558685446,0.24107142857142858,0.28444444444444444,0.24074074074074073,0.1721311475409836,0.21739130434782608,0.1978798586572438,0.17307692307692307,0.2247191011235955,0.22745098039215686,0.27751196172248804,0.15789473684210525,0.2755102040816326,0.18326693227091634,0.23904382470119523,0.20233463035019456,0.301255230125523,1.0,0.19883040935672514
85668777,0.16593886462882096,0.16759776536312848,0.2,0.09615384615384616,0.11695906432748537,0.18947368421052632,0.15942028985507245,0.1830065359477124,0.14782608695652175,0.34210526315789475,0.14285714285714285,0.1317365269461078,0.13333333333333333,0.21212121212121213,0.1504424778761062,0.14193548387096774,0.0873015873015873,0.1437908496732026,0.145985401459854,0.11764705882352941,0.21965317919075145,0.2441860465116279,0.18556701030927836,0.1553398058252427,0.18433179723502305,0.20588235294117646,0.15120274914089346,0.18565400843881857,0.1339712918660287,0.22346368715083798,0.18497109826589594,0.14225941422594143,0.16161616161616163,0.13008130081300814,0.13,0.14864864864864866,0.2011173184357542,0.22346368715083798,0.15286624203821655,0.1862348178137652,0.18181818181818182,0.11320754716981132,0.20202020202020202,0.15730337078651685,0.10434782608695652,0.15950920245398773,0.16666666666666666,0.13733905579399142,0.14193548387096774,0.15894039735099338,0.1282051282051282,0.20652173913043478,0.22916666666666666,0.18867924528301888,0.14285714285714285,0.15706806282722513,0.1527777777777778,0.15544041450777202,0.0975609756097561,0.13513513513513514,0.16339869281045752,0.14444444444444443,0.15384615384615385,0.13452914798206278,0.17801047120418848,0.14285714285714285,0.1889763779527559,0.12121212121212122,0.08444444444444445,0.14285714285714285,0.1641025641025641,0.23036649214659685,0.1553398058252427,0.17435897435897435,0.2183406113537118,0.12658227848101267,0.1597444089456869,0.2153846153846154,0.1927710843373494,0.2233502538071066,0.1,0.15028901734104047,0.2111801242236025,0.2375,0.14473684210526316,0.14393939393939395,0.1625,0.18181818181818182,0.1932367149758454,0.17142857142857143,0.13559322033898305,0.12021857923497267,0.16748768472906403,0.14285714285714285,0.13978494623655913,0.16666666666666666,0.1827956989247312,0.13402061855670103,0.13592233009708737,0.19327731092436976,0.13829787234042554,0.17777777777777778,0.19631901840490798,0.1958762886597938,0.11650485436893204,0.13333333333333333,0.13333333333333333,0.16666666666666666,0.14912280701754385,0.17272727272727273,0.17142857142857143,0.15873015873015872,0.13131313131313133,0.18579234972677597,0.15458937198067632,0.13953488372093023,0.12307692307692308,0.16494845360824742,0.11618257261410789,0.14285714285714285,0.16393442622950818,0.13761467889908258,0.09836065573770492,0.1382488479262673,0.1422924901185771,0.15028901734104047,0.22580645161290322,0.14678899082568808,0.12844036697247707,0.14563106796116504,0.14857142857142858,0.1471861471861472,0.13131313131313133,0.1744186046511628,0.12987012987012986,0.17391304347826086,0.14736842105263157,0.15300546448087432,0.16304347826086957,0.14130434782608695,0.18181818181818182,0.16585365853658537,0.1111111111111111,0.17560975609756097,0.15023474178403756,0.17142857142857143,0.1407035175879397,0.20833333333333334,0.14953271028037382,0.14746543778801843,0.13145539906103287,0.15763546798029557,0.13114754098360656,0.20689655172413793,0.1504424778761062,0.13991769547325103,0.14901960784313725,0.24561403508771928,0.16346153846153846,0.1511111111111111,0.10101010101010101,0.1504424778761062,0.21890547263681592,0.12556053811659193,0.13168724279835392,0.17475728155339806,0.16574585635359115,0.24644549763033174,0.1791044776119403,0.1797752808988764,0.15454545454545454,0.16143497757847533,0.1440677966101695,0.14634146341463414,0.19534883720930232,0.25365853658536586,0.16167664670658682,0.18181818181818182,0.13333333333333333,0.12345679012345678,0.11494252873563218,0.09865470852017937,0.1565217391304348,0.0851063829787234,0.1694915254237288,0.12962962962962962,0.15037593984962405,0.2153846153846154,0.11304347826086956,0.1595744680851064,0.1717171717171717,0.143646408839779,0.1346153846153846,0.15217391304347827,0.19161676646706588,0.12698412698412698,0.14857142857142858,0.11304347826086956,0.19730941704035873,0.1834862385321101,0.1507537688442211,0.15584415584415584,0.16494845360824742,0.15609756097560976,0.18446601941747573,0.18274111675126903,0.17777777777777778,0.16113744075829384,0.15151515151515152,0.13756613756613756,0.13709677419354838,0.1440677966101695,0.21052631578947367,0.21052631578947367,0.24858757062146894,0.1810344827586207,0.16379310344827586,0.14285714285714285,0.15454545454545454,0.19883040935672514,1.0
